ISO-10303-21;
HEADER;
FILE_DESCRIPTION(('KiCad electronic assembly'),'2;1');
FILE_NAME('Minerva-Face.step','2026-07-22T18:14:39',('Pcbnew'),('Kicad')
  ,'Open CASCADE STEP processor 7.9','KiCad to STEP converter','Unknown'
  );
FILE_SCHEMA(('AUTOMOTIVE_DESIGN { 1 0 10303 214 1 1 1 1 }'));
ENDSEC;
DATA;
#1 = APPLICATION_PROTOCOL_DEFINITION('international standard',
  'automotive_design',2000,#2);
#2 = APPLICATION_CONTEXT(
  'core data for automotive mechanical design processes');
#3 = SHAPE_DEFINITION_REPRESENTATION(#4,#10);
#4 = PRODUCT_DEFINITION_SHAPE('','',#5);
#5 = PRODUCT_DEFINITION('design','',#6,#9);
#6 = PRODUCT_DEFINITION_FORMATION('','',#7);
#7 = PRODUCT('Minerva-Face 1','Minerva-Face 1','',(#8));
#8 = PRODUCT_CONTEXT('',#2,'mechanical');
#9 = PRODUCT_DEFINITION_CONTEXT('part definition',#2,'design');
#10 = SHAPE_REPRESENTATION('',(#11,#15,#19,#23,#27,#31,#35,#39,#43,#47,
    #51,#55,#59,#63,#67,#71),#75);
#11 = AXIS2_PLACEMENT_3D('',#12,#13,#14);
#12 = CARTESIAN_POINT('',(0.,0.,0.));
#13 = DIRECTION('',(0.,0.,1.));
#14 = DIRECTION('',(1.,0.,-0.));
#15 = AXIS2_PLACEMENT_3D('',#16,#17,#18);
#16 = CARTESIAN_POINT('',(139.753,-47.747,1.595));
#17 = DIRECTION('',(0.,0.,1.));
#18 = DIRECTION('',(1.,0.,0.));
#19 = AXIS2_PLACEMENT_3D('',#20,#21,#22);
#20 = CARTESIAN_POINT('',(37.,-68.,1.595));
#21 = DIRECTION('',(0.,0.,1.));
#22 = DIRECTION('',(1.,0.,0.));
#23 = AXIS2_PLACEMENT_3D('',#24,#25,#26);
#24 = CARTESIAN_POINT('',(139.753,-68.253,1.595));
#25 = DIRECTION('',(0.,0.,1.));
#26 = DIRECTION('',(1.,0.,0.));
#27 = AXIS2_PLACEMENT_3D('',#28,#29,#30);
#28 = CARTESIAN_POINT('',(69.,-87.,1.595));
#29 = DIRECTION('',(0.,0.,1.));
#30 = DIRECTION('',(1.,0.,0.));
#31 = AXIS2_PLACEMENT_3D('',#32,#33,#34);
#32 = CARTESIAN_POINT('',(80.,-87.,1.595));
#33 = DIRECTION('',(0.,0.,1.));
#34 = DIRECTION('',(1.,0.,0.));
#35 = AXIS2_PLACEMENT_3D('',#36,#37,#38);
#36 = CARTESIAN_POINT('',(150.006,-58.,1.595));
#37 = DIRECTION('',(0.,0.,1.));
#38 = DIRECTION('',(1.,0.,0.));
#39 = AXIS2_PLACEMENT_3D('',#40,#41,#42);
#40 = CARTESIAN_POINT('',(91.,-87.,1.595));
#41 = DIRECTION('',(0.,0.,1.));
#42 = DIRECTION('',(1.,0.,0.));
#43 = AXIS2_PLACEMENT_3D('',#44,#45,#46);
#44 = CARTESIAN_POINT('',(27.,-58.,1.595));
#45 = DIRECTION('',(0.,0.,1.));
#46 = DIRECTION('',(1.,0.,0.));
#47 = AXIS2_PLACEMENT_3D('',#48,#49,#50);
#48 = CARTESIAN_POINT('',(37.,-48.,1.595));
#49 = DIRECTION('',(0.,0.,1.));
#50 = DIRECTION('',(1.,0.,0.));
#51 = AXIS2_PLACEMENT_3D('',#52,#53,#54);
#52 = CARTESIAN_POINT('',(47.,-58.,1.595));
#53 = DIRECTION('',(0.,0.,1.));
#54 = DIRECTION('',(1.,0.,0.));
#55 = AXIS2_PLACEMENT_3D('',#56,#57,#58);
#56 = CARTESIAN_POINT('',(129.5,-58.,1.595));
#57 = DIRECTION('',(0.,0.,1.));
#58 = DIRECTION('',(1.,0.,0.));
#59 = AXIS2_PLACEMENT_3D('',#60,#61,#62);
#60 = CARTESIAN_POINT('',(89.,-52.,-8.5E-02));
#61 = DIRECTION('',(1.499759782662E-32,1.224646799147E-16,-1.));
#62 = DIRECTION('',(-1.,1.224646799147E-16,0.));
#63 = AXIS2_PLACEMENT_3D('',#64,#65,#66);
#64 = CARTESIAN_POINT('',(89.,-23.,-8.5E-02));
#65 = DIRECTION('',(1.499759782662E-32,1.224646799147E-16,-1.));
#66 = DIRECTION('',(-1.,1.224646799147E-16,0.));
#67 = AXIS2_PLACEMENT_3D('',#68,#69,#70);
#68 = CARTESIAN_POINT('',(110.,-86.,-8.5E-02));
#69 = DIRECTION('',(1.224646799147E-16,-1.359631073447E-32,-1.));
#70 = DIRECTION('',(1.110223024625E-16,1.,0.));
#71 = AXIS2_PLACEMENT_3D('',#72,#73,#74);
#72 = CARTESIAN_POINT('',(0.,0.,0.));
#73 = DIRECTION('',(0.,0.,1.));
#74 = DIRECTION('',(1.,0.,-0.));
#75 = ( GEOMETRIC_REPRESENTATION_CONTEXT(3) 
GLOBAL_UNCERTAINTY_ASSIGNED_CONTEXT((#79)) GLOBAL_UNIT_ASSIGNED_CONTEXT(
(#76,#77,#78)) REPRESENTATION_CONTEXT('Context #1',
  '3D Context with UNIT and UNCERTAINTY') );
#76 = ( LENGTH_UNIT() NAMED_UNIT(*) SI_UNIT(.MILLI.,.METRE.) );
#77 = ( NAMED_UNIT(*) PLANE_ANGLE_UNIT() SI_UNIT($,.RADIAN.) );
#78 = ( NAMED_UNIT(*) SI_UNIT($,.STERADIAN.) SOLID_ANGLE_UNIT() );
#79 = UNCERTAINTY_MEASURE_WITH_UNIT(LENGTH_MEASURE(1.E-07),#76,
  'distance_accuracy_value','confusion accuracy');
#80 = PRODUCT_RELATED_PRODUCT_CATEGORY('part',$,(#7));
#81 = SHAPE_DEFINITION_REPRESENTATION(#82,#88);
#82 = PRODUCT_DEFINITION_SHAPE('','',#83);
#83 = PRODUCT_DEFINITION('design','',#84,#87);
#84 = PRODUCT_DEFINITION_FORMATION('','',#85);
#85 = PRODUCT('SW_SPST_SKQG_WithStem','SW_SPST_SKQG_WithStem','',(#86));
#86 = PRODUCT_CONTEXT('',#2,'mechanical');
#87 = PRODUCT_DEFINITION_CONTEXT('part definition',#2,'design');
#88 = SHAPE_REPRESENTATION('',(#11,#89),#93);
#89 = AXIS2_PLACEMENT_3D('',#90,#91,#92);
#90 = CARTESIAN_POINT('',(0.,0.,0.));
#91 = DIRECTION('',(0.,0.,1.));
#92 = DIRECTION('',(1.,0.,-0.));
#93 = ( GEOMETRIC_REPRESENTATION_CONTEXT(3) 
GLOBAL_UNCERTAINTY_ASSIGNED_CONTEXT((#97)) GLOBAL_UNIT_ASSIGNED_CONTEXT(
(#94,#95,#96)) REPRESENTATION_CONTEXT('Context #1',
  '3D Context with UNIT and UNCERTAINTY') );
#94 = ( LENGTH_UNIT() NAMED_UNIT(*) SI_UNIT(.MILLI.,.METRE.) );
#95 = ( NAMED_UNIT(*) PLANE_ANGLE_UNIT() SI_UNIT($,.RADIAN.) );
#96 = ( NAMED_UNIT(*) SI_UNIT($,.STERADIAN.) SOLID_ANGLE_UNIT() );
#97 = UNCERTAINTY_MEASURE_WITH_UNIT(LENGTH_MEASURE(1.E-07),#94,
  'distance_accuracy_value','confusion accuracy');
#98 = CONTEXT_DEPENDENT_SHAPE_REPRESENTATION(#99,#101);
#99 = ( REPRESENTATION_RELATIONSHIP('','',#88,#10) 
REPRESENTATION_RELATIONSHIP_WITH_TRANSFORMATION(#100) 
SHAPE_REPRESENTATION_RELATIONSHIP() );
#100 = ITEM_DEFINED_TRANSFORMATION('','',#11,#15);
#101 = PRODUCT_DEFINITION_SHAPE('Placement','Placement of an item',#102
  );
#102 = NEXT_ASSEMBLY_USAGE_OCCURRENCE('2','SW4','',#5,#83,$);
#103 = PRODUCT_RELATED_PRODUCT_CATEGORY('part',$,(#85));
#104 = SHAPE_DEFINITION_REPRESENTATION(#105,#111);
#105 = PRODUCT_DEFINITION_SHAPE('','',#106);
#106 = PRODUCT_DEFINITION('design','',#107,#110);
#107 = PRODUCT_DEFINITION_FORMATION('','',#108);
#108 = PRODUCT('SW_SPST_SKQG_WithStem','SW_SPST_SKQG_WithStem','',(#109)
  );
#109 = PRODUCT_CONTEXT('',#2,'mechanical');
#110 = PRODUCT_DEFINITION_CONTEXT('part definition',#2,'design');
#111 = ADVANCED_BREP_SHAPE_REPRESENTATION('',(#11,#112),#4184);
#112 = MANIFOLD_SOLID_BREP('',#113);
#113 = CLOSED_SHELL('',(#114,#186,#235,#325,#415,#457,#499,#589,#679,
    #714,#746,#770,#795,#844,#900,#916,#932,#963,#994,#1086,#1110,#1195,
    #1251,#1300,#1316,#1332,#1363,#1394,#1486,#1510,#1595,#1620,#1644,
    #1669,#1701,#1725,#1743,#1799,#1848,#1864,#1880,#1911,#1942,#2034,
    #2058,#2143,#2199,#2248,#2264,#2280,#2311,#2342,#2434,#2458,#2543,
    #2568,#2592,#2610,#2629,#2646,#2799,#2811,#2823,#2840,#2854,#2871,
    #2893,#2910,#2927,#2944,#2956,#2973,#2990,#3002,#3014,#3031,#3045,
    #3057,#3074,#3096,#3113,#3130,#3147,#3159,#3176,#3193,#3205,#3217,
    #3234,#3248,#3260,#3277,#3299,#3316,#3333,#3345,#3362,#3379,#3396,
    #3408,#3420,#3432,#3449,#3471,#3488,#3505,#3522,#3534,#3551,#3568,
    #3580,#3629,#3653,#3695,#3719,#3761,#3785,#3827,#3844,#3879,#3904,
    #3931,#3956,#3983,#4018,#4035,#4052,#4079,#4104,#4124,#4149,#4175));
#114 = ADVANCED_FACE('',(#115),#181,.F.);
#115 = FACE_BOUND('',#116,.F.);
#116 = EDGE_LOOP('',(#117,#127,#135,#143,#151,#159,#167,#175));
#117 = ORIENTED_EDGE('',*,*,#118,.T.);
#118 = EDGE_CURVE('',#119,#121,#123,.T.);
#119 = VERTEX_POINT('',#120);
#120 = CARTESIAN_POINT('',(-2.5,1.5,0.));
#121 = VERTEX_POINT('',#122);
#122 = CARTESIAN_POINT('',(-2.5,-1.5,0.));
#123 = LINE('',#124,#125);
#124 = CARTESIAN_POINT('',(-2.5,2.5,0.));
#125 = VECTOR('',#126,1.);
#126 = DIRECTION('',(0.,-1.,0.));
#127 = ORIENTED_EDGE('',*,*,#128,.F.);
#128 = EDGE_CURVE('',#129,#121,#131,.T.);
#129 = VERTEX_POINT('',#130);
#130 = CARTESIAN_POINT('',(-1.5,-2.5,0.));
#131 = LINE('',#132,#133);
#132 = CARTESIAN_POINT('',(-2.,-2.,0.));
#133 = VECTOR('',#134,1.);
#134 = DIRECTION('',(-0.707106781187,0.707106781187,0.));
#135 = ORIENTED_EDGE('',*,*,#136,.T.);
#136 = EDGE_CURVE('',#129,#137,#139,.T.);
#137 = VERTEX_POINT('',#138);
#138 = CARTESIAN_POINT('',(1.5,-2.5,0.));
#139 = LINE('',#140,#141);
#140 = CARTESIAN_POINT('',(-2.5,-2.5,0.));
#141 = VECTOR('',#142,1.);
#142 = DIRECTION('',(1.,0.,0.));
#143 = ORIENTED_EDGE('',*,*,#144,.F.);
#144 = EDGE_CURVE('',#145,#137,#147,.T.);
#145 = VERTEX_POINT('',#146);
#146 = CARTESIAN_POINT('',(2.5,-1.5,0.));
#147 = LINE('',#148,#149);
#148 = CARTESIAN_POINT('',(2.,-2.,0.));
#149 = VECTOR('',#150,1.);
#150 = DIRECTION('',(-0.707106781187,-0.707106781187,0.));
#151 = ORIENTED_EDGE('',*,*,#152,.T.);
#152 = EDGE_CURVE('',#145,#153,#155,.T.);
#153 = VERTEX_POINT('',#154);
#154 = CARTESIAN_POINT('',(2.5,1.5,0.));
#155 = LINE('',#156,#157);
#156 = CARTESIAN_POINT('',(2.5,-2.5,0.));
#157 = VECTOR('',#158,1.);
#158 = DIRECTION('',(0.,1.,0.));
#159 = ORIENTED_EDGE('',*,*,#160,.T.);
#160 = EDGE_CURVE('',#153,#161,#163,.T.);
#161 = VERTEX_POINT('',#162);
#162 = CARTESIAN_POINT('',(1.5,2.5,0.));
#163 = LINE('',#164,#165);
#164 = CARTESIAN_POINT('',(2.,2.,0.));
#165 = VECTOR('',#166,1.);
#166 = DIRECTION('',(-0.707106781187,0.707106781187,0.));
#167 = ORIENTED_EDGE('',*,*,#168,.T.);
#168 = EDGE_CURVE('',#161,#169,#171,.T.);
#169 = VERTEX_POINT('',#170);
#170 = CARTESIAN_POINT('',(-1.5,2.5,0.));
#171 = LINE('',#172,#173);
#172 = CARTESIAN_POINT('',(2.5,2.5,0.));
#173 = VECTOR('',#174,1.);
#174 = DIRECTION('',(-1.,0.,0.));
#175 = ORIENTED_EDGE('',*,*,#176,.F.);
#176 = EDGE_CURVE('',#119,#169,#177,.T.);
#177 = LINE('',#178,#179);
#178 = CARTESIAN_POINT('',(-2.,2.,0.));
#179 = VECTOR('',#180,1.);
#180 = DIRECTION('',(0.707106781187,0.707106781187,0.));
#181 = PLANE('',#182);
#182 = AXIS2_PLACEMENT_3D('',#183,#184,#185);
#183 = CARTESIAN_POINT('',(0.,0.,0.));
#184 = DIRECTION('',(0.,0.,1.));
#185 = DIRECTION('',(1.,0.,-0.));
#186 = ADVANCED_FACE('',(#187),#230,.F.);
#187 = FACE_BOUND('',#188,.F.);
#188 = EDGE_LOOP('',(#189,#190,#198,#207,#215,#224));
#189 = ORIENTED_EDGE('',*,*,#118,.F.);
#190 = ORIENTED_EDGE('',*,*,#191,.T.);
#191 = EDGE_CURVE('',#119,#192,#194,.T.);
#192 = VERTEX_POINT('',#193);
#193 = CARTESIAN_POINT('',(-2.5,1.5,0.6));
#194 = LINE('',#195,#196);
#195 = CARTESIAN_POINT('',(-2.5,1.5,0.));
#196 = VECTOR('',#197,1.);
#197 = DIRECTION('',(0.,0.,1.));
#198 = ORIENTED_EDGE('',*,*,#199,.T.);
#199 = EDGE_CURVE('',#192,#200,#202,.T.);
#200 = VERTEX_POINT('',#201);
#201 = CARTESIAN_POINT('',(-2.5,1.,0.1));
#202 = CIRCLE('',#203,0.5);
#203 = AXIS2_PLACEMENT_3D('',#204,#205,#206);
#204 = CARTESIAN_POINT('',(-2.5,1.,0.6));
#205 = DIRECTION('',(-1.,1.224646799147E-16,0.));
#206 = DIRECTION('',(0.,0.,1.));
#207 = ORIENTED_EDGE('',*,*,#208,.F.);
#208 = EDGE_CURVE('',#209,#200,#211,.T.);
#209 = VERTEX_POINT('',#210);
#210 = CARTESIAN_POINT('',(-2.5,-1.,0.1));
#211 = LINE('',#212,#213);
#212 = CARTESIAN_POINT('',(-2.5,-1.,0.1));
#213 = VECTOR('',#214,1.);
#214 = DIRECTION('',(1.224646799147E-16,1.,0.));
#215 = ORIENTED_EDGE('',*,*,#216,.F.);
#216 = EDGE_CURVE('',#217,#209,#219,.T.);
#217 = VERTEX_POINT('',#218);
#218 = CARTESIAN_POINT('',(-2.5,-1.5,0.6));
#219 = CIRCLE('',#220,0.5);
#220 = AXIS2_PLACEMENT_3D('',#221,#222,#223);
#221 = CARTESIAN_POINT('',(-2.5,-1.,0.6));
#222 = DIRECTION('',(1.,-1.224646799147E-16,0.));
#223 = DIRECTION('',(0.,0.,1.));
#224 = ORIENTED_EDGE('',*,*,#225,.F.);
#225 = EDGE_CURVE('',#121,#217,#226,.T.);
#226 = LINE('',#227,#228);
#227 = CARTESIAN_POINT('',(-2.5,-1.5,0.));
#228 = VECTOR('',#229,1.);
#229 = DIRECTION('',(0.,0.,1.));
#230 = PLANE('',#231);
#231 = AXIS2_PLACEMENT_3D('',#232,#233,#234);
#232 = CARTESIAN_POINT('',(-2.5,2.5,0.));
#233 = DIRECTION('',(1.,0.,0.));
#234 = DIRECTION('',(0.,-1.,0.));
#235 = ADVANCED_FACE('',(#236,#286),#320,.T.);
#236 = FACE_BOUND('',#237,.T.);
#237 = EDGE_LOOP('',(#238,#239,#240,#248,#256,#264,#272,#280));
#238 = ORIENTED_EDGE('',*,*,#176,.F.);
#239 = ORIENTED_EDGE('',*,*,#191,.T.);
#240 = ORIENTED_EDGE('',*,*,#241,.T.);
#241 = EDGE_CURVE('',#192,#242,#244,.T.);
#242 = VERTEX_POINT('',#243);
#243 = CARTESIAN_POINT('',(-2.5,1.5,0.7));
#244 = LINE('',#245,#246);
#245 = CARTESIAN_POINT('',(-2.5,1.5,0.));
#246 = VECTOR('',#247,1.);
#247 = DIRECTION('',(0.,0.,1.));
#248 = ORIENTED_EDGE('',*,*,#249,.T.);
#249 = EDGE_CURVE('',#242,#250,#252,.T.);
#250 = VERTEX_POINT('',#251);
#251 = CARTESIAN_POINT('',(-2.1,1.9,0.7));
#252 = LINE('',#253,#254);
#253 = CARTESIAN_POINT('',(-2.,2.,0.7));
#254 = VECTOR('',#255,1.);
#255 = DIRECTION('',(0.707106781187,0.707106781187,0.));
#256 = ORIENTED_EDGE('',*,*,#257,.T.);
#257 = EDGE_CURVE('',#250,#258,#260,.T.);
#258 = VERTEX_POINT('',#259);
#259 = CARTESIAN_POINT('',(-1.9,2.1,0.7));
#260 = LINE('',#261,#262);
#261 = CARTESIAN_POINT('',(-2.,2.,0.7));
#262 = VECTOR('',#263,1.);
#263 = DIRECTION('',(0.707106781187,0.707106781187,0.));
#264 = ORIENTED_EDGE('',*,*,#265,.T.);
#265 = EDGE_CURVE('',#258,#266,#268,.T.);
#266 = VERTEX_POINT('',#267);
#267 = CARTESIAN_POINT('',(-1.5,2.5,0.7));
#268 = LINE('',#269,#270);
#269 = CARTESIAN_POINT('',(-2.,2.,0.7));
#270 = VECTOR('',#271,1.);
#271 = DIRECTION('',(0.707106781187,0.707106781187,0.));
#272 = ORIENTED_EDGE('',*,*,#273,.F.);
#273 = EDGE_CURVE('',#274,#266,#276,.T.);
#274 = VERTEX_POINT('',#275);
#275 = CARTESIAN_POINT('',(-1.5,2.5,0.5));
#276 = LINE('',#277,#278);
#277 = CARTESIAN_POINT('',(-1.5,2.5,0.));
#278 = VECTOR('',#279,1.);
#279 = DIRECTION('',(0.,0.,1.));
#280 = ORIENTED_EDGE('',*,*,#281,.F.);
#281 = EDGE_CURVE('',#169,#274,#282,.T.);
#282 = LINE('',#283,#284);
#283 = CARTESIAN_POINT('',(-1.5,2.5,0.));
#284 = VECTOR('',#285,1.);
#285 = DIRECTION('',(0.,0.,1.));
#286 = FACE_BOUND('',#287,.T.);
#287 = EDGE_LOOP('',(#288,#298,#306,#314));
#288 = ORIENTED_EDGE('',*,*,#289,.F.);
#289 = EDGE_CURVE('',#290,#292,#294,.T.);
#290 = VERTEX_POINT('',#291);
#291 = CARTESIAN_POINT('',(-1.9,2.1,0.25));
#292 = VERTEX_POINT('',#293);
#293 = CARTESIAN_POINT('',(-2.4,1.6,0.25));
#294 = LINE('',#295,#296);
#295 = CARTESIAN_POINT('',(-2.193796665193,1.806203334807,0.25));
#296 = VECTOR('',#297,1.);
#297 = DIRECTION('',(-0.707106781187,-0.707106781187,1.601891071945E-17)
  );
#298 = ORIENTED_EDGE('',*,*,#299,.T.);
#299 = EDGE_CURVE('',#290,#300,#302,.T.);
#300 = VERTEX_POINT('',#301);
#301 = CARTESIAN_POINT('',(-1.9,2.1,0.35));
#302 = LINE('',#303,#304);
#303 = CARTESIAN_POINT('',(-1.9,2.1,0.120588145369));
#304 = VECTOR('',#305,1.);
#305 = DIRECTION('',(0.,0.,1.));
#306 = ORIENTED_EDGE('',*,*,#307,.F.);
#307 = EDGE_CURVE('',#308,#300,#310,.T.);
#308 = VERTEX_POINT('',#309);
#309 = CARTESIAN_POINT('',(-2.4,1.6,0.35));
#310 = LINE('',#311,#312);
#311 = CARTESIAN_POINT('',(-1.8875,2.1125,0.35));
#312 = VECTOR('',#313,1.);
#313 = DIRECTION('',(0.707106781187,0.707106781187,-0.));
#314 = ORIENTED_EDGE('',*,*,#315,.F.);
#315 = EDGE_CURVE('',#292,#308,#316,.T.);
#316 = LINE('',#317,#318);
#317 = CARTESIAN_POINT('',(-2.4,1.6,0.120588145369));
#318 = VECTOR('',#319,1.);
#319 = DIRECTION('',(0.,0.,1.));
#320 = PLANE('',#321);
#321 = AXIS2_PLACEMENT_3D('',#322,#323,#324);
#322 = CARTESIAN_POINT('',(-2.,2.,0.));
#323 = DIRECTION('',(-0.707106781187,0.707106781187,0.));
#324 = DIRECTION('',(0.,0.,1.));
#325 = ADVANCED_FACE('',(#326,#376),#410,.T.);
#326 = FACE_BOUND('',#327,.T.);
#327 = EDGE_LOOP('',(#328,#329,#337,#345,#353,#361,#369,#375));
#328 = ORIENTED_EDGE('',*,*,#128,.F.);
#329 = ORIENTED_EDGE('',*,*,#330,.T.);
#330 = EDGE_CURVE('',#129,#331,#333,.T.);
#331 = VERTEX_POINT('',#332);
#332 = CARTESIAN_POINT('',(-1.5,-2.5,0.5));
#333 = LINE('',#334,#335);
#334 = CARTESIAN_POINT('',(-1.5,-2.5,0.));
#335 = VECTOR('',#336,1.);
#336 = DIRECTION('',(0.,0.,1.));
#337 = ORIENTED_EDGE('',*,*,#338,.T.);
#338 = EDGE_CURVE('',#331,#339,#341,.T.);
#339 = VERTEX_POINT('',#340);
#340 = CARTESIAN_POINT('',(-1.5,-2.5,0.7));
#341 = LINE('',#342,#343);
#342 = CARTESIAN_POINT('',(-1.5,-2.5,0.));
#343 = VECTOR('',#344,1.);
#344 = DIRECTION('',(0.,0.,1.));
#345 = ORIENTED_EDGE('',*,*,#346,.T.);
#346 = EDGE_CURVE('',#339,#347,#349,.T.);
#347 = VERTEX_POINT('',#348);
#348 = CARTESIAN_POINT('',(-1.9,-2.1,0.7));
#349 = LINE('',#350,#351);
#350 = CARTESIAN_POINT('',(-2.,-2.,0.7));
#351 = VECTOR('',#352,1.);
#352 = DIRECTION('',(-0.707106781187,0.707106781187,0.));
#353 = ORIENTED_EDGE('',*,*,#354,.T.);
#354 = EDGE_CURVE('',#347,#355,#357,.T.);
#355 = VERTEX_POINT('',#356);
#356 = CARTESIAN_POINT('',(-2.1,-1.9,0.7));
#357 = LINE('',#358,#359);
#358 = CARTESIAN_POINT('',(-2.,-2.,0.7));
#359 = VECTOR('',#360,1.);
#360 = DIRECTION('',(-0.707106781187,0.707106781187,0.));
#361 = ORIENTED_EDGE('',*,*,#362,.T.);
#362 = EDGE_CURVE('',#355,#363,#365,.T.);
#363 = VERTEX_POINT('',#364);
#364 = CARTESIAN_POINT('',(-2.5,-1.5,0.7));
#365 = LINE('',#366,#367);
#366 = CARTESIAN_POINT('',(-2.,-2.,0.7));
#367 = VECTOR('',#368,1.);
#368 = DIRECTION('',(-0.707106781187,0.707106781187,0.));
#369 = ORIENTED_EDGE('',*,*,#370,.F.);
#370 = EDGE_CURVE('',#217,#363,#371,.T.);
#371 = LINE('',#372,#373);
#372 = CARTESIAN_POINT('',(-2.5,-1.5,0.));
#373 = VECTOR('',#374,1.);
#374 = DIRECTION('',(0.,0.,1.));
#375 = ORIENTED_EDGE('',*,*,#225,.F.);
#376 = FACE_BOUND('',#377,.T.);
#377 = EDGE_LOOP('',(#378,#388,#396,#404));
#378 = ORIENTED_EDGE('',*,*,#379,.F.);
#379 = EDGE_CURVE('',#380,#382,#384,.T.);
#380 = VERTEX_POINT('',#381);
#381 = CARTESIAN_POINT('',(-2.4,-1.6,0.25));
#382 = VERTEX_POINT('',#383);
#383 = CARTESIAN_POINT('',(-1.9,-2.1,0.25));
#384 = LINE('',#385,#386);
#385 = CARTESIAN_POINT('',(-2.193796665193,-1.806203334807,0.25));
#386 = VECTOR('',#387,1.);
#387 = DIRECTION('',(0.707106781187,-0.707106781187,-1.601891071945E-17)
  );
#388 = ORIENTED_EDGE('',*,*,#389,.T.);
#389 = EDGE_CURVE('',#380,#390,#392,.T.);
#390 = VERTEX_POINT('',#391);
#391 = CARTESIAN_POINT('',(-2.4,-1.6,0.35));
#392 = LINE('',#393,#394);
#393 = CARTESIAN_POINT('',(-2.4,-1.6,0.120588145369));
#394 = VECTOR('',#395,1.);
#395 = DIRECTION('',(0.,0.,1.));
#396 = ORIENTED_EDGE('',*,*,#397,.F.);
#397 = EDGE_CURVE('',#398,#390,#400,.T.);
#398 = VERTEX_POINT('',#399);
#399 = CARTESIAN_POINT('',(-1.9,-2.1,0.35));
#400 = LINE('',#401,#402);
#401 = CARTESIAN_POINT('',(-1.8875,-2.1125,0.35));
#402 = VECTOR('',#403,1.);
#403 = DIRECTION('',(-0.707106781187,0.707106781187,0.));
#404 = ORIENTED_EDGE('',*,*,#405,.F.);
#405 = EDGE_CURVE('',#382,#398,#406,.T.);
#406 = LINE('',#407,#408);
#407 = CARTESIAN_POINT('',(-1.9,-2.1,0.120588145369));
#408 = VECTOR('',#409,1.);
#409 = DIRECTION('',(0.,0.,1.));
#410 = PLANE('',#411);
#411 = AXIS2_PLACEMENT_3D('',#412,#413,#414);
#412 = CARTESIAN_POINT('',(-2.,-2.,0.));
#413 = DIRECTION('',(-0.707106781187,-0.707106781187,0.));
#414 = DIRECTION('',(0.,0.,1.));
#415 = ADVANCED_FACE('',(#416),#452,.F.);
#416 = FACE_BOUND('',#417,.F.);
#417 = EDGE_LOOP('',(#418,#419,#420,#428,#437,#445));
#418 = ORIENTED_EDGE('',*,*,#281,.F.);
#419 = ORIENTED_EDGE('',*,*,#168,.F.);
#420 = ORIENTED_EDGE('',*,*,#421,.T.);
#421 = EDGE_CURVE('',#161,#422,#424,.T.);
#422 = VERTEX_POINT('',#423);
#423 = CARTESIAN_POINT('',(1.5,2.5,0.5));
#424 = LINE('',#425,#426);
#425 = CARTESIAN_POINT('',(1.5,2.5,0.));
#426 = VECTOR('',#427,1.);
#427 = DIRECTION('',(0.,0.,1.));
#428 = ORIENTED_EDGE('',*,*,#429,.T.);
#429 = EDGE_CURVE('',#422,#430,#432,.T.);
#430 = VERTEX_POINT('',#431);
#431 = CARTESIAN_POINT('',(1.4,2.5,0.4));
#432 = CIRCLE('',#433,0.1);
#433 = AXIS2_PLACEMENT_3D('',#434,#435,#436);
#434 = CARTESIAN_POINT('',(1.4,2.5,0.5));
#435 = DIRECTION('',(1.110223024625E-16,1.,-0.));
#436 = DIRECTION('',(0.,0.,1.));
#437 = ORIENTED_EDGE('',*,*,#438,.F.);
#438 = EDGE_CURVE('',#439,#430,#441,.T.);
#439 = VERTEX_POINT('',#440);
#440 = CARTESIAN_POINT('',(-1.4,2.5,0.4));
#441 = LINE('',#442,#443);
#442 = CARTESIAN_POINT('',(-1.4,2.5,0.4));
#443 = VECTOR('',#444,1.);
#444 = DIRECTION('',(1.,-1.110223024625E-16,0.));
#445 = ORIENTED_EDGE('',*,*,#446,.F.);
#446 = EDGE_CURVE('',#274,#439,#447,.T.);
#447 = CIRCLE('',#448,0.1);
#448 = AXIS2_PLACEMENT_3D('',#449,#450,#451);
#449 = CARTESIAN_POINT('',(-1.4,2.5,0.5));
#450 = DIRECTION('',(-1.110223024625E-16,-1.,0.));
#451 = DIRECTION('',(0.,0.,1.));
#452 = PLANE('',#453);
#453 = AXIS2_PLACEMENT_3D('',#454,#455,#456);
#454 = CARTESIAN_POINT('',(2.5,2.5,0.));
#455 = DIRECTION('',(0.,-1.,0.));
#456 = DIRECTION('',(-1.,0.,0.));
#457 = ADVANCED_FACE('',(#458),#494,.F.);
#458 = FACE_BOUND('',#459,.F.);
#459 = EDGE_LOOP('',(#460,#461,#462,#471,#479,#488));
#460 = ORIENTED_EDGE('',*,*,#136,.F.);
#461 = ORIENTED_EDGE('',*,*,#330,.T.);
#462 = ORIENTED_EDGE('',*,*,#463,.T.);
#463 = EDGE_CURVE('',#331,#464,#466,.T.);
#464 = VERTEX_POINT('',#465);
#465 = CARTESIAN_POINT('',(-1.4,-2.5,0.4));
#466 = CIRCLE('',#467,0.1);
#467 = AXIS2_PLACEMENT_3D('',#468,#469,#470);
#468 = CARTESIAN_POINT('',(-1.4,-2.5,0.5));
#469 = DIRECTION('',(-2.22044604925E-16,-1.,0.));
#470 = DIRECTION('',(0.,0.,1.));
#471 = ORIENTED_EDGE('',*,*,#472,.F.);
#472 = EDGE_CURVE('',#473,#464,#475,.T.);
#473 = VERTEX_POINT('',#474);
#474 = CARTESIAN_POINT('',(1.4,-2.5,0.4));
#475 = LINE('',#476,#477);
#476 = CARTESIAN_POINT('',(1.4,-2.5,0.4));
#477 = VECTOR('',#478,1.);
#478 = DIRECTION('',(-1.,2.22044604925E-16,0.));
#479 = ORIENTED_EDGE('',*,*,#480,.F.);
#480 = EDGE_CURVE('',#481,#473,#483,.T.);
#481 = VERTEX_POINT('',#482);
#482 = CARTESIAN_POINT('',(1.5,-2.5,0.5));
#483 = CIRCLE('',#484,0.1);
#484 = AXIS2_PLACEMENT_3D('',#485,#486,#487);
#485 = CARTESIAN_POINT('',(1.4,-2.5,0.5));
#486 = DIRECTION('',(2.22044604925E-16,1.,-0.));
#487 = DIRECTION('',(0.,0.,1.));
#488 = ORIENTED_EDGE('',*,*,#489,.F.);
#489 = EDGE_CURVE('',#137,#481,#490,.T.);
#490 = LINE('',#491,#492);
#491 = CARTESIAN_POINT('',(1.5,-2.5,0.));
#492 = VECTOR('',#493,1.);
#493 = DIRECTION('',(0.,0.,1.));
#494 = PLANE('',#495);
#495 = AXIS2_PLACEMENT_3D('',#496,#497,#498);
#496 = CARTESIAN_POINT('',(-2.5,-2.5,0.));
#497 = DIRECTION('',(0.,1.,0.));
#498 = DIRECTION('',(1.,0.,0.));
#499 = ADVANCED_FACE('',(#500,#550),#584,.T.);
#500 = FACE_BOUND('',#501,.F.);
#501 = EDGE_LOOP('',(#502,#503,#511,#519,#527,#535,#543,#549));
#502 = ORIENTED_EDGE('',*,*,#160,.F.);
#503 = ORIENTED_EDGE('',*,*,#504,.T.);
#504 = EDGE_CURVE('',#153,#505,#507,.T.);
#505 = VERTEX_POINT('',#506);
#506 = CARTESIAN_POINT('',(2.5,1.5,0.6));
#507 = LINE('',#508,#509);
#508 = CARTESIAN_POINT('',(2.5,1.5,0.));
#509 = VECTOR('',#510,1.);
#510 = DIRECTION('',(0.,0.,1.));
#511 = ORIENTED_EDGE('',*,*,#512,.T.);
#512 = EDGE_CURVE('',#505,#513,#515,.T.);
#513 = VERTEX_POINT('',#514);
#514 = CARTESIAN_POINT('',(2.5,1.5,0.7));
#515 = LINE('',#516,#517);
#516 = CARTESIAN_POINT('',(2.5,1.5,0.));
#517 = VECTOR('',#518,1.);
#518 = DIRECTION('',(0.,0.,1.));
#519 = ORIENTED_EDGE('',*,*,#520,.T.);
#520 = EDGE_CURVE('',#513,#521,#523,.T.);
#521 = VERTEX_POINT('',#522);
#522 = CARTESIAN_POINT('',(2.1,1.9,0.7));
#523 = LINE('',#524,#525);
#524 = CARTESIAN_POINT('',(2.,2.,0.7));
#525 = VECTOR('',#526,1.);
#526 = DIRECTION('',(-0.707106781187,0.707106781187,0.));
#527 = ORIENTED_EDGE('',*,*,#528,.T.);
#528 = EDGE_CURVE('',#521,#529,#531,.T.);
#529 = VERTEX_POINT('',#530);
#530 = CARTESIAN_POINT('',(1.9,2.1,0.7));
#531 = LINE('',#532,#533);
#532 = CARTESIAN_POINT('',(2.,2.,0.7));
#533 = VECTOR('',#534,1.);
#534 = DIRECTION('',(-0.707106781187,0.707106781187,0.));
#535 = ORIENTED_EDGE('',*,*,#536,.T.);
#536 = EDGE_CURVE('',#529,#537,#539,.T.);
#537 = VERTEX_POINT('',#538);
#538 = CARTESIAN_POINT('',(1.5,2.5,0.7));
#539 = LINE('',#540,#541);
#540 = CARTESIAN_POINT('',(2.,2.,0.7));
#541 = VECTOR('',#542,1.);
#542 = DIRECTION('',(-0.707106781187,0.707106781187,0.));
#543 = ORIENTED_EDGE('',*,*,#544,.F.);
#544 = EDGE_CURVE('',#422,#537,#545,.T.);
#545 = LINE('',#546,#547);
#546 = CARTESIAN_POINT('',(1.5,2.5,0.));
#547 = VECTOR('',#548,1.);
#548 = DIRECTION('',(0.,0.,1.));
#549 = ORIENTED_EDGE('',*,*,#421,.F.);
#550 = FACE_BOUND('',#551,.F.);
#551 = EDGE_LOOP('',(#552,#562,#570,#578));
#552 = ORIENTED_EDGE('',*,*,#553,.F.);
#553 = EDGE_CURVE('',#554,#556,#558,.T.);
#554 = VERTEX_POINT('',#555);
#555 = CARTESIAN_POINT('',(2.4,1.6,0.35));
#556 = VERTEX_POINT('',#557);
#557 = CARTESIAN_POINT('',(1.9,2.1,0.35));
#558 = LINE('',#559,#560);
#559 = CARTESIAN_POINT('',(1.8875,2.1125,0.35));
#560 = VECTOR('',#561,1.);
#561 = DIRECTION('',(-0.707106781187,0.707106781187,0.));
#562 = ORIENTED_EDGE('',*,*,#563,.T.);
#563 = EDGE_CURVE('',#554,#564,#566,.T.);
#564 = VERTEX_POINT('',#565);
#565 = CARTESIAN_POINT('',(2.4,1.6,0.25));
#566 = LINE('',#567,#568);
#567 = CARTESIAN_POINT('',(2.4,1.6,0.120588145369));
#568 = VECTOR('',#569,1.);
#569 = DIRECTION('',(0.,0.,-1.));
#570 = ORIENTED_EDGE('',*,*,#571,.F.);
#571 = EDGE_CURVE('',#572,#564,#574,.T.);
#572 = VERTEX_POINT('',#573);
#573 = CARTESIAN_POINT('',(1.9,2.1,0.25));
#574 = LINE('',#575,#576);
#575 = CARTESIAN_POINT('',(2.193796665193,1.806203334807,0.25));
#576 = VECTOR('',#577,1.);
#577 = DIRECTION('',(0.707106781187,-0.707106781187,1.601891071945E-17)
  );
#578 = ORIENTED_EDGE('',*,*,#579,.F.);
#579 = EDGE_CURVE('',#556,#572,#580,.T.);
#580 = LINE('',#581,#582);
#581 = CARTESIAN_POINT('',(1.9,2.1,0.120588145369));
#582 = VECTOR('',#583,1.);
#583 = DIRECTION('',(0.,0.,-1.));
#584 = PLANE('',#585);
#585 = AXIS2_PLACEMENT_3D('',#586,#587,#588);
#586 = CARTESIAN_POINT('',(2.,2.,0.));
#587 = DIRECTION('',(0.707106781187,0.707106781187,0.));
#588 = DIRECTION('',(0.,0.,-1.));
#589 = ADVANCED_FACE('',(#590,#640),#674,.T.);
#590 = FACE_BOUND('',#591,.T.);
#591 = EDGE_LOOP('',(#592,#593,#601,#609,#617,#625,#633,#639));
#592 = ORIENTED_EDGE('',*,*,#144,.F.);
#593 = ORIENTED_EDGE('',*,*,#594,.T.);
#594 = EDGE_CURVE('',#145,#595,#597,.T.);
#595 = VERTEX_POINT('',#596);
#596 = CARTESIAN_POINT('',(2.5,-1.5,0.6));
#597 = LINE('',#598,#599);
#598 = CARTESIAN_POINT('',(2.5,-1.5,0.));
#599 = VECTOR('',#600,1.);
#600 = DIRECTION('',(0.,0.,1.));
#601 = ORIENTED_EDGE('',*,*,#602,.T.);
#602 = EDGE_CURVE('',#595,#603,#605,.T.);
#603 = VERTEX_POINT('',#604);
#604 = CARTESIAN_POINT('',(2.5,-1.5,0.7));
#605 = LINE('',#606,#607);
#606 = CARTESIAN_POINT('',(2.5,-1.5,0.));
#607 = VECTOR('',#608,1.);
#608 = DIRECTION('',(0.,0.,1.));
#609 = ORIENTED_EDGE('',*,*,#610,.T.);
#610 = EDGE_CURVE('',#603,#611,#613,.T.);
#611 = VERTEX_POINT('',#612);
#612 = CARTESIAN_POINT('',(2.1,-1.9,0.7));
#613 = LINE('',#614,#615);
#614 = CARTESIAN_POINT('',(2.,-2.,0.7));
#615 = VECTOR('',#616,1.);
#616 = DIRECTION('',(-0.707106781187,-0.707106781187,0.));
#617 = ORIENTED_EDGE('',*,*,#618,.T.);
#618 = EDGE_CURVE('',#611,#619,#621,.T.);
#619 = VERTEX_POINT('',#620);
#620 = CARTESIAN_POINT('',(1.9,-2.1,0.7));
#621 = LINE('',#622,#623);
#622 = CARTESIAN_POINT('',(2.,-2.,0.7));
#623 = VECTOR('',#624,1.);
#624 = DIRECTION('',(-0.707106781187,-0.707106781187,0.));
#625 = ORIENTED_EDGE('',*,*,#626,.T.);
#626 = EDGE_CURVE('',#619,#627,#629,.T.);
#627 = VERTEX_POINT('',#628);
#628 = CARTESIAN_POINT('',(1.5,-2.5,0.7));
#629 = LINE('',#630,#631);
#630 = CARTESIAN_POINT('',(2.,-2.,0.7));
#631 = VECTOR('',#632,1.);
#632 = DIRECTION('',(-0.707106781187,-0.707106781187,0.));
#633 = ORIENTED_EDGE('',*,*,#634,.F.);
#634 = EDGE_CURVE('',#481,#627,#635,.T.);
#635 = LINE('',#636,#637);
#636 = CARTESIAN_POINT('',(1.5,-2.5,0.));
#637 = VECTOR('',#638,1.);
#638 = DIRECTION('',(0.,0.,1.));
#639 = ORIENTED_EDGE('',*,*,#489,.F.);
#640 = FACE_BOUND('',#641,.T.);
#641 = EDGE_LOOP('',(#642,#652,#660,#668));
#642 = ORIENTED_EDGE('',*,*,#643,.F.);
#643 = EDGE_CURVE('',#644,#646,#648,.T.);
#644 = VERTEX_POINT('',#645);
#645 = CARTESIAN_POINT('',(1.9,-2.1,0.25));
#646 = VERTEX_POINT('',#647);
#647 = CARTESIAN_POINT('',(2.4,-1.6,0.25));
#648 = LINE('',#649,#650);
#649 = CARTESIAN_POINT('',(2.193796665193,-1.806203334807,0.25));
#650 = VECTOR('',#651,1.);
#651 = DIRECTION('',(0.707106781187,0.707106781187,1.601891071945E-17));
#652 = ORIENTED_EDGE('',*,*,#653,.T.);
#653 = EDGE_CURVE('',#644,#654,#656,.T.);
#654 = VERTEX_POINT('',#655);
#655 = CARTESIAN_POINT('',(1.9,-2.1,0.35));
#656 = LINE('',#657,#658);
#657 = CARTESIAN_POINT('',(1.9,-2.1,0.120588145369));
#658 = VECTOR('',#659,1.);
#659 = DIRECTION('',(-0.,0.,1.));
#660 = ORIENTED_EDGE('',*,*,#661,.F.);
#661 = EDGE_CURVE('',#662,#654,#664,.T.);
#662 = VERTEX_POINT('',#663);
#663 = CARTESIAN_POINT('',(2.4,-1.6,0.35));
#664 = LINE('',#665,#666);
#665 = CARTESIAN_POINT('',(1.8875,-2.1125,0.35));
#666 = VECTOR('',#667,1.);
#667 = DIRECTION('',(-0.707106781187,-0.707106781187,0.));
#668 = ORIENTED_EDGE('',*,*,#669,.F.);
#669 = EDGE_CURVE('',#646,#662,#670,.T.);
#670 = LINE('',#671,#672);
#671 = CARTESIAN_POINT('',(2.4,-1.6,0.120588145369));
#672 = VECTOR('',#673,1.);
#673 = DIRECTION('',(-0.,0.,1.));
#674 = PLANE('',#675);
#675 = AXIS2_PLACEMENT_3D('',#676,#677,#678);
#676 = CARTESIAN_POINT('',(2.,-2.,0.));
#677 = DIRECTION('',(0.707106781187,-0.707106781187,0.));
#678 = DIRECTION('',(0.,0.,1.));
#679 = ADVANCED_FACE('',(#680),#709,.F.);
#680 = FACE_BOUND('',#681,.F.);
#681 = EDGE_LOOP('',(#682,#683,#684,#693,#701,#708));
#682 = ORIENTED_EDGE('',*,*,#152,.F.);
#683 = ORIENTED_EDGE('',*,*,#594,.T.);
#684 = ORIENTED_EDGE('',*,*,#685,.T.);
#685 = EDGE_CURVE('',#595,#686,#688,.T.);
#686 = VERTEX_POINT('',#687);
#687 = CARTESIAN_POINT('',(2.5,-1.,0.1));
#688 = CIRCLE('',#689,0.5);
#689 = AXIS2_PLACEMENT_3D('',#690,#691,#692);
#690 = CARTESIAN_POINT('',(2.5,-1.,0.6));
#691 = DIRECTION('',(1.,0.,-0.));
#692 = DIRECTION('',(0.,0.,1.));
#693 = ORIENTED_EDGE('',*,*,#694,.F.);
#694 = EDGE_CURVE('',#695,#686,#697,.T.);
#695 = VERTEX_POINT('',#696);
#696 = CARTESIAN_POINT('',(2.5,1.,0.1));
#697 = LINE('',#698,#699);
#698 = CARTESIAN_POINT('',(2.5,1.,0.1));
#699 = VECTOR('',#700,1.);
#700 = DIRECTION('',(0.,-1.,0.));
#701 = ORIENTED_EDGE('',*,*,#702,.F.);
#702 = EDGE_CURVE('',#505,#695,#703,.T.);
#703 = CIRCLE('',#704,0.5);
#704 = AXIS2_PLACEMENT_3D('',#705,#706,#707);
#705 = CARTESIAN_POINT('',(2.5,1.,0.6));
#706 = DIRECTION('',(-1.,0.,0.));
#707 = DIRECTION('',(0.,0.,1.));
#708 = ORIENTED_EDGE('',*,*,#504,.F.);
#709 = PLANE('',#710);
#710 = AXIS2_PLACEMENT_3D('',#711,#712,#713);
#711 = CARTESIAN_POINT('',(2.5,-2.5,0.));
#712 = DIRECTION('',(-1.,0.,0.));
#713 = DIRECTION('',(0.,1.,0.));
#714 = ADVANCED_FACE('',(#715),#741,.T.);
#715 = FACE_BOUND('',#716,.T.);
#716 = EDGE_LOOP('',(#717,#725,#734,#740));
#717 = ORIENTED_EDGE('',*,*,#718,.T.);
#718 = EDGE_CURVE('',#217,#719,#721,.T.);
#719 = VERTEX_POINT('',#720);
#720 = CARTESIAN_POINT('',(-2.6,-1.5,0.6));
#721 = LINE('',#722,#723);
#722 = CARTESIAN_POINT('',(-2.5,-1.5,0.6));
#723 = VECTOR('',#724,1.);
#724 = DIRECTION('',(-1.,1.224646799147E-16,0.));
#725 = ORIENTED_EDGE('',*,*,#726,.T.);
#726 = EDGE_CURVE('',#719,#727,#729,.T.);
#727 = VERTEX_POINT('',#728);
#728 = CARTESIAN_POINT('',(-2.6,-1.,0.1));
#729 = CIRCLE('',#730,0.5);
#730 = AXIS2_PLACEMENT_3D('',#731,#732,#733);
#731 = CARTESIAN_POINT('',(-2.6,-1.,0.6));
#732 = DIRECTION('',(1.,-1.224646799147E-16,0.));
#733 = DIRECTION('',(0.,0.,1.));
#734 = ORIENTED_EDGE('',*,*,#735,.F.);
#735 = EDGE_CURVE('',#209,#727,#736,.T.);
#736 = LINE('',#737,#738);
#737 = CARTESIAN_POINT('',(-2.5,-1.,0.1));
#738 = VECTOR('',#739,1.);
#739 = DIRECTION('',(-1.,1.224646799147E-16,0.));
#740 = ORIENTED_EDGE('',*,*,#216,.F.);
#741 = CYLINDRICAL_SURFACE('',#742,0.5);
#742 = AXIS2_PLACEMENT_3D('',#743,#744,#745);
#743 = CARTESIAN_POINT('',(-2.5,-1.,0.6));
#744 = DIRECTION('',(-1.,1.224646799147E-16,0.));
#745 = DIRECTION('',(-1.224646799147E-16,-1.,0.));
#746 = ADVANCED_FACE('',(#747),#765,.T.);
#747 = FACE_BOUND('',#748,.T.);
#748 = EDGE_LOOP('',(#749,#750,#751,#759));
#749 = ORIENTED_EDGE('',*,*,#208,.F.);
#750 = ORIENTED_EDGE('',*,*,#735,.T.);
#751 = ORIENTED_EDGE('',*,*,#752,.F.);
#752 = EDGE_CURVE('',#753,#727,#755,.T.);
#753 = VERTEX_POINT('',#754);
#754 = CARTESIAN_POINT('',(-2.6,1.,0.1));
#755 = LINE('',#756,#757);
#756 = CARTESIAN_POINT('',(-2.6,1.,0.1));
#757 = VECTOR('',#758,1.);
#758 = DIRECTION('',(-1.224646799147E-16,-1.,0.));
#759 = ORIENTED_EDGE('',*,*,#760,.F.);
#760 = EDGE_CURVE('',#200,#753,#761,.T.);
#761 = LINE('',#762,#763);
#762 = CARTESIAN_POINT('',(-2.5,1.,0.1));
#763 = VECTOR('',#764,1.);
#764 = DIRECTION('',(-1.,1.224646799147E-16,0.));
#765 = PLANE('',#766);
#766 = AXIS2_PLACEMENT_3D('',#767,#768,#769);
#767 = CARTESIAN_POINT('',(-2.5,-1.5,0.1));
#768 = DIRECTION('',(2.266051789078E-33,1.850371707709E-17,-1.));
#769 = DIRECTION('',(1.224646799147E-16,1.,1.850371707709E-17));
#770 = ADVANCED_FACE('',(#771),#790,.T.);
#771 = FACE_BOUND('',#772,.T.);
#772 = EDGE_LOOP('',(#773,#774,#775,#784));
#773 = ORIENTED_EDGE('',*,*,#199,.T.);
#774 = ORIENTED_EDGE('',*,*,#760,.T.);
#775 = ORIENTED_EDGE('',*,*,#776,.F.);
#776 = EDGE_CURVE('',#777,#753,#779,.T.);
#777 = VERTEX_POINT('',#778);
#778 = CARTESIAN_POINT('',(-2.6,1.5,0.6));
#779 = CIRCLE('',#780,0.5);
#780 = AXIS2_PLACEMENT_3D('',#781,#782,#783);
#781 = CARTESIAN_POINT('',(-2.6,1.,0.6));
#782 = DIRECTION('',(-1.,1.224646799147E-16,0.));
#783 = DIRECTION('',(0.,0.,1.));
#784 = ORIENTED_EDGE('',*,*,#785,.F.);
#785 = EDGE_CURVE('',#192,#777,#786,.T.);
#786 = LINE('',#787,#788);
#787 = CARTESIAN_POINT('',(-2.5,1.5,0.6));
#788 = VECTOR('',#789,1.);
#789 = DIRECTION('',(-1.,1.224646799147E-16,0.));
#790 = CYLINDRICAL_SURFACE('',#791,0.5);
#791 = AXIS2_PLACEMENT_3D('',#792,#793,#794);
#792 = CARTESIAN_POINT('',(-2.5,1.,0.6));
#793 = DIRECTION('',(-1.,1.224646799147E-16,0.));
#794 = DIRECTION('',(1.224646799147E-16,1.,0.));
#795 = ADVANCED_FACE('',(#796),#839,.T.);
#796 = FACE_BOUND('',#797,.F.);
#797 = EDGE_LOOP('',(#798,#808,#816,#825,#831,#832,#833));
#798 = ORIENTED_EDGE('',*,*,#799,.T.);
#799 = EDGE_CURVE('',#800,#802,#804,.T.);
#800 = VERTEX_POINT('',#801);
#801 = CARTESIAN_POINT('',(-2.1,1.5,0.7));
#802 = VERTEX_POINT('',#803);
#803 = CARTESIAN_POINT('',(-2.1,1.5,0.8));
#804 = LINE('',#805,#806);
#805 = CARTESIAN_POINT('',(-2.1,1.5,0.7));
#806 = VECTOR('',#807,1.);
#807 = DIRECTION('',(0.,0.,1.));
#808 = ORIENTED_EDGE('',*,*,#809,.T.);
#809 = EDGE_CURVE('',#802,#810,#812,.T.);
#810 = VERTEX_POINT('',#811);
#811 = CARTESIAN_POINT('',(-2.5,1.5,0.8));
#812 = LINE('',#813,#814);
#813 = CARTESIAN_POINT('',(-2.1,1.5,0.8));
#814 = VECTOR('',#815,1.);
#815 = DIRECTION('',(-1.,-0.,-0.));
#816 = ORIENTED_EDGE('',*,*,#817,.T.);
#817 = EDGE_CURVE('',#810,#818,#820,.T.);
#818 = VERTEX_POINT('',#819);
#819 = CARTESIAN_POINT('',(-2.6,1.5,0.7));
#820 = CIRCLE('',#821,0.1);
#821 = AXIS2_PLACEMENT_3D('',#822,#823,#824);
#822 = CARTESIAN_POINT('',(-2.5,1.5,0.7));
#823 = DIRECTION('',(-1.224646799147E-16,-1.,0.));
#824 = DIRECTION('',(-4.440892098501E-15,5.438524293786E-31,1.));
#825 = ORIENTED_EDGE('',*,*,#826,.T.);
#826 = EDGE_CURVE('',#818,#777,#827,.T.);
#827 = LINE('',#828,#829);
#828 = CARTESIAN_POINT('',(-2.6,1.5,0.7));
#829 = VECTOR('',#830,1.);
#830 = DIRECTION('',(0.,0.,-1.));
#831 = ORIENTED_EDGE('',*,*,#785,.F.);
#832 = ORIENTED_EDGE('',*,*,#241,.T.);
#833 = ORIENTED_EDGE('',*,*,#834,.F.);
#834 = EDGE_CURVE('',#800,#242,#835,.T.);
#835 = LINE('',#836,#837);
#836 = CARTESIAN_POINT('',(-2.1,1.5,0.7));
#837 = VECTOR('',#838,1.);
#838 = DIRECTION('',(-1.,-0.,-0.));
#839 = PLANE('',#840);
#840 = AXIS2_PLACEMENT_3D('',#841,#842,#843);
#841 = CARTESIAN_POINT('',(-2.1,1.5,0.7));
#842 = DIRECTION('',(0.,1.,0.));
#843 = DIRECTION('',(1.,0.,0.));
#844 = ADVANCED_FACE('',(#845),#895,.T.);
#845 = FACE_BOUND('',#846,.T.);
#846 = EDGE_LOOP('',(#847,#857,#865,#874,#882,#888,#889));
#847 = ORIENTED_EDGE('',*,*,#848,.T.);
#848 = EDGE_CURVE('',#849,#851,#853,.T.);
#849 = VERTEX_POINT('',#850);
#850 = CARTESIAN_POINT('',(-1.5,2.1,0.7));
#851 = VERTEX_POINT('',#852);
#852 = CARTESIAN_POINT('',(-1.5,2.1,0.8));
#853 = LINE('',#854,#855);
#854 = CARTESIAN_POINT('',(-1.5,2.1,0.7));
#855 = VECTOR('',#856,1.);
#856 = DIRECTION('',(0.,0.,1.));
#857 = ORIENTED_EDGE('',*,*,#858,.T.);
#858 = EDGE_CURVE('',#851,#859,#861,.T.);
#859 = VERTEX_POINT('',#860);
#860 = CARTESIAN_POINT('',(-1.5,2.5,0.8));
#861 = LINE('',#862,#863);
#862 = CARTESIAN_POINT('',(-1.5,2.1,0.8));
#863 = VECTOR('',#864,1.);
#864 = DIRECTION('',(1.110223024625E-16,1.,0.));
#865 = ORIENTED_EDGE('',*,*,#866,.T.);
#866 = EDGE_CURVE('',#859,#867,#869,.T.);
#867 = VERTEX_POINT('',#868);
#868 = CARTESIAN_POINT('',(-1.5,2.6,0.7));
#869 = CIRCLE('',#870,0.1);
#870 = AXIS2_PLACEMENT_3D('',#871,#872,#873);
#871 = CARTESIAN_POINT('',(-1.5,2.5,0.7));
#872 = DIRECTION('',(-1.,1.110223024625E-16,0.));
#873 = DIRECTION('',(4.930380657631E-31,4.440892098501E-15,1.));
#874 = ORIENTED_EDGE('',*,*,#875,.T.);
#875 = EDGE_CURVE('',#867,#876,#878,.T.);
#876 = VERTEX_POINT('',#877);
#877 = CARTESIAN_POINT('',(-1.5,2.6,0.5));
#878 = LINE('',#879,#880);
#879 = CARTESIAN_POINT('',(-1.5,2.6,0.7));
#880 = VECTOR('',#881,1.);
#881 = DIRECTION('',(0.,0.,-1.));
#882 = ORIENTED_EDGE('',*,*,#883,.F.);
#883 = EDGE_CURVE('',#274,#876,#884,.T.);
#884 = LINE('',#885,#886);
#885 = CARTESIAN_POINT('',(-1.5,2.5,0.5));
#886 = VECTOR('',#887,1.);
#887 = DIRECTION('',(1.110223024625E-16,1.,0.));
#888 = ORIENTED_EDGE('',*,*,#273,.T.);
#889 = ORIENTED_EDGE('',*,*,#890,.F.);
#890 = EDGE_CURVE('',#849,#266,#891,.T.);
#891 = LINE('',#892,#893);
#892 = CARTESIAN_POINT('',(-1.5,2.1,0.7));
#893 = VECTOR('',#894,1.);
#894 = DIRECTION('',(1.110223024625E-16,1.,0.));
#895 = PLANE('',#896);
#896 = AXIS2_PLACEMENT_3D('',#897,#898,#899);
#897 = CARTESIAN_POINT('',(-1.5,2.1,0.7));
#898 = DIRECTION('',(-1.,1.110223024625E-16,0.));
#899 = DIRECTION('',(1.110223024625E-16,1.,0.));
#900 = ADVANCED_FACE('',(#901),#911,.T.);
#901 = FACE_BOUND('',#902,.T.);
#902 = EDGE_LOOP('',(#903,#904,#905));
#903 = ORIENTED_EDGE('',*,*,#249,.F.);
#904 = ORIENTED_EDGE('',*,*,#834,.F.);
#905 = ORIENTED_EDGE('',*,*,#906,.F.);
#906 = EDGE_CURVE('',#250,#800,#907,.T.);
#907 = LINE('',#908,#909);
#908 = CARTESIAN_POINT('',(-2.1,2.5,0.7));
#909 = VECTOR('',#910,1.);
#910 = DIRECTION('',(-0.,-1.,-0.));
#911 = PLANE('',#912);
#912 = AXIS2_PLACEMENT_3D('',#913,#914,#915);
#913 = CARTESIAN_POINT('',(0.,0.,0.7));
#914 = DIRECTION('',(0.,0.,1.));
#915 = DIRECTION('',(1.,0.,-0.));
#916 = ADVANCED_FACE('',(#917),#927,.T.);
#917 = FACE_BOUND('',#918,.T.);
#918 = EDGE_LOOP('',(#919,#920,#926));
#919 = ORIENTED_EDGE('',*,*,#265,.F.);
#920 = ORIENTED_EDGE('',*,*,#921,.T.);
#921 = EDGE_CURVE('',#258,#849,#922,.T.);
#922 = LINE('',#923,#924);
#923 = CARTESIAN_POINT('',(-2.5,2.1,0.7));
#924 = VECTOR('',#925,1.);
#925 = DIRECTION('',(1.,-1.110223024625E-16,0.));
#926 = ORIENTED_EDGE('',*,*,#890,.T.);
#927 = PLANE('',#928);
#928 = AXIS2_PLACEMENT_3D('',#929,#930,#931);
#929 = CARTESIAN_POINT('',(0.,0.,0.7));
#930 = DIRECTION('',(0.,0.,1.));
#931 = DIRECTION('',(1.,0.,-0.));
#932 = ADVANCED_FACE('',(#933),#958,.T.);
#933 = FACE_BOUND('',#934,.T.);
#934 = EDGE_LOOP('',(#935,#936,#944,#952));
#935 = ORIENTED_EDGE('',*,*,#257,.F.);
#936 = ORIENTED_EDGE('',*,*,#937,.F.);
#937 = EDGE_CURVE('',#938,#250,#940,.T.);
#938 = VERTEX_POINT('',#939);
#939 = CARTESIAN_POINT('',(-2.1,1.9,0.8));
#940 = LINE('',#941,#942);
#941 = CARTESIAN_POINT('',(-2.1,1.9,0.7));
#942 = VECTOR('',#943,1.);
#943 = DIRECTION('',(0.,0.,-1.));
#944 = ORIENTED_EDGE('',*,*,#945,.T.);
#945 = EDGE_CURVE('',#938,#946,#948,.T.);
#946 = VERTEX_POINT('',#947);
#947 = CARTESIAN_POINT('',(-1.9,2.1,0.8));
#948 = LINE('',#949,#950);
#949 = CARTESIAN_POINT('',(-2.,2.,0.8));
#950 = VECTOR('',#951,1.);
#951 = DIRECTION('',(0.707106781187,0.707106781187,0.));
#952 = ORIENTED_EDGE('',*,*,#953,.T.);
#953 = EDGE_CURVE('',#946,#258,#954,.T.);
#954 = LINE('',#955,#956);
#955 = CARTESIAN_POINT('',(-1.9,2.1,0.7));
#956 = VECTOR('',#957,1.);
#957 = DIRECTION('',(0.,0.,-1.));
#958 = PLANE('',#959);
#959 = AXIS2_PLACEMENT_3D('',#960,#961,#962);
#960 = CARTESIAN_POINT('',(-2.,2.,0.7));
#961 = DIRECTION('',(-0.707106781187,0.707106781187,0.));
#962 = DIRECTION('',(0.,0.,1.));
#963 = ADVANCED_FACE('',(#964),#989,.T.);
#964 = FACE_BOUND('',#965,.T.);
#965 = EDGE_LOOP('',(#966,#976,#982,#983));
#966 = ORIENTED_EDGE('',*,*,#967,.F.);
#967 = EDGE_CURVE('',#968,#970,#972,.T.);
#968 = VERTEX_POINT('',#969);
#969 = CARTESIAN_POINT('',(-2.62518666077,2.1,0.25));
#970 = VERTEX_POINT('',#971);
#971 = CARTESIAN_POINT('',(-2.62518666077,1.6,0.25));
#972 = LINE('',#973,#974);
#973 = CARTESIAN_POINT('',(-2.62518666077,2.1,0.25));
#974 = VECTOR('',#975,1.);
#975 = DIRECTION('',(-1.224646799147E-16,-1.,0.));
#976 = ORIENTED_EDGE('',*,*,#977,.T.);
#977 = EDGE_CURVE('',#968,#290,#978,.T.);
#978 = LINE('',#979,#980);
#979 = CARTESIAN_POINT('',(-2.62518666077,2.1,0.25));
#980 = VECTOR('',#981,1.);
#981 = DIRECTION('',(1.,-1.224646799147E-16,-2.26541607939E-17));
#982 = ORIENTED_EDGE('',*,*,#289,.T.);
#983 = ORIENTED_EDGE('',*,*,#984,.F.);
#984 = EDGE_CURVE('',#970,#292,#985,.T.);
#985 = LINE('',#986,#987);
#986 = CARTESIAN_POINT('',(-2.62518666077,1.6,0.25));
#987 = VECTOR('',#988,1.);
#988 = DIRECTION('',(1.,-1.224646799147E-16,-2.26541607939E-17));
#989 = PLANE('',#990);
#990 = AXIS2_PLACEMENT_3D('',#991,#992,#993);
#991 = CARTESIAN_POINT('',(-2.62518666077,1.85,0.25));
#992 = DIRECTION('',(-2.26541607939E-17,2.774334550362E-33,-1.));
#993 = DIRECTION('',(1.,-1.224646799147E-16,-2.26541607939E-17));
#994 = ADVANCED_FACE('',(#995),#1081,.T.);
#995 = FACE_BOUND('',#996,.T.);
#996 = EDGE_LOOP('',(#997,#1007,#1015,#1024,#1032,#1039,#1040,#1041,
    #1049,#1058,#1066,#1075));
#997 = ORIENTED_EDGE('',*,*,#998,.T.);
#998 = EDGE_CURVE('',#999,#1001,#1003,.T.);
#999 = VERTEX_POINT('',#1000);
#1000 = CARTESIAN_POINT('',(-3.2,1.6,0.1));
#1001 = VERTEX_POINT('',#1002);
#1002 = CARTESIAN_POINT('',(-3.2,1.6,0.));
#1003 = LINE('',#1004,#1005);
#1004 = CARTESIAN_POINT('',(-3.2,1.6,0.1));
#1005 = VECTOR('',#1006,1.);
#1006 = DIRECTION('',(0.,0.,-1.));
#1007 = ORIENTED_EDGE('',*,*,#1008,.T.);
#1008 = EDGE_CURVE('',#1001,#1009,#1011,.T.);
#1009 = VERTEX_POINT('',#1010);
#1010 = CARTESIAN_POINT('',(-3.02481333923,1.6,0.));
#1011 = LINE('',#1012,#1013);
#1012 = CARTESIAN_POINT('',(-3.2,1.6,0.));
#1013 = VECTOR('',#1014,1.);
#1014 = DIRECTION('',(1.,-1.224646799147E-16,0.));
#1015 = ORIENTED_EDGE('',*,*,#1016,.T.);
#1016 = EDGE_CURVE('',#1009,#1017,#1019,.T.);
#1017 = VERTEX_POINT('',#1018);
#1018 = CARTESIAN_POINT('',(-2.89355333421,1.6,4.909999641431E-02));
#1019 = CIRCLE('',#1020,0.2);
#1020 = AXIS2_PLACEMENT_3D('',#1021,#1022,#1023);
#1021 = CARTESIAN_POINT('',(-3.02481333923,1.6,0.2));
#1022 = DIRECTION('',(-1.224646799147E-16,-1.,0.));
#1023 = DIRECTION('',(8.326672684689E-16,-1.019723305085E-31,-1.));
#1024 = ORIENTED_EDGE('',*,*,#1025,.T.);
#1025 = EDGE_CURVE('',#1017,#1026,#1028,.T.);
#1026 = VERTEX_POINT('',#1027);
#1027 = CARTESIAN_POINT('',(-2.69081666328,1.6,0.225450001793));
#1028 = LINE('',#1029,#1030);
#1029 = CARTESIAN_POINT('',(-2.89355333421,1.6,4.909999641431E-02));
#1030 = VECTOR('',#1031,1.);
#1031 = DIRECTION('',(0.754500017928,-9.239960319129E-17,0.6563000251));
#1032 = ORIENTED_EDGE('',*,*,#1033,.T.);
#1033 = EDGE_CURVE('',#1026,#970,#1034,.T.);
#1034 = CIRCLE('',#1035,0.1);
#1035 = AXIS2_PLACEMENT_3D('',#1036,#1037,#1038);
#1036 = CARTESIAN_POINT('',(-2.62518666077,1.6,0.15));
#1037 = DIRECTION('',(1.224646799147E-16,1.,0.));
#1038 = DIRECTION('',(-0.6563000251,8.03735725019E-17,0.754500017928));
#1039 = ORIENTED_EDGE('',*,*,#984,.T.);
#1040 = ORIENTED_EDGE('',*,*,#315,.T.);
#1041 = ORIENTED_EDGE('',*,*,#1042,.T.);
#1042 = EDGE_CURVE('',#308,#1043,#1045,.T.);
#1043 = VERTEX_POINT('',#1044);
#1044 = CARTESIAN_POINT('',(-2.62518666077,1.6,0.35));
#1045 = LINE('',#1046,#1047);
#1046 = CARTESIAN_POINT('',(-1.4,1.6,0.35));
#1047 = VECTOR('',#1048,1.);
#1048 = DIRECTION('',(-1.,1.224646799147E-16,0.));
#1049 = ORIENTED_EDGE('',*,*,#1050,.T.);
#1050 = EDGE_CURVE('',#1043,#1051,#1053,.T.);
#1051 = VERTEX_POINT('',#1052);
#1052 = CARTESIAN_POINT('',(-2.75644666579,1.6,0.300900003586));
#1053 = CIRCLE('',#1054,0.2);
#1054 = AXIS2_PLACEMENT_3D('',#1055,#1056,#1057);
#1055 = CARTESIAN_POINT('',(-2.62518666077,1.6,0.15));
#1056 = DIRECTION('',(-1.224646799147E-16,-1.,0.));
#1057 = DIRECTION('',(-1.665334536938E-15,2.03944661017E-31,1.));
#1058 = ORIENTED_EDGE('',*,*,#1059,.T.);
#1059 = EDGE_CURVE('',#1051,#1060,#1062,.T.);
#1060 = VERTEX_POINT('',#1061);
#1061 = CARTESIAN_POINT('',(-2.95918333672,1.6,0.124549998207));
#1062 = LINE('',#1063,#1064);
#1063 = CARTESIAN_POINT('',(-2.75644666579,1.6,0.300900003586));
#1064 = VECTOR('',#1065,1.);
#1065 = DIRECTION('',(-0.754500017928,9.239960319129E-17,-0.6563000251)
  );
#1066 = ORIENTED_EDGE('',*,*,#1067,.T.);
#1067 = EDGE_CURVE('',#1060,#1068,#1070,.T.);
#1068 = VERTEX_POINT('',#1069);
#1069 = CARTESIAN_POINT('',(-3.02481333923,1.6,0.1));
#1070 = CIRCLE('',#1071,0.1);
#1071 = AXIS2_PLACEMENT_3D('',#1072,#1073,#1074);
#1072 = CARTESIAN_POINT('',(-3.02481333923,1.6,0.2));
#1073 = DIRECTION('',(1.224646799147E-16,1.,0.));
#1074 = DIRECTION('',(0.6563000251,-8.03735725019E-17,-0.754500017928));
#1075 = ORIENTED_EDGE('',*,*,#1076,.T.);
#1076 = EDGE_CURVE('',#1068,#999,#1077,.T.);
#1077 = LINE('',#1078,#1079);
#1078 = CARTESIAN_POINT('',(-3.02481333923,1.6,0.1));
#1079 = VECTOR('',#1080,1.);
#1080 = DIRECTION('',(-1.,1.224646799147E-16,0.));
#1081 = PLANE('',#1082);
#1082 = AXIS2_PLACEMENT_3D('',#1083,#1084,#1085);
#1083 = CARTESIAN_POINT('',(-2.32206019039,1.6,0.241176290738));
#1084 = DIRECTION('',(-1.224646799147E-16,-1.,0.));
#1085 = DIRECTION('',(0.,0.,1.));
#1086 = ADVANCED_FACE('',(#1087),#1105,.T.);
#1087 = FACE_BOUND('',#1088,.T.);
#1088 = EDGE_LOOP('',(#1089,#1090,#1098,#1104));
#1089 = ORIENTED_EDGE('',*,*,#307,.T.);
#1090 = ORIENTED_EDGE('',*,*,#1091,.T.);
#1091 = EDGE_CURVE('',#300,#1092,#1094,.T.);
#1092 = VERTEX_POINT('',#1093);
#1093 = CARTESIAN_POINT('',(-2.62518666077,2.1,0.35));
#1094 = LINE('',#1095,#1096);
#1095 = CARTESIAN_POINT('',(-1.4,2.1,0.35));
#1096 = VECTOR('',#1097,1.);
#1097 = DIRECTION('',(-1.,1.224646799147E-16,0.));
#1098 = ORIENTED_EDGE('',*,*,#1099,.T.);
#1099 = EDGE_CURVE('',#1092,#1043,#1100,.T.);
#1100 = LINE('',#1101,#1102);
#1101 = CARTESIAN_POINT('',(-2.62518666077,2.1,0.35));
#1102 = VECTOR('',#1103,1.);
#1103 = DIRECTION('',(-1.224646799147E-16,-1.,0.));
#1104 = ORIENTED_EDGE('',*,*,#1042,.F.);
#1105 = PLANE('',#1106);
#1106 = AXIS2_PLACEMENT_3D('',#1107,#1108,#1109);
#1107 = CARTESIAN_POINT('',(-1.4,1.85,0.35));
#1108 = DIRECTION('',(0.,0.,1.));
#1109 = DIRECTION('',(-1.,1.224646799147E-16,0.));
#1110 = ADVANCED_FACE('',(#1111),#1190,.F.);
#1111 = FACE_BOUND('',#1112,.F.);
#1112 = EDGE_LOOP('',(#1113,#1123,#1131,#1140,#1148,#1155,#1156,#1157,
    #1158,#1167,#1175,#1184));
#1113 = ORIENTED_EDGE('',*,*,#1114,.T.);
#1114 = EDGE_CURVE('',#1115,#1117,#1119,.T.);
#1115 = VERTEX_POINT('',#1116);
#1116 = CARTESIAN_POINT('',(-3.2,2.1,0.1));
#1117 = VERTEX_POINT('',#1118);
#1118 = CARTESIAN_POINT('',(-3.2,2.1,0.));
#1119 = LINE('',#1120,#1121);
#1120 = CARTESIAN_POINT('',(-3.2,2.1,0.1));
#1121 = VECTOR('',#1122,1.);
#1122 = DIRECTION('',(0.,0.,-1.));
#1123 = ORIENTED_EDGE('',*,*,#1124,.T.);
#1124 = EDGE_CURVE('',#1117,#1125,#1127,.T.);
#1125 = VERTEX_POINT('',#1126);
#1126 = CARTESIAN_POINT('',(-3.02481333923,2.1,0.));
#1127 = LINE('',#1128,#1129);
#1128 = CARTESIAN_POINT('',(-3.2,2.1,0.));
#1129 = VECTOR('',#1130,1.);
#1130 = DIRECTION('',(1.,-1.224646799147E-16,0.));
#1131 = ORIENTED_EDGE('',*,*,#1132,.T.);
#1132 = EDGE_CURVE('',#1125,#1133,#1135,.T.);
#1133 = VERTEX_POINT('',#1134);
#1134 = CARTESIAN_POINT('',(-2.89355333421,2.1,4.909999641431E-02));
#1135 = CIRCLE('',#1136,0.2);
#1136 = AXIS2_PLACEMENT_3D('',#1137,#1138,#1139);
#1137 = CARTESIAN_POINT('',(-3.02481333923,2.1,0.2));
#1138 = DIRECTION('',(-1.224646799147E-16,-1.,0.));
#1139 = DIRECTION('',(8.326672684689E-16,-1.019723305085E-31,-1.));
#1140 = ORIENTED_EDGE('',*,*,#1141,.T.);
#1141 = EDGE_CURVE('',#1133,#1142,#1144,.T.);
#1142 = VERTEX_POINT('',#1143);
#1143 = CARTESIAN_POINT('',(-2.69081666328,2.1,0.225450001793));
#1144 = LINE('',#1145,#1146);
#1145 = CARTESIAN_POINT('',(-2.89355333421,2.1,4.909999641431E-02));
#1146 = VECTOR('',#1147,1.);
#1147 = DIRECTION('',(0.754500017928,-9.239960319129E-17,0.6563000251));
#1148 = ORIENTED_EDGE('',*,*,#1149,.T.);
#1149 = EDGE_CURVE('',#1142,#968,#1150,.T.);
#1150 = CIRCLE('',#1151,0.1);
#1151 = AXIS2_PLACEMENT_3D('',#1152,#1153,#1154);
#1152 = CARTESIAN_POINT('',(-2.62518666077,2.1,0.15));
#1153 = DIRECTION('',(1.224646799147E-16,1.,0.));
#1154 = DIRECTION('',(-0.6563000251,8.03735725019E-17,0.754500017928));
#1155 = ORIENTED_EDGE('',*,*,#977,.T.);
#1156 = ORIENTED_EDGE('',*,*,#299,.T.);
#1157 = ORIENTED_EDGE('',*,*,#1091,.T.);
#1158 = ORIENTED_EDGE('',*,*,#1159,.T.);
#1159 = EDGE_CURVE('',#1092,#1160,#1162,.T.);
#1160 = VERTEX_POINT('',#1161);
#1161 = CARTESIAN_POINT('',(-2.75644666579,2.1,0.300900003586));
#1162 = CIRCLE('',#1163,0.2);
#1163 = AXIS2_PLACEMENT_3D('',#1164,#1165,#1166);
#1164 = CARTESIAN_POINT('',(-2.62518666077,2.1,0.15));
#1165 = DIRECTION('',(-1.224646799147E-16,-1.,0.));
#1166 = DIRECTION('',(-1.665334536938E-15,2.03944661017E-31,1.));
#1167 = ORIENTED_EDGE('',*,*,#1168,.T.);
#1168 = EDGE_CURVE('',#1160,#1169,#1171,.T.);
#1169 = VERTEX_POINT('',#1170);
#1170 = CARTESIAN_POINT('',(-2.95918333672,2.1,0.124549998207));
#1171 = LINE('',#1172,#1173);
#1172 = CARTESIAN_POINT('',(-2.75644666579,2.1,0.300900003586));
#1173 = VECTOR('',#1174,1.);
#1174 = DIRECTION('',(-0.754500017928,9.239960319129E-17,-0.6563000251)
  );
#1175 = ORIENTED_EDGE('',*,*,#1176,.T.);
#1176 = EDGE_CURVE('',#1169,#1177,#1179,.T.);
#1177 = VERTEX_POINT('',#1178);
#1178 = CARTESIAN_POINT('',(-3.02481333923,2.1,0.1));
#1179 = CIRCLE('',#1180,0.1);
#1180 = AXIS2_PLACEMENT_3D('',#1181,#1182,#1183);
#1181 = CARTESIAN_POINT('',(-3.02481333923,2.1,0.2));
#1182 = DIRECTION('',(1.224646799147E-16,1.,0.));
#1183 = DIRECTION('',(0.6563000251,-8.03735725019E-17,-0.754500017928));
#1184 = ORIENTED_EDGE('',*,*,#1185,.T.);
#1185 = EDGE_CURVE('',#1177,#1115,#1186,.T.);
#1186 = LINE('',#1187,#1188);
#1187 = CARTESIAN_POINT('',(-3.02481333923,2.1,0.1));
#1188 = VECTOR('',#1189,1.);
#1189 = DIRECTION('',(-1.,1.224646799147E-16,0.));
#1190 = PLANE('',#1191);
#1191 = AXIS2_PLACEMENT_3D('',#1192,#1193,#1194);
#1192 = CARTESIAN_POINT('',(-2.32206019039,2.1,0.241176290738));
#1193 = DIRECTION('',(-1.224646799147E-16,-1.,0.));
#1194 = DIRECTION('',(0.,0.,1.));
#1195 = ADVANCED_FACE('',(#1196),#1246,.T.);
#1196 = FACE_BOUND('',#1197,.F.);
#1197 = EDGE_LOOP('',(#1198,#1208,#1216,#1225,#1233,#1239,#1240));
#1198 = ORIENTED_EDGE('',*,*,#1199,.T.);
#1199 = EDGE_CURVE('',#1200,#1202,#1204,.T.);
#1200 = VERTEX_POINT('',#1201);
#1201 = CARTESIAN_POINT('',(-1.5,-2.1,0.7));
#1202 = VERTEX_POINT('',#1203);
#1203 = CARTESIAN_POINT('',(-1.5,-2.1,0.8));
#1204 = LINE('',#1205,#1206);
#1205 = CARTESIAN_POINT('',(-1.5,-2.1,0.7));
#1206 = VECTOR('',#1207,1.);
#1207 = DIRECTION('',(0.,0.,1.));
#1208 = ORIENTED_EDGE('',*,*,#1209,.T.);
#1209 = EDGE_CURVE('',#1202,#1210,#1212,.T.);
#1210 = VERTEX_POINT('',#1211);
#1211 = CARTESIAN_POINT('',(-1.5,-2.5,0.8));
#1212 = LINE('',#1213,#1214);
#1213 = CARTESIAN_POINT('',(-1.5,-2.1,0.8));
#1214 = VECTOR('',#1215,1.);
#1215 = DIRECTION('',(1.110223024625E-16,-1.,0.));
#1216 = ORIENTED_EDGE('',*,*,#1217,.T.);
#1217 = EDGE_CURVE('',#1210,#1218,#1220,.T.);
#1218 = VERTEX_POINT('',#1219);
#1219 = CARTESIAN_POINT('',(-1.5,-2.6,0.7));
#1220 = CIRCLE('',#1221,0.1);
#1221 = AXIS2_PLACEMENT_3D('',#1222,#1223,#1224);
#1222 = CARTESIAN_POINT('',(-1.5,-2.5,0.7));
#1223 = DIRECTION('',(1.,-2.22044604925E-16,0.));
#1224 = DIRECTION('',(-9.860761315262E-31,-4.440892098501E-15,1.));
#1225 = ORIENTED_EDGE('',*,*,#1226,.T.);
#1226 = EDGE_CURVE('',#1218,#1227,#1229,.T.);
#1227 = VERTEX_POINT('',#1228);
#1228 = CARTESIAN_POINT('',(-1.5,-2.6,0.5));
#1229 = LINE('',#1230,#1231);
#1230 = CARTESIAN_POINT('',(-1.5,-2.6,0.7));
#1231 = VECTOR('',#1232,1.);
#1232 = DIRECTION('',(0.,0.,-1.));
#1233 = ORIENTED_EDGE('',*,*,#1234,.F.);
#1234 = EDGE_CURVE('',#331,#1227,#1235,.T.);
#1235 = LINE('',#1236,#1237);
#1236 = CARTESIAN_POINT('',(-1.5,-2.5,0.5));
#1237 = VECTOR('',#1238,1.);
#1238 = DIRECTION('',(-2.22044604925E-16,-1.,0.));
#1239 = ORIENTED_EDGE('',*,*,#338,.T.);
#1240 = ORIENTED_EDGE('',*,*,#1241,.F.);
#1241 = EDGE_CURVE('',#1200,#339,#1242,.T.);
#1242 = LINE('',#1243,#1244);
#1243 = CARTESIAN_POINT('',(-1.5,-2.1,0.7));
#1244 = VECTOR('',#1245,1.);
#1245 = DIRECTION('',(1.110223024625E-16,-1.,0.));
#1246 = PLANE('',#1247);
#1247 = AXIS2_PLACEMENT_3D('',#1248,#1249,#1250);
#1248 = CARTESIAN_POINT('',(-1.5,-2.1,0.7));
#1249 = DIRECTION('',(-1.,-1.110223024625E-16,-0.));
#1250 = DIRECTION('',(-1.110223024625E-16,1.,0.));
#1251 = ADVANCED_FACE('',(#1252),#1295,.T.);
#1252 = FACE_BOUND('',#1253,.F.);
#1253 = EDGE_LOOP('',(#1254,#1264,#1270,#1271,#1272,#1280,#1289));
#1254 = ORIENTED_EDGE('',*,*,#1255,.F.);
#1255 = EDGE_CURVE('',#1256,#1258,#1260,.T.);
#1256 = VERTEX_POINT('',#1257);
#1257 = CARTESIAN_POINT('',(-2.1,-1.5,0.7));
#1258 = VERTEX_POINT('',#1259);
#1259 = CARTESIAN_POINT('',(-2.1,-1.5,0.8));
#1260 = LINE('',#1261,#1262);
#1261 = CARTESIAN_POINT('',(-2.1,-1.5,0.7));
#1262 = VECTOR('',#1263,1.);
#1263 = DIRECTION('',(0.,0.,1.));
#1264 = ORIENTED_EDGE('',*,*,#1265,.F.);
#1265 = EDGE_CURVE('',#363,#1256,#1266,.T.);
#1266 = LINE('',#1267,#1268);
#1267 = CARTESIAN_POINT('',(-2.5,-1.5,0.7));
#1268 = VECTOR('',#1269,1.);
#1269 = DIRECTION('',(1.,0.,0.));
#1270 = ORIENTED_EDGE('',*,*,#370,.F.);
#1271 = ORIENTED_EDGE('',*,*,#718,.T.);
#1272 = ORIENTED_EDGE('',*,*,#1273,.F.);
#1273 = EDGE_CURVE('',#1274,#719,#1276,.T.);
#1274 = VERTEX_POINT('',#1275);
#1275 = CARTESIAN_POINT('',(-2.6,-1.5,0.7));
#1276 = LINE('',#1277,#1278);
#1277 = CARTESIAN_POINT('',(-2.6,-1.5,0.7));
#1278 = VECTOR('',#1279,1.);
#1279 = DIRECTION('',(0.,0.,-1.));
#1280 = ORIENTED_EDGE('',*,*,#1281,.F.);
#1281 = EDGE_CURVE('',#1282,#1274,#1284,.T.);
#1282 = VERTEX_POINT('',#1283);
#1283 = CARTESIAN_POINT('',(-2.5,-1.5,0.8));
#1284 = CIRCLE('',#1285,0.1);
#1285 = AXIS2_PLACEMENT_3D('',#1286,#1287,#1288);
#1286 = CARTESIAN_POINT('',(-2.5,-1.5,0.7));
#1287 = DIRECTION('',(-1.224646799147E-16,-1.,0.));
#1288 = DIRECTION('',(-4.440892098501E-15,5.438524293786E-31,1.));
#1289 = ORIENTED_EDGE('',*,*,#1290,.T.);
#1290 = EDGE_CURVE('',#1282,#1258,#1291,.T.);
#1291 = LINE('',#1292,#1293);
#1292 = CARTESIAN_POINT('',(-2.5,-1.5,0.8));
#1293 = VECTOR('',#1294,1.);
#1294 = DIRECTION('',(1.,0.,0.));
#1295 = PLANE('',#1296);
#1296 = AXIS2_PLACEMENT_3D('',#1297,#1298,#1299);
#1297 = CARTESIAN_POINT('',(-2.5,-1.5,0.7));
#1298 = DIRECTION('',(-0.,-1.,-0.));
#1299 = DIRECTION('',(-1.,0.,0.));
#1300 = ADVANCED_FACE('',(#1301),#1311,.T.);
#1301 = FACE_BOUND('',#1302,.T.);
#1302 = EDGE_LOOP('',(#1303,#1309,#1310));
#1303 = ORIENTED_EDGE('',*,*,#1304,.F.);
#1304 = EDGE_CURVE('',#347,#1200,#1305,.T.);
#1305 = LINE('',#1306,#1307);
#1306 = CARTESIAN_POINT('',(-2.5,-2.1,0.7));
#1307 = VECTOR('',#1308,1.);
#1308 = DIRECTION('',(1.,1.110223024625E-16,0.));
#1309 = ORIENTED_EDGE('',*,*,#346,.F.);
#1310 = ORIENTED_EDGE('',*,*,#1241,.F.);
#1311 = PLANE('',#1312);
#1312 = AXIS2_PLACEMENT_3D('',#1313,#1314,#1315);
#1313 = CARTESIAN_POINT('',(0.,0.,0.7));
#1314 = DIRECTION('',(0.,0.,1.));
#1315 = DIRECTION('',(1.,0.,-0.));
#1316 = ADVANCED_FACE('',(#1317),#1327,.T.);
#1317 = FACE_BOUND('',#1318,.T.);
#1318 = EDGE_LOOP('',(#1319,#1320,#1321));
#1319 = ORIENTED_EDGE('',*,*,#1265,.F.);
#1320 = ORIENTED_EDGE('',*,*,#362,.F.);
#1321 = ORIENTED_EDGE('',*,*,#1322,.F.);
#1322 = EDGE_CURVE('',#1256,#355,#1323,.T.);
#1323 = LINE('',#1324,#1325);
#1324 = CARTESIAN_POINT('',(-2.1,-1.5,0.7));
#1325 = VECTOR('',#1326,1.);
#1326 = DIRECTION('',(-0.,-1.,-0.));
#1327 = PLANE('',#1328);
#1328 = AXIS2_PLACEMENT_3D('',#1329,#1330,#1331);
#1329 = CARTESIAN_POINT('',(0.,0.,0.7));
#1330 = DIRECTION('',(0.,0.,1.));
#1331 = DIRECTION('',(1.,0.,-0.));
#1332 = ADVANCED_FACE('',(#1333),#1358,.T.);
#1333 = FACE_BOUND('',#1334,.T.);
#1334 = EDGE_LOOP('',(#1335,#1336,#1344,#1352));
#1335 = ORIENTED_EDGE('',*,*,#354,.F.);
#1336 = ORIENTED_EDGE('',*,*,#1337,.F.);
#1337 = EDGE_CURVE('',#1338,#347,#1340,.T.);
#1338 = VERTEX_POINT('',#1339);
#1339 = CARTESIAN_POINT('',(-1.9,-2.1,0.8));
#1340 = LINE('',#1341,#1342);
#1341 = CARTESIAN_POINT('',(-1.9,-2.1,0.7));
#1342 = VECTOR('',#1343,1.);
#1343 = DIRECTION('',(0.,0.,-1.));
#1344 = ORIENTED_EDGE('',*,*,#1345,.T.);
#1345 = EDGE_CURVE('',#1338,#1346,#1348,.T.);
#1346 = VERTEX_POINT('',#1347);
#1347 = CARTESIAN_POINT('',(-2.1,-1.9,0.8));
#1348 = LINE('',#1349,#1350);
#1349 = CARTESIAN_POINT('',(-2.,-2.,0.8));
#1350 = VECTOR('',#1351,1.);
#1351 = DIRECTION('',(-0.707106781187,0.707106781187,0.));
#1352 = ORIENTED_EDGE('',*,*,#1353,.F.);
#1353 = EDGE_CURVE('',#355,#1346,#1354,.T.);
#1354 = LINE('',#1355,#1356);
#1355 = CARTESIAN_POINT('',(-2.1,-1.9,0.7));
#1356 = VECTOR('',#1357,1.);
#1357 = DIRECTION('',(0.,0.,1.));
#1358 = PLANE('',#1359);
#1359 = AXIS2_PLACEMENT_3D('',#1360,#1361,#1362);
#1360 = CARTESIAN_POINT('',(-2.,-2.,0.7));
#1361 = DIRECTION('',(-0.707106781187,-0.707106781187,0.));
#1362 = DIRECTION('',(0.,0.,1.));
#1363 = ADVANCED_FACE('',(#1364),#1389,.T.);
#1364 = FACE_BOUND('',#1365,.T.);
#1365 = EDGE_LOOP('',(#1366,#1376,#1382,#1383));
#1366 = ORIENTED_EDGE('',*,*,#1367,.F.);
#1367 = EDGE_CURVE('',#1368,#1370,#1372,.T.);
#1368 = VERTEX_POINT('',#1369);
#1369 = CARTESIAN_POINT('',(-2.62518666077,-1.6,0.25));
#1370 = VERTEX_POINT('',#1371);
#1371 = CARTESIAN_POINT('',(-2.62518666077,-2.1,0.25));
#1372 = LINE('',#1373,#1374);
#1373 = CARTESIAN_POINT('',(-2.62518666077,-1.6,0.25));
#1374 = VECTOR('',#1375,1.);
#1375 = DIRECTION('',(-1.224646799147E-16,-1.,0.));
#1376 = ORIENTED_EDGE('',*,*,#1377,.T.);
#1377 = EDGE_CURVE('',#1368,#380,#1378,.T.);
#1378 = LINE('',#1379,#1380);
#1379 = CARTESIAN_POINT('',(-2.62518666077,-1.6,0.25));
#1380 = VECTOR('',#1381,1.);
#1381 = DIRECTION('',(1.,-1.224646799147E-16,-2.26541607939E-17));
#1382 = ORIENTED_EDGE('',*,*,#379,.T.);
#1383 = ORIENTED_EDGE('',*,*,#1384,.F.);
#1384 = EDGE_CURVE('',#1370,#382,#1385,.T.);
#1385 = LINE('',#1386,#1387);
#1386 = CARTESIAN_POINT('',(-2.62518666077,-2.1,0.25));
#1387 = VECTOR('',#1388,1.);
#1388 = DIRECTION('',(1.,-1.224646799147E-16,-2.26541607939E-17));
#1389 = PLANE('',#1390);
#1390 = AXIS2_PLACEMENT_3D('',#1391,#1392,#1393);
#1391 = CARTESIAN_POINT('',(-2.62518666077,-1.85,0.25));
#1392 = DIRECTION('',(-2.26541607939E-17,2.774334550362E-33,-1.));
#1393 = DIRECTION('',(1.,-1.224646799147E-16,-2.26541607939E-17));
#1394 = ADVANCED_FACE('',(#1395),#1481,.T.);
#1395 = FACE_BOUND('',#1396,.T.);
#1396 = EDGE_LOOP('',(#1397,#1407,#1415,#1424,#1432,#1439,#1440,#1441,
    #1449,#1458,#1466,#1475));
#1397 = ORIENTED_EDGE('',*,*,#1398,.T.);
#1398 = EDGE_CURVE('',#1399,#1401,#1403,.T.);
#1399 = VERTEX_POINT('',#1400);
#1400 = CARTESIAN_POINT('',(-3.2,-2.1,0.1));
#1401 = VERTEX_POINT('',#1402);
#1402 = CARTESIAN_POINT('',(-3.2,-2.1,0.));
#1403 = LINE('',#1404,#1405);
#1404 = CARTESIAN_POINT('',(-3.2,-2.1,0.1));
#1405 = VECTOR('',#1406,1.);
#1406 = DIRECTION('',(0.,0.,-1.));
#1407 = ORIENTED_EDGE('',*,*,#1408,.T.);
#1408 = EDGE_CURVE('',#1401,#1409,#1411,.T.);
#1409 = VERTEX_POINT('',#1410);
#1410 = CARTESIAN_POINT('',(-3.02481333923,-2.1,0.));
#1411 = LINE('',#1412,#1413);
#1412 = CARTESIAN_POINT('',(-3.2,-2.1,0.));
#1413 = VECTOR('',#1414,1.);
#1414 = DIRECTION('',(1.,-1.224646799147E-16,0.));
#1415 = ORIENTED_EDGE('',*,*,#1416,.T.);
#1416 = EDGE_CURVE('',#1409,#1417,#1419,.T.);
#1417 = VERTEX_POINT('',#1418);
#1418 = CARTESIAN_POINT('',(-2.89355333421,-2.1,4.909999641431E-02));
#1419 = CIRCLE('',#1420,0.2);
#1420 = AXIS2_PLACEMENT_3D('',#1421,#1422,#1423);
#1421 = CARTESIAN_POINT('',(-3.02481333923,-2.1,0.2));
#1422 = DIRECTION('',(-1.224646799147E-16,-1.,0.));
#1423 = DIRECTION('',(8.326672684689E-16,-1.019723305085E-31,-1.));
#1424 = ORIENTED_EDGE('',*,*,#1425,.T.);
#1425 = EDGE_CURVE('',#1417,#1426,#1428,.T.);
#1426 = VERTEX_POINT('',#1427);
#1427 = CARTESIAN_POINT('',(-2.69081666328,-2.1,0.225450001793));
#1428 = LINE('',#1429,#1430);
#1429 = CARTESIAN_POINT('',(-2.89355333421,-2.1,4.909999641431E-02));
#1430 = VECTOR('',#1431,1.);
#1431 = DIRECTION('',(0.754500017928,-9.239960319129E-17,0.6563000251));
#1432 = ORIENTED_EDGE('',*,*,#1433,.T.);
#1433 = EDGE_CURVE('',#1426,#1370,#1434,.T.);
#1434 = CIRCLE('',#1435,0.1);
#1435 = AXIS2_PLACEMENT_3D('',#1436,#1437,#1438);
#1436 = CARTESIAN_POINT('',(-2.62518666077,-2.1,0.15));
#1437 = DIRECTION('',(1.224646799147E-16,1.,0.));
#1438 = DIRECTION('',(-0.6563000251,8.03735725019E-17,0.754500017928));
#1439 = ORIENTED_EDGE('',*,*,#1384,.T.);
#1440 = ORIENTED_EDGE('',*,*,#405,.T.);
#1441 = ORIENTED_EDGE('',*,*,#1442,.T.);
#1442 = EDGE_CURVE('',#398,#1443,#1445,.T.);
#1443 = VERTEX_POINT('',#1444);
#1444 = CARTESIAN_POINT('',(-2.62518666077,-2.1,0.35));
#1445 = LINE('',#1446,#1447);
#1446 = CARTESIAN_POINT('',(-1.4,-2.1,0.35));
#1447 = VECTOR('',#1448,1.);
#1448 = DIRECTION('',(-1.,1.224646799147E-16,0.));
#1449 = ORIENTED_EDGE('',*,*,#1450,.T.);
#1450 = EDGE_CURVE('',#1443,#1451,#1453,.T.);
#1451 = VERTEX_POINT('',#1452);
#1452 = CARTESIAN_POINT('',(-2.75644666579,-2.1,0.300900003586));
#1453 = CIRCLE('',#1454,0.2);
#1454 = AXIS2_PLACEMENT_3D('',#1455,#1456,#1457);
#1455 = CARTESIAN_POINT('',(-2.62518666077,-2.1,0.15));
#1456 = DIRECTION('',(-1.224646799147E-16,-1.,0.));
#1457 = DIRECTION('',(-1.665334536938E-15,2.03944661017E-31,1.));
#1458 = ORIENTED_EDGE('',*,*,#1459,.T.);
#1459 = EDGE_CURVE('',#1451,#1460,#1462,.T.);
#1460 = VERTEX_POINT('',#1461);
#1461 = CARTESIAN_POINT('',(-2.95918333672,-2.1,0.124549998207));
#1462 = LINE('',#1463,#1464);
#1463 = CARTESIAN_POINT('',(-2.75644666579,-2.1,0.300900003586));
#1464 = VECTOR('',#1465,1.);
#1465 = DIRECTION('',(-0.754500017928,9.239960319129E-17,-0.6563000251)
  );
#1466 = ORIENTED_EDGE('',*,*,#1467,.T.);
#1467 = EDGE_CURVE('',#1460,#1468,#1470,.T.);
#1468 = VERTEX_POINT('',#1469);
#1469 = CARTESIAN_POINT('',(-3.02481333923,-2.1,0.1));
#1470 = CIRCLE('',#1471,0.1);
#1471 = AXIS2_PLACEMENT_3D('',#1472,#1473,#1474);
#1472 = CARTESIAN_POINT('',(-3.02481333923,-2.1,0.2));
#1473 = DIRECTION('',(1.224646799147E-16,1.,0.));
#1474 = DIRECTION('',(0.6563000251,-8.03735725019E-17,-0.754500017928));
#1475 = ORIENTED_EDGE('',*,*,#1476,.T.);
#1476 = EDGE_CURVE('',#1468,#1399,#1477,.T.);
#1477 = LINE('',#1478,#1479);
#1478 = CARTESIAN_POINT('',(-3.02481333923,-2.1,0.1));
#1479 = VECTOR('',#1480,1.);
#1480 = DIRECTION('',(-1.,1.224646799147E-16,0.));
#1481 = PLANE('',#1482);
#1482 = AXIS2_PLACEMENT_3D('',#1483,#1484,#1485);
#1483 = CARTESIAN_POINT('',(-2.32206019039,-2.1,0.241176290738));
#1484 = DIRECTION('',(-1.224646799147E-16,-1.,0.));
#1485 = DIRECTION('',(0.,0.,1.));
#1486 = ADVANCED_FACE('',(#1487),#1505,.T.);
#1487 = FACE_BOUND('',#1488,.T.);
#1488 = EDGE_LOOP('',(#1489,#1490,#1498,#1504));
#1489 = ORIENTED_EDGE('',*,*,#397,.T.);
#1490 = ORIENTED_EDGE('',*,*,#1491,.T.);
#1491 = EDGE_CURVE('',#390,#1492,#1494,.T.);
#1492 = VERTEX_POINT('',#1493);
#1493 = CARTESIAN_POINT('',(-2.62518666077,-1.6,0.35));
#1494 = LINE('',#1495,#1496);
#1495 = CARTESIAN_POINT('',(-1.4,-1.6,0.35));
#1496 = VECTOR('',#1497,1.);
#1497 = DIRECTION('',(-1.,1.224646799147E-16,0.));
#1498 = ORIENTED_EDGE('',*,*,#1499,.T.);
#1499 = EDGE_CURVE('',#1492,#1443,#1500,.T.);
#1500 = LINE('',#1501,#1502);
#1501 = CARTESIAN_POINT('',(-2.62518666077,-1.6,0.35));
#1502 = VECTOR('',#1503,1.);
#1503 = DIRECTION('',(-1.224646799147E-16,-1.,0.));
#1504 = ORIENTED_EDGE('',*,*,#1442,.F.);
#1505 = PLANE('',#1506);
#1506 = AXIS2_PLACEMENT_3D('',#1507,#1508,#1509);
#1507 = CARTESIAN_POINT('',(-1.4,-1.85,0.35));
#1508 = DIRECTION('',(0.,0.,1.));
#1509 = DIRECTION('',(-1.,1.224646799147E-16,0.));
#1510 = ADVANCED_FACE('',(#1511),#1590,.F.);
#1511 = FACE_BOUND('',#1512,.F.);
#1512 = EDGE_LOOP('',(#1513,#1523,#1531,#1540,#1548,#1555,#1556,#1557,
    #1558,#1567,#1575,#1584));
#1513 = ORIENTED_EDGE('',*,*,#1514,.T.);
#1514 = EDGE_CURVE('',#1515,#1517,#1519,.T.);
#1515 = VERTEX_POINT('',#1516);
#1516 = CARTESIAN_POINT('',(-3.2,-1.6,0.1));
#1517 = VERTEX_POINT('',#1518);
#1518 = CARTESIAN_POINT('',(-3.2,-1.6,0.));
#1519 = LINE('',#1520,#1521);
#1520 = CARTESIAN_POINT('',(-3.2,-1.6,0.1));
#1521 = VECTOR('',#1522,1.);
#1522 = DIRECTION('',(0.,0.,-1.));
#1523 = ORIENTED_EDGE('',*,*,#1524,.T.);
#1524 = EDGE_CURVE('',#1517,#1525,#1527,.T.);
#1525 = VERTEX_POINT('',#1526);
#1526 = CARTESIAN_POINT('',(-3.02481333923,-1.6,0.));
#1527 = LINE('',#1528,#1529);
#1528 = CARTESIAN_POINT('',(-3.2,-1.6,0.));
#1529 = VECTOR('',#1530,1.);
#1530 = DIRECTION('',(1.,-1.224646799147E-16,0.));
#1531 = ORIENTED_EDGE('',*,*,#1532,.T.);
#1532 = EDGE_CURVE('',#1525,#1533,#1535,.T.);
#1533 = VERTEX_POINT('',#1534);
#1534 = CARTESIAN_POINT('',(-2.89355333421,-1.6,4.909999641431E-02));
#1535 = CIRCLE('',#1536,0.2);
#1536 = AXIS2_PLACEMENT_3D('',#1537,#1538,#1539);
#1537 = CARTESIAN_POINT('',(-3.02481333923,-1.6,0.2));
#1538 = DIRECTION('',(-1.224646799147E-16,-1.,0.));
#1539 = DIRECTION('',(8.326672684689E-16,-1.019723305085E-31,-1.));
#1540 = ORIENTED_EDGE('',*,*,#1541,.T.);
#1541 = EDGE_CURVE('',#1533,#1542,#1544,.T.);
#1542 = VERTEX_POINT('',#1543);
#1543 = CARTESIAN_POINT('',(-2.69081666328,-1.6,0.225450001793));
#1544 = LINE('',#1545,#1546);
#1545 = CARTESIAN_POINT('',(-2.89355333421,-1.6,4.909999641431E-02));
#1546 = VECTOR('',#1547,1.);
#1547 = DIRECTION('',(0.754500017928,-9.239960319129E-17,0.6563000251));
#1548 = ORIENTED_EDGE('',*,*,#1549,.T.);
#1549 = EDGE_CURVE('',#1542,#1368,#1550,.T.);
#1550 = CIRCLE('',#1551,0.1);
#1551 = AXIS2_PLACEMENT_3D('',#1552,#1553,#1554);
#1552 = CARTESIAN_POINT('',(-2.62518666077,-1.6,0.15));
#1553 = DIRECTION('',(1.224646799147E-16,1.,0.));
#1554 = DIRECTION('',(-0.6563000251,8.03735725019E-17,0.754500017928));
#1555 = ORIENTED_EDGE('',*,*,#1377,.T.);
#1556 = ORIENTED_EDGE('',*,*,#389,.T.);
#1557 = ORIENTED_EDGE('',*,*,#1491,.T.);
#1558 = ORIENTED_EDGE('',*,*,#1559,.T.);
#1559 = EDGE_CURVE('',#1492,#1560,#1562,.T.);
#1560 = VERTEX_POINT('',#1561);
#1561 = CARTESIAN_POINT('',(-2.75644666579,-1.6,0.300900003586));
#1562 = CIRCLE('',#1563,0.2);
#1563 = AXIS2_PLACEMENT_3D('',#1564,#1565,#1566);
#1564 = CARTESIAN_POINT('',(-2.62518666077,-1.6,0.15));
#1565 = DIRECTION('',(-1.224646799147E-16,-1.,0.));
#1566 = DIRECTION('',(-1.665334536938E-15,2.03944661017E-31,1.));
#1567 = ORIENTED_EDGE('',*,*,#1568,.T.);
#1568 = EDGE_CURVE('',#1560,#1569,#1571,.T.);
#1569 = VERTEX_POINT('',#1570);
#1570 = CARTESIAN_POINT('',(-2.95918333672,-1.6,0.124549998207));
#1571 = LINE('',#1572,#1573);
#1572 = CARTESIAN_POINT('',(-2.75644666579,-1.6,0.300900003586));
#1573 = VECTOR('',#1574,1.);
#1574 = DIRECTION('',(-0.754500017928,9.239960319129E-17,-0.6563000251)
  );
#1575 = ORIENTED_EDGE('',*,*,#1576,.T.);
#1576 = EDGE_CURVE('',#1569,#1577,#1579,.T.);
#1577 = VERTEX_POINT('',#1578);
#1578 = CARTESIAN_POINT('',(-3.02481333923,-1.6,0.1));
#1579 = CIRCLE('',#1580,0.1);
#1580 = AXIS2_PLACEMENT_3D('',#1581,#1582,#1583);
#1581 = CARTESIAN_POINT('',(-3.02481333923,-1.6,0.2));
#1582 = DIRECTION('',(1.224646799147E-16,1.,0.));
#1583 = DIRECTION('',(0.6563000251,-8.03735725019E-17,-0.754500017928));
#1584 = ORIENTED_EDGE('',*,*,#1585,.T.);
#1585 = EDGE_CURVE('',#1577,#1515,#1586,.T.);
#1586 = LINE('',#1587,#1588);
#1587 = CARTESIAN_POINT('',(-3.02481333923,-1.6,0.1));
#1588 = VECTOR('',#1589,1.);
#1589 = DIRECTION('',(-1.,1.224646799147E-16,0.));
#1590 = PLANE('',#1591);
#1591 = AXIS2_PLACEMENT_3D('',#1592,#1593,#1594);
#1592 = CARTESIAN_POINT('',(-2.32206019039,-1.6,0.241176290738));
#1593 = DIRECTION('',(-1.224646799147E-16,-1.,0.));
#1594 = DIRECTION('',(0.,0.,1.));
#1595 = ADVANCED_FACE('',(#1596),#1615,.T.);
#1596 = FACE_BOUND('',#1597,.T.);
#1597 = EDGE_LOOP('',(#1598,#1599,#1608,#1614));
#1598 = ORIENTED_EDGE('',*,*,#883,.T.);
#1599 = ORIENTED_EDGE('',*,*,#1600,.T.);
#1600 = EDGE_CURVE('',#876,#1601,#1603,.T.);
#1601 = VERTEX_POINT('',#1602);
#1602 = CARTESIAN_POINT('',(-1.4,2.6,0.4));
#1603 = CIRCLE('',#1604,0.1);
#1604 = AXIS2_PLACEMENT_3D('',#1605,#1606,#1607);
#1605 = CARTESIAN_POINT('',(-1.4,2.6,0.5));
#1606 = DIRECTION('',(-1.110223024625E-16,-1.,0.));
#1607 = DIRECTION('',(0.,0.,1.));
#1608 = ORIENTED_EDGE('',*,*,#1609,.F.);
#1609 = EDGE_CURVE('',#439,#1601,#1610,.T.);
#1610 = LINE('',#1611,#1612);
#1611 = CARTESIAN_POINT('',(-1.4,2.5,0.4));
#1612 = VECTOR('',#1613,1.);
#1613 = DIRECTION('',(1.110223024625E-16,1.,0.));
#1614 = ORIENTED_EDGE('',*,*,#446,.F.);
#1615 = CYLINDRICAL_SURFACE('',#1616,0.1);
#1616 = AXIS2_PLACEMENT_3D('',#1617,#1618,#1619);
#1617 = CARTESIAN_POINT('',(-1.4,2.5,0.5));
#1618 = DIRECTION('',(1.110223024625E-16,1.,0.));
#1619 = DIRECTION('',(-1.,1.110223024625E-16,0.));
#1620 = ADVANCED_FACE('',(#1621),#1639,.T.);
#1621 = FACE_BOUND('',#1622,.T.);
#1622 = EDGE_LOOP('',(#1623,#1624,#1625,#1633));
#1623 = ORIENTED_EDGE('',*,*,#438,.F.);
#1624 = ORIENTED_EDGE('',*,*,#1609,.T.);
#1625 = ORIENTED_EDGE('',*,*,#1626,.F.);
#1626 = EDGE_CURVE('',#1627,#1601,#1629,.T.);
#1627 = VERTEX_POINT('',#1628);
#1628 = CARTESIAN_POINT('',(1.4,2.6,0.4));
#1629 = LINE('',#1630,#1631);
#1630 = CARTESIAN_POINT('',(1.4,2.6,0.4));
#1631 = VECTOR('',#1632,1.);
#1632 = DIRECTION('',(-1.,1.110223024625E-16,0.));
#1633 = ORIENTED_EDGE('',*,*,#1634,.F.);
#1634 = EDGE_CURVE('',#430,#1627,#1635,.T.);
#1635 = LINE('',#1636,#1637);
#1636 = CARTESIAN_POINT('',(1.4,2.5,0.4));
#1637 = VECTOR('',#1638,1.);
#1638 = DIRECTION('',(1.110223024625E-16,1.,0.));
#1639 = PLANE('',#1640);
#1640 = AXIS2_PLACEMENT_3D('',#1641,#1642,#1643);
#1641 = CARTESIAN_POINT('',(-1.5,2.5,0.4));
#1642 = DIRECTION('',(0.,0.,-1.));
#1643 = DIRECTION('',(1.,-1.110223024625E-16,0.));
#1644 = ADVANCED_FACE('',(#1645),#1664,.T.);
#1645 = FACE_BOUND('',#1646,.T.);
#1646 = EDGE_LOOP('',(#1647,#1648,#1649,#1658));
#1647 = ORIENTED_EDGE('',*,*,#429,.T.);
#1648 = ORIENTED_EDGE('',*,*,#1634,.T.);
#1649 = ORIENTED_EDGE('',*,*,#1650,.F.);
#1650 = EDGE_CURVE('',#1651,#1627,#1653,.T.);
#1651 = VERTEX_POINT('',#1652);
#1652 = CARTESIAN_POINT('',(1.5,2.6,0.5));
#1653 = CIRCLE('',#1654,0.1);
#1654 = AXIS2_PLACEMENT_3D('',#1655,#1656,#1657);
#1655 = CARTESIAN_POINT('',(1.4,2.6,0.5));
#1656 = DIRECTION('',(1.110223024625E-16,1.,-0.));
#1657 = DIRECTION('',(0.,0.,1.));
#1658 = ORIENTED_EDGE('',*,*,#1659,.F.);
#1659 = EDGE_CURVE('',#422,#1651,#1660,.T.);
#1660 = LINE('',#1661,#1662);
#1661 = CARTESIAN_POINT('',(1.5,2.5,0.5));
#1662 = VECTOR('',#1663,1.);
#1663 = DIRECTION('',(1.110223024625E-16,1.,0.));
#1664 = CYLINDRICAL_SURFACE('',#1665,0.1);
#1665 = AXIS2_PLACEMENT_3D('',#1666,#1667,#1668);
#1666 = CARTESIAN_POINT('',(1.4,2.5,0.5));
#1667 = DIRECTION('',(1.110223024625E-16,1.,0.));
#1668 = DIRECTION('',(1.,-1.110223024625E-16,0.));
#1669 = ADVANCED_FACE('',(#1670),#1696,.T.);
#1670 = FACE_BOUND('',#1671,.T.);
#1671 = EDGE_LOOP('',(#1672,#1680,#1689,#1695));
#1672 = ORIENTED_EDGE('',*,*,#1673,.T.);
#1673 = EDGE_CURVE('',#481,#1674,#1676,.T.);
#1674 = VERTEX_POINT('',#1675);
#1675 = CARTESIAN_POINT('',(1.5,-2.6,0.5));
#1676 = LINE('',#1677,#1678);
#1677 = CARTESIAN_POINT('',(1.5,-2.5,0.5));
#1678 = VECTOR('',#1679,1.);
#1679 = DIRECTION('',(-2.22044604925E-16,-1.,0.));
#1680 = ORIENTED_EDGE('',*,*,#1681,.T.);
#1681 = EDGE_CURVE('',#1674,#1682,#1684,.T.);
#1682 = VERTEX_POINT('',#1683);
#1683 = CARTESIAN_POINT('',(1.4,-2.6,0.4));
#1684 = CIRCLE('',#1685,0.1);
#1685 = AXIS2_PLACEMENT_3D('',#1686,#1687,#1688);
#1686 = CARTESIAN_POINT('',(1.4,-2.6,0.5));
#1687 = DIRECTION('',(2.22044604925E-16,1.,-0.));
#1688 = DIRECTION('',(0.,0.,1.));
#1689 = ORIENTED_EDGE('',*,*,#1690,.F.);
#1690 = EDGE_CURVE('',#473,#1682,#1691,.T.);
#1691 = LINE('',#1692,#1693);
#1692 = CARTESIAN_POINT('',(1.4,-2.5,0.4));
#1693 = VECTOR('',#1694,1.);
#1694 = DIRECTION('',(-2.22044604925E-16,-1.,0.));
#1695 = ORIENTED_EDGE('',*,*,#480,.F.);
#1696 = CYLINDRICAL_SURFACE('',#1697,0.1);
#1697 = AXIS2_PLACEMENT_3D('',#1698,#1699,#1700);
#1698 = CARTESIAN_POINT('',(1.4,-2.5,0.5));
#1699 = DIRECTION('',(-2.22044604925E-16,-1.,0.));
#1700 = DIRECTION('',(1.,-2.22044604925E-16,0.));
#1701 = ADVANCED_FACE('',(#1702),#1720,.T.);
#1702 = FACE_BOUND('',#1703,.T.);
#1703 = EDGE_LOOP('',(#1704,#1705,#1706,#1714));
#1704 = ORIENTED_EDGE('',*,*,#472,.F.);
#1705 = ORIENTED_EDGE('',*,*,#1690,.T.);
#1706 = ORIENTED_EDGE('',*,*,#1707,.F.);
#1707 = EDGE_CURVE('',#1708,#1682,#1710,.T.);
#1708 = VERTEX_POINT('',#1709);
#1709 = CARTESIAN_POINT('',(-1.4,-2.6,0.4));
#1710 = LINE('',#1711,#1712);
#1711 = CARTESIAN_POINT('',(-1.4,-2.6,0.4));
#1712 = VECTOR('',#1713,1.);
#1713 = DIRECTION('',(1.,-2.22044604925E-16,0.));
#1714 = ORIENTED_EDGE('',*,*,#1715,.F.);
#1715 = EDGE_CURVE('',#464,#1708,#1716,.T.);
#1716 = LINE('',#1717,#1718);
#1717 = CARTESIAN_POINT('',(-1.4,-2.5,0.4));
#1718 = VECTOR('',#1719,1.);
#1719 = DIRECTION('',(-2.22044604925E-16,-1.,0.));
#1720 = PLANE('',#1721);
#1721 = AXIS2_PLACEMENT_3D('',#1722,#1723,#1724);
#1722 = CARTESIAN_POINT('',(1.5,-2.5,0.4));
#1723 = DIRECTION('',(0.,0.,-1.));
#1724 = DIRECTION('',(-1.,2.22044604925E-16,0.));
#1725 = ADVANCED_FACE('',(#1726),#1738,.T.);
#1726 = FACE_BOUND('',#1727,.T.);
#1727 = EDGE_LOOP('',(#1728,#1729,#1730,#1737));
#1728 = ORIENTED_EDGE('',*,*,#463,.T.);
#1729 = ORIENTED_EDGE('',*,*,#1715,.T.);
#1730 = ORIENTED_EDGE('',*,*,#1731,.F.);
#1731 = EDGE_CURVE('',#1227,#1708,#1732,.T.);
#1732 = CIRCLE('',#1733,0.1);
#1733 = AXIS2_PLACEMENT_3D('',#1734,#1735,#1736);
#1734 = CARTESIAN_POINT('',(-1.4,-2.6,0.5));
#1735 = DIRECTION('',(-2.22044604925E-16,-1.,0.));
#1736 = DIRECTION('',(0.,0.,1.));
#1737 = ORIENTED_EDGE('',*,*,#1234,.F.);
#1738 = CYLINDRICAL_SURFACE('',#1739,0.1);
#1739 = AXIS2_PLACEMENT_3D('',#1740,#1741,#1742);
#1740 = CARTESIAN_POINT('',(-1.4,-2.5,0.5));
#1741 = DIRECTION('',(-2.22044604925E-16,-1.,0.));
#1742 = DIRECTION('',(-1.,2.22044604925E-16,0.));
#1743 = ADVANCED_FACE('',(#1744),#1794,.T.);
#1744 = FACE_BOUND('',#1745,.T.);
#1745 = EDGE_LOOP('',(#1746,#1756,#1764,#1773,#1781,#1787,#1788));
#1746 = ORIENTED_EDGE('',*,*,#1747,.T.);
#1747 = EDGE_CURVE('',#1748,#1750,#1752,.T.);
#1748 = VERTEX_POINT('',#1749);
#1749 = CARTESIAN_POINT('',(2.1,1.5,0.7));
#1750 = VERTEX_POINT('',#1751);
#1751 = CARTESIAN_POINT('',(2.1,1.5,0.8));
#1752 = LINE('',#1753,#1754);
#1753 = CARTESIAN_POINT('',(2.1,1.5,0.7));
#1754 = VECTOR('',#1755,1.);
#1755 = DIRECTION('',(0.,0.,1.));
#1756 = ORIENTED_EDGE('',*,*,#1757,.T.);
#1757 = EDGE_CURVE('',#1750,#1758,#1760,.T.);
#1758 = VERTEX_POINT('',#1759);
#1759 = CARTESIAN_POINT('',(2.5,1.5,0.8));
#1760 = LINE('',#1761,#1762);
#1761 = CARTESIAN_POINT('',(2.1,1.5,0.8));
#1762 = VECTOR('',#1763,1.);
#1763 = DIRECTION('',(1.,0.,0.));
#1764 = ORIENTED_EDGE('',*,*,#1765,.T.);
#1765 = EDGE_CURVE('',#1758,#1766,#1768,.T.);
#1766 = VERTEX_POINT('',#1767);
#1767 = CARTESIAN_POINT('',(2.6,1.5,0.7));
#1768 = CIRCLE('',#1769,0.1);
#1769 = AXIS2_PLACEMENT_3D('',#1770,#1771,#1772);
#1770 = CARTESIAN_POINT('',(2.5,1.5,0.7));
#1771 = DIRECTION('',(-0.,1.,0.));
#1772 = DIRECTION('',(4.440892098501E-15,0.,1.));
#1773 = ORIENTED_EDGE('',*,*,#1774,.T.);
#1774 = EDGE_CURVE('',#1766,#1775,#1777,.T.);
#1775 = VERTEX_POINT('',#1776);
#1776 = CARTESIAN_POINT('',(2.6,1.5,0.6));
#1777 = LINE('',#1778,#1779);
#1778 = CARTESIAN_POINT('',(2.6,1.5,0.7));
#1779 = VECTOR('',#1780,1.);
#1780 = DIRECTION('',(0.,0.,-1.));
#1781 = ORIENTED_EDGE('',*,*,#1782,.F.);
#1782 = EDGE_CURVE('',#505,#1775,#1783,.T.);
#1783 = LINE('',#1784,#1785);
#1784 = CARTESIAN_POINT('',(2.5,1.5,0.6));
#1785 = VECTOR('',#1786,1.);
#1786 = DIRECTION('',(1.,0.,0.));
#1787 = ORIENTED_EDGE('',*,*,#512,.T.);
#1788 = ORIENTED_EDGE('',*,*,#1789,.F.);
#1789 = EDGE_CURVE('',#1748,#513,#1790,.T.);
#1790 = LINE('',#1791,#1792);
#1791 = CARTESIAN_POINT('',(2.1,1.5,0.7));
#1792 = VECTOR('',#1793,1.);
#1793 = DIRECTION('',(1.,0.,0.));
#1794 = PLANE('',#1795);
#1795 = AXIS2_PLACEMENT_3D('',#1796,#1797,#1798);
#1796 = CARTESIAN_POINT('',(2.1,1.5,0.7));
#1797 = DIRECTION('',(0.,1.,0.));
#1798 = DIRECTION('',(1.,0.,0.));
#1799 = ADVANCED_FACE('',(#1800),#1843,.T.);
#1800 = FACE_BOUND('',#1801,.T.);
#1801 = EDGE_LOOP('',(#1802,#1812,#1818,#1819,#1820,#1828,#1837));
#1802 = ORIENTED_EDGE('',*,*,#1803,.F.);
#1803 = EDGE_CURVE('',#1804,#1806,#1808,.T.);
#1804 = VERTEX_POINT('',#1805);
#1805 = CARTESIAN_POINT('',(1.5,2.1,0.7));
#1806 = VERTEX_POINT('',#1807);
#1807 = CARTESIAN_POINT('',(1.5,2.1,0.8));
#1808 = LINE('',#1809,#1810);
#1809 = CARTESIAN_POINT('',(1.5,2.1,0.7));
#1810 = VECTOR('',#1811,1.);
#1811 = DIRECTION('',(0.,0.,1.));
#1812 = ORIENTED_EDGE('',*,*,#1813,.F.);
#1813 = EDGE_CURVE('',#537,#1804,#1814,.T.);
#1814 = LINE('',#1815,#1816);
#1815 = CARTESIAN_POINT('',(1.5,2.5,0.7));
#1816 = VECTOR('',#1817,1.);
#1817 = DIRECTION('',(-1.110223024625E-16,-1.,0.));
#1818 = ORIENTED_EDGE('',*,*,#544,.F.);
#1819 = ORIENTED_EDGE('',*,*,#1659,.T.);
#1820 = ORIENTED_EDGE('',*,*,#1821,.F.);
#1821 = EDGE_CURVE('',#1822,#1651,#1824,.T.);
#1822 = VERTEX_POINT('',#1823);
#1823 = CARTESIAN_POINT('',(1.5,2.6,0.7));
#1824 = LINE('',#1825,#1826);
#1825 = CARTESIAN_POINT('',(1.5,2.6,0.7));
#1826 = VECTOR('',#1827,1.);
#1827 = DIRECTION('',(0.,0.,-1.));
#1828 = ORIENTED_EDGE('',*,*,#1829,.F.);
#1829 = EDGE_CURVE('',#1830,#1822,#1832,.T.);
#1830 = VERTEX_POINT('',#1831);
#1831 = CARTESIAN_POINT('',(1.5,2.5,0.8));
#1832 = CIRCLE('',#1833,0.1);
#1833 = AXIS2_PLACEMENT_3D('',#1834,#1835,#1836);
#1834 = CARTESIAN_POINT('',(1.5,2.5,0.7));
#1835 = DIRECTION('',(-1.,1.110223024625E-16,0.));
#1836 = DIRECTION('',(4.930380657631E-31,4.440892098501E-15,1.));
#1837 = ORIENTED_EDGE('',*,*,#1838,.T.);
#1838 = EDGE_CURVE('',#1830,#1806,#1839,.T.);
#1839 = LINE('',#1840,#1841);
#1840 = CARTESIAN_POINT('',(1.5,2.5,0.8));
#1841 = VECTOR('',#1842,1.);
#1842 = DIRECTION('',(-1.110223024625E-16,-1.,0.));
#1843 = PLANE('',#1844);
#1844 = AXIS2_PLACEMENT_3D('',#1845,#1846,#1847);
#1845 = CARTESIAN_POINT('',(1.5,2.5,0.7));
#1846 = DIRECTION('',(1.,-1.110223024625E-16,0.));
#1847 = DIRECTION('',(-1.110223024625E-16,-1.,0.));
#1848 = ADVANCED_FACE('',(#1849),#1859,.T.);
#1849 = FACE_BOUND('',#1850,.T.);
#1850 = EDGE_LOOP('',(#1851,#1852,#1858));
#1851 = ORIENTED_EDGE('',*,*,#520,.T.);
#1852 = ORIENTED_EDGE('',*,*,#1853,.T.);
#1853 = EDGE_CURVE('',#521,#1748,#1854,.T.);
#1854 = LINE('',#1855,#1856);
#1855 = CARTESIAN_POINT('',(2.1,2.5,0.7));
#1856 = VECTOR('',#1857,1.);
#1857 = DIRECTION('',(0.,-1.,0.));
#1858 = ORIENTED_EDGE('',*,*,#1789,.T.);
#1859 = PLANE('',#1860);
#1860 = AXIS2_PLACEMENT_3D('',#1861,#1862,#1863);
#1861 = CARTESIAN_POINT('',(0.,0.,0.7));
#1862 = DIRECTION('',(0.,0.,1.));
#1863 = DIRECTION('',(1.,0.,-0.));
#1864 = ADVANCED_FACE('',(#1865),#1875,.T.);
#1865 = FACE_BOUND('',#1866,.T.);
#1866 = EDGE_LOOP('',(#1867,#1868,#1869));
#1867 = ORIENTED_EDGE('',*,*,#536,.T.);
#1868 = ORIENTED_EDGE('',*,*,#1813,.T.);
#1869 = ORIENTED_EDGE('',*,*,#1870,.T.);
#1870 = EDGE_CURVE('',#1804,#529,#1871,.T.);
#1871 = LINE('',#1872,#1873);
#1872 = CARTESIAN_POINT('',(1.5,2.1,0.7));
#1873 = VECTOR('',#1874,1.);
#1874 = DIRECTION('',(1.,-1.110223024625E-16,0.));
#1875 = PLANE('',#1876);
#1876 = AXIS2_PLACEMENT_3D('',#1877,#1878,#1879);
#1877 = CARTESIAN_POINT('',(0.,0.,0.7));
#1878 = DIRECTION('',(0.,0.,1.));
#1879 = DIRECTION('',(1.,0.,-0.));
#1880 = ADVANCED_FACE('',(#1881),#1906,.T.);
#1881 = FACE_BOUND('',#1882,.F.);
#1882 = EDGE_LOOP('',(#1883,#1884,#1892,#1900));
#1883 = ORIENTED_EDGE('',*,*,#528,.F.);
#1884 = ORIENTED_EDGE('',*,*,#1885,.T.);
#1885 = EDGE_CURVE('',#521,#1886,#1888,.T.);
#1886 = VERTEX_POINT('',#1887);
#1887 = CARTESIAN_POINT('',(2.1,1.9,0.8));
#1888 = LINE('',#1889,#1890);
#1889 = CARTESIAN_POINT('',(2.1,1.9,0.7));
#1890 = VECTOR('',#1891,1.);
#1891 = DIRECTION('',(0.,0.,1.));
#1892 = ORIENTED_EDGE('',*,*,#1893,.T.);
#1893 = EDGE_CURVE('',#1886,#1894,#1896,.T.);
#1894 = VERTEX_POINT('',#1895);
#1895 = CARTESIAN_POINT('',(1.9,2.1,0.8));
#1896 = LINE('',#1897,#1898);
#1897 = CARTESIAN_POINT('',(2.,2.,0.8));
#1898 = VECTOR('',#1899,1.);
#1899 = DIRECTION('',(-0.707106781187,0.707106781187,0.));
#1900 = ORIENTED_EDGE('',*,*,#1901,.T.);
#1901 = EDGE_CURVE('',#1894,#529,#1902,.T.);
#1902 = LINE('',#1903,#1904);
#1903 = CARTESIAN_POINT('',(1.9,2.1,0.7));
#1904 = VECTOR('',#1905,1.);
#1905 = DIRECTION('',(0.,0.,-1.));
#1906 = PLANE('',#1907);
#1907 = AXIS2_PLACEMENT_3D('',#1908,#1909,#1910);
#1908 = CARTESIAN_POINT('',(2.,2.,0.7));
#1909 = DIRECTION('',(0.707106781187,0.707106781187,0.));
#1910 = DIRECTION('',(0.,0.,-1.));
#1911 = ADVANCED_FACE('',(#1912),#1937,.T.);
#1912 = FACE_BOUND('',#1913,.T.);
#1913 = EDGE_LOOP('',(#1914,#1915,#1923,#1931));
#1914 = ORIENTED_EDGE('',*,*,#553,.F.);
#1915 = ORIENTED_EDGE('',*,*,#1916,.T.);
#1916 = EDGE_CURVE('',#554,#1917,#1919,.T.);
#1917 = VERTEX_POINT('',#1918);
#1918 = CARTESIAN_POINT('',(2.62518666077,1.6,0.35));
#1919 = LINE('',#1920,#1921);
#1920 = CARTESIAN_POINT('',(1.4,1.6,0.35));
#1921 = VECTOR('',#1922,1.);
#1922 = DIRECTION('',(1.,0.,0.));
#1923 = ORIENTED_EDGE('',*,*,#1924,.T.);
#1924 = EDGE_CURVE('',#1917,#1925,#1927,.T.);
#1925 = VERTEX_POINT('',#1926);
#1926 = CARTESIAN_POINT('',(2.62518666077,2.1,0.35));
#1927 = LINE('',#1928,#1929);
#1928 = CARTESIAN_POINT('',(2.62518666077,1.6,0.35));
#1929 = VECTOR('',#1930,1.);
#1930 = DIRECTION('',(0.,1.,0.));
#1931 = ORIENTED_EDGE('',*,*,#1932,.F.);
#1932 = EDGE_CURVE('',#556,#1925,#1933,.T.);
#1933 = LINE('',#1934,#1935);
#1934 = CARTESIAN_POINT('',(1.4,2.1,0.35));
#1935 = VECTOR('',#1936,1.);
#1936 = DIRECTION('',(1.,0.,0.));
#1937 = PLANE('',#1938);
#1938 = AXIS2_PLACEMENT_3D('',#1939,#1940,#1941);
#1939 = CARTESIAN_POINT('',(1.4,1.85,0.35));
#1940 = DIRECTION('',(0.,0.,1.));
#1941 = DIRECTION('',(1.,0.,-0.));
#1942 = ADVANCED_FACE('',(#1943),#2029,.T.);
#1943 = FACE_BOUND('',#1944,.T.);
#1944 = EDGE_LOOP('',(#1945,#1955,#1963,#1972,#1980,#1989,#1995,#1996,
    #1997,#2006,#2014,#2023));
#1945 = ORIENTED_EDGE('',*,*,#1946,.T.);
#1946 = EDGE_CURVE('',#1947,#1949,#1951,.T.);
#1947 = VERTEX_POINT('',#1948);
#1948 = CARTESIAN_POINT('',(3.2,2.1,0.1));
#1949 = VERTEX_POINT('',#1950);
#1950 = CARTESIAN_POINT('',(3.2,2.1,0.));
#1951 = LINE('',#1952,#1953);
#1952 = CARTESIAN_POINT('',(3.2,2.1,0.1));
#1953 = VECTOR('',#1954,1.);
#1954 = DIRECTION('',(0.,0.,-1.));
#1955 = ORIENTED_EDGE('',*,*,#1956,.T.);
#1956 = EDGE_CURVE('',#1949,#1957,#1959,.T.);
#1957 = VERTEX_POINT('',#1958);
#1958 = CARTESIAN_POINT('',(3.02481333923,2.1,2.775557561563E-17));
#1959 = LINE('',#1960,#1961);
#1960 = CARTESIAN_POINT('',(3.2,2.1,0.));
#1961 = VECTOR('',#1962,1.);
#1962 = DIRECTION('',(-1.,0.,0.));
#1963 = ORIENTED_EDGE('',*,*,#1964,.T.);
#1964 = EDGE_CURVE('',#1957,#1965,#1967,.T.);
#1965 = VERTEX_POINT('',#1966);
#1966 = CARTESIAN_POINT('',(2.89355333421,2.1,4.909999641431E-02));
#1967 = CIRCLE('',#1968,0.2);
#1968 = AXIS2_PLACEMENT_3D('',#1969,#1970,#1971);
#1969 = CARTESIAN_POINT('',(3.02481333923,2.1,0.2));
#1970 = DIRECTION('',(0.,1.,0.));
#1971 = DIRECTION('',(-8.326672684689E-16,0.,-1.));
#1972 = ORIENTED_EDGE('',*,*,#1973,.T.);
#1973 = EDGE_CURVE('',#1965,#1974,#1976,.T.);
#1974 = VERTEX_POINT('',#1975);
#1975 = CARTESIAN_POINT('',(2.69081666328,2.1,0.225450001793));
#1976 = LINE('',#1977,#1978);
#1977 = CARTESIAN_POINT('',(2.89355333421,2.1,4.909999641431E-02));
#1978 = VECTOR('',#1979,1.);
#1979 = DIRECTION('',(-0.754500017928,0.,0.6563000251));
#1980 = ORIENTED_EDGE('',*,*,#1981,.T.);
#1981 = EDGE_CURVE('',#1974,#1982,#1984,.T.);
#1982 = VERTEX_POINT('',#1983);
#1983 = CARTESIAN_POINT('',(2.62518666077,2.1,0.25));
#1984 = CIRCLE('',#1985,0.1);
#1985 = AXIS2_PLACEMENT_3D('',#1986,#1987,#1988);
#1986 = CARTESIAN_POINT('',(2.62518666077,2.1,0.15));
#1987 = DIRECTION('',(0.,-1.,0.));
#1988 = DIRECTION('',(0.6563000251,0.,0.754500017928));
#1989 = ORIENTED_EDGE('',*,*,#1990,.T.);
#1990 = EDGE_CURVE('',#1982,#572,#1991,.T.);
#1991 = LINE('',#1992,#1993);
#1992 = CARTESIAN_POINT('',(2.62518666077,2.1,0.25));
#1993 = VECTOR('',#1994,1.);
#1994 = DIRECTION('',(-1.,0.,-2.26541607939E-17));
#1995 = ORIENTED_EDGE('',*,*,#579,.F.);
#1996 = ORIENTED_EDGE('',*,*,#1932,.T.);
#1997 = ORIENTED_EDGE('',*,*,#1998,.T.);
#1998 = EDGE_CURVE('',#1925,#1999,#2001,.T.);
#1999 = VERTEX_POINT('',#2000);
#2000 = CARTESIAN_POINT('',(2.75644666579,2.1,0.300900003586));
#2001 = CIRCLE('',#2002,0.2);
#2002 = AXIS2_PLACEMENT_3D('',#2003,#2004,#2005);
#2003 = CARTESIAN_POINT('',(2.62518666077,2.1,0.15));
#2004 = DIRECTION('',(-0.,1.,0.));
#2005 = DIRECTION('',(1.665334536938E-15,0.,1.));
#2006 = ORIENTED_EDGE('',*,*,#2007,.T.);
#2007 = EDGE_CURVE('',#1999,#2008,#2010,.T.);
#2008 = VERTEX_POINT('',#2009);
#2009 = CARTESIAN_POINT('',(2.95918333672,2.1,0.124549998207));
#2010 = LINE('',#2011,#2012);
#2011 = CARTESIAN_POINT('',(2.75644666579,2.1,0.300900003586));
#2012 = VECTOR('',#2013,1.);
#2013 = DIRECTION('',(0.754500017928,0.,-0.6563000251));
#2014 = ORIENTED_EDGE('',*,*,#2015,.T.);
#2015 = EDGE_CURVE('',#2008,#2016,#2018,.T.);
#2016 = VERTEX_POINT('',#2017);
#2017 = CARTESIAN_POINT('',(3.02481333923,2.1,0.1));
#2018 = CIRCLE('',#2019,0.1);
#2019 = AXIS2_PLACEMENT_3D('',#2020,#2021,#2022);
#2020 = CARTESIAN_POINT('',(3.02481333923,2.1,0.2));
#2021 = DIRECTION('',(0.,-1.,0.));
#2022 = DIRECTION('',(-0.6563000251,-0.,-0.754500017928));
#2023 = ORIENTED_EDGE('',*,*,#2024,.T.);
#2024 = EDGE_CURVE('',#2016,#1947,#2025,.T.);
#2025 = LINE('',#2026,#2027);
#2026 = CARTESIAN_POINT('',(3.02481333923,2.1,0.1));
#2027 = VECTOR('',#2028,1.);
#2028 = DIRECTION('',(1.,0.,0.));
#2029 = PLANE('',#2030);
#2030 = AXIS2_PLACEMENT_3D('',#2031,#2032,#2033);
#2031 = CARTESIAN_POINT('',(2.32206019039,2.1,0.241176290738));
#2032 = DIRECTION('',(0.,1.,0.));
#2033 = DIRECTION('',(0.,-0.,1.));
#2034 = ADVANCED_FACE('',(#2035),#2053,.T.);
#2035 = FACE_BOUND('',#2036,.T.);
#2036 = EDGE_LOOP('',(#2037,#2045,#2051,#2052));
#2037 = ORIENTED_EDGE('',*,*,#2038,.F.);
#2038 = EDGE_CURVE('',#2039,#1982,#2041,.T.);
#2039 = VERTEX_POINT('',#2040);
#2040 = CARTESIAN_POINT('',(2.62518666077,1.6,0.25));
#2041 = LINE('',#2042,#2043);
#2042 = CARTESIAN_POINT('',(2.62518666077,1.6,0.25));
#2043 = VECTOR('',#2044,1.);
#2044 = DIRECTION('',(0.,1.,0.));
#2045 = ORIENTED_EDGE('',*,*,#2046,.T.);
#2046 = EDGE_CURVE('',#2039,#564,#2047,.T.);
#2047 = LINE('',#2048,#2049);
#2048 = CARTESIAN_POINT('',(2.62518666077,1.6,0.25));
#2049 = VECTOR('',#2050,1.);
#2050 = DIRECTION('',(-1.,0.,-2.26541607939E-17));
#2051 = ORIENTED_EDGE('',*,*,#571,.F.);
#2052 = ORIENTED_EDGE('',*,*,#1990,.F.);
#2053 = PLANE('',#2054);
#2054 = AXIS2_PLACEMENT_3D('',#2055,#2056,#2057);
#2055 = CARTESIAN_POINT('',(2.62518666077,1.85,0.25));
#2056 = DIRECTION('',(2.26541607939E-17,0.,-1.));
#2057 = DIRECTION('',(-1.,0.,-2.26541607939E-17));
#2058 = ADVANCED_FACE('',(#2059),#2138,.F.);
#2059 = FACE_BOUND('',#2060,.F.);
#2060 = EDGE_LOOP('',(#2061,#2071,#2079,#2088,#2096,#2103,#2104,#2105,
    #2106,#2115,#2123,#2132));
#2061 = ORIENTED_EDGE('',*,*,#2062,.T.);
#2062 = EDGE_CURVE('',#2063,#2065,#2067,.T.);
#2063 = VERTEX_POINT('',#2064);
#2064 = CARTESIAN_POINT('',(3.2,1.6,0.1));
#2065 = VERTEX_POINT('',#2066);
#2066 = CARTESIAN_POINT('',(3.2,1.6,0.));
#2067 = LINE('',#2068,#2069);
#2068 = CARTESIAN_POINT('',(3.2,1.6,0.1));
#2069 = VECTOR('',#2070,1.);
#2070 = DIRECTION('',(0.,0.,-1.));
#2071 = ORIENTED_EDGE('',*,*,#2072,.T.);
#2072 = EDGE_CURVE('',#2065,#2073,#2075,.T.);
#2073 = VERTEX_POINT('',#2074);
#2074 = CARTESIAN_POINT('',(3.02481333923,1.6,2.775557561563E-17));
#2075 = LINE('',#2076,#2077);
#2076 = CARTESIAN_POINT('',(3.2,1.6,0.));
#2077 = VECTOR('',#2078,1.);
#2078 = DIRECTION('',(-1.,0.,0.));
#2079 = ORIENTED_EDGE('',*,*,#2080,.T.);
#2080 = EDGE_CURVE('',#2073,#2081,#2083,.T.);
#2081 = VERTEX_POINT('',#2082);
#2082 = CARTESIAN_POINT('',(2.89355333421,1.6,4.909999641431E-02));
#2083 = CIRCLE('',#2084,0.2);
#2084 = AXIS2_PLACEMENT_3D('',#2085,#2086,#2087);
#2085 = CARTESIAN_POINT('',(3.02481333923,1.6,0.2));
#2086 = DIRECTION('',(0.,1.,0.));
#2087 = DIRECTION('',(-8.326672684689E-16,0.,-1.));
#2088 = ORIENTED_EDGE('',*,*,#2089,.T.);
#2089 = EDGE_CURVE('',#2081,#2090,#2092,.T.);
#2090 = VERTEX_POINT('',#2091);
#2091 = CARTESIAN_POINT('',(2.69081666328,1.6,0.225450001793));
#2092 = LINE('',#2093,#2094);
#2093 = CARTESIAN_POINT('',(2.89355333421,1.6,4.909999641431E-02));
#2094 = VECTOR('',#2095,1.);
#2095 = DIRECTION('',(-0.754500017928,0.,0.6563000251));
#2096 = ORIENTED_EDGE('',*,*,#2097,.T.);
#2097 = EDGE_CURVE('',#2090,#2039,#2098,.T.);
#2098 = CIRCLE('',#2099,0.1);
#2099 = AXIS2_PLACEMENT_3D('',#2100,#2101,#2102);
#2100 = CARTESIAN_POINT('',(2.62518666077,1.6,0.15));
#2101 = DIRECTION('',(0.,-1.,0.));
#2102 = DIRECTION('',(0.6563000251,0.,0.754500017928));
#2103 = ORIENTED_EDGE('',*,*,#2046,.T.);
#2104 = ORIENTED_EDGE('',*,*,#563,.F.);
#2105 = ORIENTED_EDGE('',*,*,#1916,.T.);
#2106 = ORIENTED_EDGE('',*,*,#2107,.T.);
#2107 = EDGE_CURVE('',#1917,#2108,#2110,.T.);
#2108 = VERTEX_POINT('',#2109);
#2109 = CARTESIAN_POINT('',(2.75644666579,1.6,0.300900003586));
#2110 = CIRCLE('',#2111,0.2);
#2111 = AXIS2_PLACEMENT_3D('',#2112,#2113,#2114);
#2112 = CARTESIAN_POINT('',(2.62518666077,1.6,0.15));
#2113 = DIRECTION('',(-0.,1.,0.));
#2114 = DIRECTION('',(1.665334536938E-15,0.,1.));
#2115 = ORIENTED_EDGE('',*,*,#2116,.T.);
#2116 = EDGE_CURVE('',#2108,#2117,#2119,.T.);
#2117 = VERTEX_POINT('',#2118);
#2118 = CARTESIAN_POINT('',(2.95918333672,1.6,0.124549998207));
#2119 = LINE('',#2120,#2121);
#2120 = CARTESIAN_POINT('',(2.75644666579,1.6,0.300900003586));
#2121 = VECTOR('',#2122,1.);
#2122 = DIRECTION('',(0.754500017928,0.,-0.6563000251));
#2123 = ORIENTED_EDGE('',*,*,#2124,.T.);
#2124 = EDGE_CURVE('',#2117,#2125,#2127,.T.);
#2125 = VERTEX_POINT('',#2126);
#2126 = CARTESIAN_POINT('',(3.02481333923,1.6,0.1));
#2127 = CIRCLE('',#2128,0.1);
#2128 = AXIS2_PLACEMENT_3D('',#2129,#2130,#2131);
#2129 = CARTESIAN_POINT('',(3.02481333923,1.6,0.2));
#2130 = DIRECTION('',(0.,-1.,0.));
#2131 = DIRECTION('',(-0.6563000251,-0.,-0.754500017928));
#2132 = ORIENTED_EDGE('',*,*,#2133,.T.);
#2133 = EDGE_CURVE('',#2125,#2063,#2134,.T.);
#2134 = LINE('',#2135,#2136);
#2135 = CARTESIAN_POINT('',(3.02481333923,1.6,0.1));
#2136 = VECTOR('',#2137,1.);
#2137 = DIRECTION('',(1.,0.,0.));
#2138 = PLANE('',#2139);
#2139 = AXIS2_PLACEMENT_3D('',#2140,#2141,#2142);
#2140 = CARTESIAN_POINT('',(2.32206019039,1.6,0.241176290738));
#2141 = DIRECTION('',(0.,1.,0.));
#2142 = DIRECTION('',(0.,-0.,1.));
#2143 = ADVANCED_FACE('',(#2144),#2194,.T.);
#2144 = FACE_BOUND('',#2145,.T.);
#2145 = EDGE_LOOP('',(#2146,#2156,#2162,#2163,#2171,#2179,#2188));
#2146 = ORIENTED_EDGE('',*,*,#2147,.F.);
#2147 = EDGE_CURVE('',#2148,#2150,#2152,.T.);
#2148 = VERTEX_POINT('',#2149);
#2149 = CARTESIAN_POINT('',(2.1,-1.5,0.7));
#2150 = VERTEX_POINT('',#2151);
#2151 = CARTESIAN_POINT('',(2.1,-1.5,0.8));
#2152 = LINE('',#2153,#2154);
#2153 = CARTESIAN_POINT('',(2.1,-1.5,0.7));
#2154 = VECTOR('',#2155,1.);
#2155 = DIRECTION('',(0.,0.,1.));
#2156 = ORIENTED_EDGE('',*,*,#2157,.F.);
#2157 = EDGE_CURVE('',#603,#2148,#2158,.T.);
#2158 = LINE('',#2159,#2160);
#2159 = CARTESIAN_POINT('',(2.5,-1.5,0.7));
#2160 = VECTOR('',#2161,1.);
#2161 = DIRECTION('',(-1.,0.,0.));
#2162 = ORIENTED_EDGE('',*,*,#602,.F.);
#2163 = ORIENTED_EDGE('',*,*,#2164,.T.);
#2164 = EDGE_CURVE('',#595,#2165,#2167,.T.);
#2165 = VERTEX_POINT('',#2166);
#2166 = CARTESIAN_POINT('',(2.6,-1.5,0.6));
#2167 = LINE('',#2168,#2169);
#2168 = CARTESIAN_POINT('',(2.5,-1.5,0.6));
#2169 = VECTOR('',#2170,1.);
#2170 = DIRECTION('',(1.,0.,0.));
#2171 = ORIENTED_EDGE('',*,*,#2172,.F.);
#2172 = EDGE_CURVE('',#2173,#2165,#2175,.T.);
#2173 = VERTEX_POINT('',#2174);
#2174 = CARTESIAN_POINT('',(2.6,-1.5,0.7));
#2175 = LINE('',#2176,#2177);
#2176 = CARTESIAN_POINT('',(2.6,-1.5,0.7));
#2177 = VECTOR('',#2178,1.);
#2178 = DIRECTION('',(-0.,-0.,-1.));
#2179 = ORIENTED_EDGE('',*,*,#2180,.F.);
#2180 = EDGE_CURVE('',#2181,#2173,#2183,.T.);
#2181 = VERTEX_POINT('',#2182);
#2182 = CARTESIAN_POINT('',(2.5,-1.5,0.8));
#2183 = CIRCLE('',#2184,0.1);
#2184 = AXIS2_PLACEMENT_3D('',#2185,#2186,#2187);
#2185 = CARTESIAN_POINT('',(2.5,-1.5,0.7));
#2186 = DIRECTION('',(-0.,1.,0.));
#2187 = DIRECTION('',(4.440892098501E-15,0.,1.));
#2188 = ORIENTED_EDGE('',*,*,#2189,.T.);
#2189 = EDGE_CURVE('',#2181,#2150,#2190,.T.);
#2190 = LINE('',#2191,#2192);
#2191 = CARTESIAN_POINT('',(2.5,-1.5,0.8));
#2192 = VECTOR('',#2193,1.);
#2193 = DIRECTION('',(-1.,0.,0.));
#2194 = PLANE('',#2195);
#2195 = AXIS2_PLACEMENT_3D('',#2196,#2197,#2198);
#2196 = CARTESIAN_POINT('',(2.5,-1.5,0.7));
#2197 = DIRECTION('',(0.,-1.,0.));
#2198 = DIRECTION('',(-1.,0.,0.));
#2199 = ADVANCED_FACE('',(#2200),#2243,.T.);
#2200 = FACE_BOUND('',#2201,.F.);
#2201 = EDGE_LOOP('',(#2202,#2212,#2218,#2219,#2220,#2228,#2237));
#2202 = ORIENTED_EDGE('',*,*,#2203,.F.);
#2203 = EDGE_CURVE('',#2204,#2206,#2208,.T.);
#2204 = VERTEX_POINT('',#2205);
#2205 = CARTESIAN_POINT('',(1.5,-2.1,0.7));
#2206 = VERTEX_POINT('',#2207);
#2207 = CARTESIAN_POINT('',(1.5,-2.1,0.8));
#2208 = LINE('',#2209,#2210);
#2209 = CARTESIAN_POINT('',(1.5,-2.1,0.7));
#2210 = VECTOR('',#2211,1.);
#2211 = DIRECTION('',(0.,0.,1.));
#2212 = ORIENTED_EDGE('',*,*,#2213,.F.);
#2213 = EDGE_CURVE('',#627,#2204,#2214,.T.);
#2214 = LINE('',#2215,#2216);
#2215 = CARTESIAN_POINT('',(1.5,-2.5,0.7));
#2216 = VECTOR('',#2217,1.);
#2217 = DIRECTION('',(-1.110223024625E-16,1.,0.));
#2218 = ORIENTED_EDGE('',*,*,#634,.F.);
#2219 = ORIENTED_EDGE('',*,*,#1673,.T.);
#2220 = ORIENTED_EDGE('',*,*,#2221,.F.);
#2221 = EDGE_CURVE('',#2222,#1674,#2224,.T.);
#2222 = VERTEX_POINT('',#2223);
#2223 = CARTESIAN_POINT('',(1.5,-2.6,0.7));
#2224 = LINE('',#2225,#2226);
#2225 = CARTESIAN_POINT('',(1.5,-2.6,0.7));
#2226 = VECTOR('',#2227,1.);
#2227 = DIRECTION('',(0.,0.,-1.));
#2228 = ORIENTED_EDGE('',*,*,#2229,.F.);
#2229 = EDGE_CURVE('',#2230,#2222,#2232,.T.);
#2230 = VERTEX_POINT('',#2231);
#2231 = CARTESIAN_POINT('',(1.5,-2.5,0.8));
#2232 = CIRCLE('',#2233,0.1);
#2233 = AXIS2_PLACEMENT_3D('',#2234,#2235,#2236);
#2234 = CARTESIAN_POINT('',(1.5,-2.5,0.7));
#2235 = DIRECTION('',(1.,-2.22044604925E-16,0.));
#2236 = DIRECTION('',(-9.860761315262E-31,-4.440892098501E-15,1.));
#2237 = ORIENTED_EDGE('',*,*,#2238,.T.);
#2238 = EDGE_CURVE('',#2230,#2206,#2239,.T.);
#2239 = LINE('',#2240,#2241);
#2240 = CARTESIAN_POINT('',(1.5,-2.5,0.8));
#2241 = VECTOR('',#2242,1.);
#2242 = DIRECTION('',(-1.110223024625E-16,1.,0.));
#2243 = PLANE('',#2244);
#2244 = AXIS2_PLACEMENT_3D('',#2245,#2246,#2247);
#2245 = CARTESIAN_POINT('',(1.5,-2.5,0.7));
#2246 = DIRECTION('',(1.,1.110223024625E-16,0.));
#2247 = DIRECTION('',(1.110223024625E-16,-1.,0.));
#2248 = ADVANCED_FACE('',(#2249),#2259,.T.);
#2249 = FACE_BOUND('',#2250,.T.);
#2250 = EDGE_LOOP('',(#2251,#2257,#2258));
#2251 = ORIENTED_EDGE('',*,*,#2252,.T.);
#2252 = EDGE_CURVE('',#2148,#611,#2253,.T.);
#2253 = LINE('',#2254,#2255);
#2254 = CARTESIAN_POINT('',(2.1,-1.5,0.7));
#2255 = VECTOR('',#2256,1.);
#2256 = DIRECTION('',(0.,-1.,0.));
#2257 = ORIENTED_EDGE('',*,*,#610,.F.);
#2258 = ORIENTED_EDGE('',*,*,#2157,.T.);
#2259 = PLANE('',#2260);
#2260 = AXIS2_PLACEMENT_3D('',#2261,#2262,#2263);
#2261 = CARTESIAN_POINT('',(0.,0.,0.7));
#2262 = DIRECTION('',(0.,0.,1.));
#2263 = DIRECTION('',(1.,0.,-0.));
#2264 = ADVANCED_FACE('',(#2265),#2275,.T.);
#2265 = FACE_BOUND('',#2266,.T.);
#2266 = EDGE_LOOP('',(#2267,#2268,#2269));
#2267 = ORIENTED_EDGE('',*,*,#2213,.F.);
#2268 = ORIENTED_EDGE('',*,*,#626,.F.);
#2269 = ORIENTED_EDGE('',*,*,#2270,.F.);
#2270 = EDGE_CURVE('',#2204,#619,#2271,.T.);
#2271 = LINE('',#2272,#2273);
#2272 = CARTESIAN_POINT('',(1.5,-2.1,0.7));
#2273 = VECTOR('',#2274,1.);
#2274 = DIRECTION('',(1.,1.110223024625E-16,0.));
#2275 = PLANE('',#2276);
#2276 = AXIS2_PLACEMENT_3D('',#2277,#2278,#2279);
#2277 = CARTESIAN_POINT('',(0.,0.,0.7));
#2278 = DIRECTION('',(0.,0.,1.));
#2279 = DIRECTION('',(1.,0.,-0.));
#2280 = ADVANCED_FACE('',(#2281),#2306,.T.);
#2281 = FACE_BOUND('',#2282,.T.);
#2282 = EDGE_LOOP('',(#2283,#2284,#2292,#2300));
#2283 = ORIENTED_EDGE('',*,*,#618,.F.);
#2284 = ORIENTED_EDGE('',*,*,#2285,.T.);
#2285 = EDGE_CURVE('',#611,#2286,#2288,.T.);
#2286 = VERTEX_POINT('',#2287);
#2287 = CARTESIAN_POINT('',(2.1,-1.9,0.8));
#2288 = LINE('',#2289,#2290);
#2289 = CARTESIAN_POINT('',(2.1,-1.9,0.7));
#2290 = VECTOR('',#2291,1.);
#2291 = DIRECTION('',(0.,0.,1.));
#2292 = ORIENTED_EDGE('',*,*,#2293,.T.);
#2293 = EDGE_CURVE('',#2286,#2294,#2296,.T.);
#2294 = VERTEX_POINT('',#2295);
#2295 = CARTESIAN_POINT('',(1.9,-2.1,0.8));
#2296 = LINE('',#2297,#2298);
#2297 = CARTESIAN_POINT('',(2.,-2.,0.8));
#2298 = VECTOR('',#2299,1.);
#2299 = DIRECTION('',(-0.707106781187,-0.707106781187,0.));
#2300 = ORIENTED_EDGE('',*,*,#2301,.F.);
#2301 = EDGE_CURVE('',#619,#2294,#2302,.T.);
#2302 = LINE('',#2303,#2304);
#2303 = CARTESIAN_POINT('',(1.9,-2.1,0.7));
#2304 = VECTOR('',#2305,1.);
#2305 = DIRECTION('',(0.,0.,1.));
#2306 = PLANE('',#2307);
#2307 = AXIS2_PLACEMENT_3D('',#2308,#2309,#2310);
#2308 = CARTESIAN_POINT('',(2.,-2.,0.7));
#2309 = DIRECTION('',(0.707106781187,-0.707106781187,0.));
#2310 = DIRECTION('',(0.,0.,1.));
#2311 = ADVANCED_FACE('',(#2312),#2337,.T.);
#2312 = FACE_BOUND('',#2313,.T.);
#2313 = EDGE_LOOP('',(#2314,#2324,#2330,#2331));
#2314 = ORIENTED_EDGE('',*,*,#2315,.F.);
#2315 = EDGE_CURVE('',#2316,#2318,#2320,.T.);
#2316 = VERTEX_POINT('',#2317);
#2317 = CARTESIAN_POINT('',(2.62518666077,-2.1,0.25));
#2318 = VERTEX_POINT('',#2319);
#2319 = CARTESIAN_POINT('',(2.62518666077,-1.6,0.25));
#2320 = LINE('',#2321,#2322);
#2321 = CARTESIAN_POINT('',(2.62518666077,-2.1,0.25));
#2322 = VECTOR('',#2323,1.);
#2323 = DIRECTION('',(0.,1.,0.));
#2324 = ORIENTED_EDGE('',*,*,#2325,.T.);
#2325 = EDGE_CURVE('',#2316,#644,#2326,.T.);
#2326 = LINE('',#2327,#2328);
#2327 = CARTESIAN_POINT('',(2.62518666077,-2.1,0.25));
#2328 = VECTOR('',#2329,1.);
#2329 = DIRECTION('',(-1.,0.,-2.26541607939E-17));
#2330 = ORIENTED_EDGE('',*,*,#643,.T.);
#2331 = ORIENTED_EDGE('',*,*,#2332,.F.);
#2332 = EDGE_CURVE('',#2318,#646,#2333,.T.);
#2333 = LINE('',#2334,#2335);
#2334 = CARTESIAN_POINT('',(2.62518666077,-1.6,0.25));
#2335 = VECTOR('',#2336,1.);
#2336 = DIRECTION('',(-1.,0.,-2.26541607939E-17));
#2337 = PLANE('',#2338);
#2338 = AXIS2_PLACEMENT_3D('',#2339,#2340,#2341);
#2339 = CARTESIAN_POINT('',(2.62518666077,-1.85,0.25));
#2340 = DIRECTION('',(2.26541607939E-17,0.,-1.));
#2341 = DIRECTION('',(-1.,0.,-2.26541607939E-17));
#2342 = ADVANCED_FACE('',(#2343),#2429,.T.);
#2343 = FACE_BOUND('',#2344,.T.);
#2344 = EDGE_LOOP('',(#2345,#2355,#2363,#2372,#2380,#2387,#2388,#2389,
    #2397,#2406,#2414,#2423));
#2345 = ORIENTED_EDGE('',*,*,#2346,.T.);
#2346 = EDGE_CURVE('',#2347,#2349,#2351,.T.);
#2347 = VERTEX_POINT('',#2348);
#2348 = CARTESIAN_POINT('',(3.2,-1.6,0.1));
#2349 = VERTEX_POINT('',#2350);
#2350 = CARTESIAN_POINT('',(3.2,-1.6,0.));
#2351 = LINE('',#2352,#2353);
#2352 = CARTESIAN_POINT('',(3.2,-1.6,0.1));
#2353 = VECTOR('',#2354,1.);
#2354 = DIRECTION('',(0.,0.,-1.));
#2355 = ORIENTED_EDGE('',*,*,#2356,.T.);
#2356 = EDGE_CURVE('',#2349,#2357,#2359,.T.);
#2357 = VERTEX_POINT('',#2358);
#2358 = CARTESIAN_POINT('',(3.02481333923,-1.6,0.));
#2359 = LINE('',#2360,#2361);
#2360 = CARTESIAN_POINT('',(3.2,-1.6,0.));
#2361 = VECTOR('',#2362,1.);
#2362 = DIRECTION('',(-1.,0.,0.));
#2363 = ORIENTED_EDGE('',*,*,#2364,.T.);
#2364 = EDGE_CURVE('',#2357,#2365,#2367,.T.);
#2365 = VERTEX_POINT('',#2366);
#2366 = CARTESIAN_POINT('',(2.89355333421,-1.6,4.909999641431E-02));
#2367 = CIRCLE('',#2368,0.2);
#2368 = AXIS2_PLACEMENT_3D('',#2369,#2370,#2371);
#2369 = CARTESIAN_POINT('',(3.02481333923,-1.6,0.2));
#2370 = DIRECTION('',(0.,1.,0.));
#2371 = DIRECTION('',(-8.326672684689E-16,0.,-1.));
#2372 = ORIENTED_EDGE('',*,*,#2373,.T.);
#2373 = EDGE_CURVE('',#2365,#2374,#2376,.T.);
#2374 = VERTEX_POINT('',#2375);
#2375 = CARTESIAN_POINT('',(2.69081666328,-1.6,0.225450001793));
#2376 = LINE('',#2377,#2378);
#2377 = CARTESIAN_POINT('',(2.89355333421,-1.6,4.909999641431E-02));
#2378 = VECTOR('',#2379,1.);
#2379 = DIRECTION('',(-0.754500017928,0.,0.6563000251));
#2380 = ORIENTED_EDGE('',*,*,#2381,.T.);
#2381 = EDGE_CURVE('',#2374,#2318,#2382,.T.);
#2382 = CIRCLE('',#2383,0.1);
#2383 = AXIS2_PLACEMENT_3D('',#2384,#2385,#2386);
#2384 = CARTESIAN_POINT('',(2.62518666077,-1.6,0.15));
#2385 = DIRECTION('',(0.,-1.,0.));
#2386 = DIRECTION('',(0.6563000251,0.,0.754500017928));
#2387 = ORIENTED_EDGE('',*,*,#2332,.T.);
#2388 = ORIENTED_EDGE('',*,*,#669,.T.);
#2389 = ORIENTED_EDGE('',*,*,#2390,.T.);
#2390 = EDGE_CURVE('',#662,#2391,#2393,.T.);
#2391 = VERTEX_POINT('',#2392);
#2392 = CARTESIAN_POINT('',(2.62518666077,-1.6,0.35));
#2393 = LINE('',#2394,#2395);
#2394 = CARTESIAN_POINT('',(1.4,-1.6,0.35));
#2395 = VECTOR('',#2396,1.);
#2396 = DIRECTION('',(1.,0.,0.));
#2397 = ORIENTED_EDGE('',*,*,#2398,.T.);
#2398 = EDGE_CURVE('',#2391,#2399,#2401,.T.);
#2399 = VERTEX_POINT('',#2400);
#2400 = CARTESIAN_POINT('',(2.75644666579,-1.6,0.300900003586));
#2401 = CIRCLE('',#2402,0.2);
#2402 = AXIS2_PLACEMENT_3D('',#2403,#2404,#2405);
#2403 = CARTESIAN_POINT('',(2.62518666077,-1.6,0.15));
#2404 = DIRECTION('',(-0.,1.,0.));
#2405 = DIRECTION('',(1.665334536938E-15,0.,1.));
#2406 = ORIENTED_EDGE('',*,*,#2407,.T.);
#2407 = EDGE_CURVE('',#2399,#2408,#2410,.T.);
#2408 = VERTEX_POINT('',#2409);
#2409 = CARTESIAN_POINT('',(2.95918333672,-1.6,0.124549998207));
#2410 = LINE('',#2411,#2412);
#2411 = CARTESIAN_POINT('',(2.75644666579,-1.6,0.300900003586));
#2412 = VECTOR('',#2413,1.);
#2413 = DIRECTION('',(0.754500017928,0.,-0.6563000251));
#2414 = ORIENTED_EDGE('',*,*,#2415,.T.);
#2415 = EDGE_CURVE('',#2408,#2416,#2418,.T.);
#2416 = VERTEX_POINT('',#2417);
#2417 = CARTESIAN_POINT('',(3.02481333923,-1.6,0.1));
#2418 = CIRCLE('',#2419,0.1);
#2419 = AXIS2_PLACEMENT_3D('',#2420,#2421,#2422);
#2420 = CARTESIAN_POINT('',(3.02481333923,-1.6,0.2));
#2421 = DIRECTION('',(0.,-1.,0.));
#2422 = DIRECTION('',(-0.6563000251,-0.,-0.754500017928));
#2423 = ORIENTED_EDGE('',*,*,#2424,.T.);
#2424 = EDGE_CURVE('',#2416,#2347,#2425,.T.);
#2425 = LINE('',#2426,#2427);
#2426 = CARTESIAN_POINT('',(3.02481333923,-1.6,0.1));
#2427 = VECTOR('',#2428,1.);
#2428 = DIRECTION('',(1.,0.,0.));
#2429 = PLANE('',#2430);
#2430 = AXIS2_PLACEMENT_3D('',#2431,#2432,#2433);
#2431 = CARTESIAN_POINT('',(2.32206019039,-1.6,0.241176290738));
#2432 = DIRECTION('',(0.,1.,0.));
#2433 = DIRECTION('',(0.,-0.,1.));
#2434 = ADVANCED_FACE('',(#2435),#2453,.T.);
#2435 = FACE_BOUND('',#2436,.T.);
#2436 = EDGE_LOOP('',(#2437,#2438,#2446,#2452));
#2437 = ORIENTED_EDGE('',*,*,#661,.T.);
#2438 = ORIENTED_EDGE('',*,*,#2439,.T.);
#2439 = EDGE_CURVE('',#654,#2440,#2442,.T.);
#2440 = VERTEX_POINT('',#2441);
#2441 = CARTESIAN_POINT('',(2.62518666077,-2.1,0.35));
#2442 = LINE('',#2443,#2444);
#2443 = CARTESIAN_POINT('',(1.4,-2.1,0.35));
#2444 = VECTOR('',#2445,1.);
#2445 = DIRECTION('',(1.,0.,0.));
#2446 = ORIENTED_EDGE('',*,*,#2447,.T.);
#2447 = EDGE_CURVE('',#2440,#2391,#2448,.T.);
#2448 = LINE('',#2449,#2450);
#2449 = CARTESIAN_POINT('',(2.62518666077,-2.1,0.35));
#2450 = VECTOR('',#2451,1.);
#2451 = DIRECTION('',(0.,1.,0.));
#2452 = ORIENTED_EDGE('',*,*,#2390,.F.);
#2453 = PLANE('',#2454);
#2454 = AXIS2_PLACEMENT_3D('',#2455,#2456,#2457);
#2455 = CARTESIAN_POINT('',(1.4,-1.85,0.35));
#2456 = DIRECTION('',(0.,0.,1.));
#2457 = DIRECTION('',(1.,0.,-0.));
#2458 = ADVANCED_FACE('',(#2459),#2538,.F.);
#2459 = FACE_BOUND('',#2460,.F.);
#2460 = EDGE_LOOP('',(#2461,#2471,#2479,#2488,#2496,#2503,#2504,#2505,
    #2506,#2515,#2523,#2532));
#2461 = ORIENTED_EDGE('',*,*,#2462,.T.);
#2462 = EDGE_CURVE('',#2463,#2465,#2467,.T.);
#2463 = VERTEX_POINT('',#2464);
#2464 = CARTESIAN_POINT('',(3.2,-2.1,0.1));
#2465 = VERTEX_POINT('',#2466);
#2466 = CARTESIAN_POINT('',(3.2,-2.1,0.));
#2467 = LINE('',#2468,#2469);
#2468 = CARTESIAN_POINT('',(3.2,-2.1,0.1));
#2469 = VECTOR('',#2470,1.);
#2470 = DIRECTION('',(0.,0.,-1.));
#2471 = ORIENTED_EDGE('',*,*,#2472,.T.);
#2472 = EDGE_CURVE('',#2465,#2473,#2475,.T.);
#2473 = VERTEX_POINT('',#2474);
#2474 = CARTESIAN_POINT('',(3.02481333923,-2.1,0.));
#2475 = LINE('',#2476,#2477);
#2476 = CARTESIAN_POINT('',(3.2,-2.1,0.));
#2477 = VECTOR('',#2478,1.);
#2478 = DIRECTION('',(-1.,0.,0.));
#2479 = ORIENTED_EDGE('',*,*,#2480,.T.);
#2480 = EDGE_CURVE('',#2473,#2481,#2483,.T.);
#2481 = VERTEX_POINT('',#2482);
#2482 = CARTESIAN_POINT('',(2.89355333421,-2.1,4.909999641431E-02));
#2483 = CIRCLE('',#2484,0.2);
#2484 = AXIS2_PLACEMENT_3D('',#2485,#2486,#2487);
#2485 = CARTESIAN_POINT('',(3.02481333923,-2.1,0.2));
#2486 = DIRECTION('',(0.,1.,0.));
#2487 = DIRECTION('',(-8.326672684689E-16,0.,-1.));
#2488 = ORIENTED_EDGE('',*,*,#2489,.T.);
#2489 = EDGE_CURVE('',#2481,#2490,#2492,.T.);
#2490 = VERTEX_POINT('',#2491);
#2491 = CARTESIAN_POINT('',(2.69081666328,-2.1,0.225450001793));
#2492 = LINE('',#2493,#2494);
#2493 = CARTESIAN_POINT('',(2.89355333421,-2.1,4.909999641431E-02));
#2494 = VECTOR('',#2495,1.);
#2495 = DIRECTION('',(-0.754500017928,0.,0.6563000251));
#2496 = ORIENTED_EDGE('',*,*,#2497,.T.);
#2497 = EDGE_CURVE('',#2490,#2316,#2498,.T.);
#2498 = CIRCLE('',#2499,0.1);
#2499 = AXIS2_PLACEMENT_3D('',#2500,#2501,#2502);
#2500 = CARTESIAN_POINT('',(2.62518666077,-2.1,0.15));
#2501 = DIRECTION('',(0.,-1.,0.));
#2502 = DIRECTION('',(0.6563000251,0.,0.754500017928));
#2503 = ORIENTED_EDGE('',*,*,#2325,.T.);
#2504 = ORIENTED_EDGE('',*,*,#653,.T.);
#2505 = ORIENTED_EDGE('',*,*,#2439,.T.);
#2506 = ORIENTED_EDGE('',*,*,#2507,.T.);
#2507 = EDGE_CURVE('',#2440,#2508,#2510,.T.);
#2508 = VERTEX_POINT('',#2509);
#2509 = CARTESIAN_POINT('',(2.75644666579,-2.1,0.300900003586));
#2510 = CIRCLE('',#2511,0.2);
#2511 = AXIS2_PLACEMENT_3D('',#2512,#2513,#2514);
#2512 = CARTESIAN_POINT('',(2.62518666077,-2.1,0.15));
#2513 = DIRECTION('',(-0.,1.,0.));
#2514 = DIRECTION('',(1.665334536938E-15,0.,1.));
#2515 = ORIENTED_EDGE('',*,*,#2516,.T.);
#2516 = EDGE_CURVE('',#2508,#2517,#2519,.T.);
#2517 = VERTEX_POINT('',#2518);
#2518 = CARTESIAN_POINT('',(2.95918333672,-2.1,0.124549998207));
#2519 = LINE('',#2520,#2521);
#2520 = CARTESIAN_POINT('',(2.75644666579,-2.1,0.300900003586));
#2521 = VECTOR('',#2522,1.);
#2522 = DIRECTION('',(0.754500017928,0.,-0.6563000251));
#2523 = ORIENTED_EDGE('',*,*,#2524,.T.);
#2524 = EDGE_CURVE('',#2517,#2525,#2527,.T.);
#2525 = VERTEX_POINT('',#2526);
#2526 = CARTESIAN_POINT('',(3.02481333923,-2.1,0.1));
#2527 = CIRCLE('',#2528,0.1);
#2528 = AXIS2_PLACEMENT_3D('',#2529,#2530,#2531);
#2529 = CARTESIAN_POINT('',(3.02481333923,-2.1,0.2));
#2530 = DIRECTION('',(0.,-1.,0.));
#2531 = DIRECTION('',(-0.6563000251,-0.,-0.754500017928));
#2532 = ORIENTED_EDGE('',*,*,#2533,.T.);
#2533 = EDGE_CURVE('',#2525,#2463,#2534,.T.);
#2534 = LINE('',#2535,#2536);
#2535 = CARTESIAN_POINT('',(3.02481333923,-2.1,0.1));
#2536 = VECTOR('',#2537,1.);
#2537 = DIRECTION('',(1.,0.,0.));
#2538 = PLANE('',#2539);
#2539 = AXIS2_PLACEMENT_3D('',#2540,#2541,#2542);
#2540 = CARTESIAN_POINT('',(2.32206019039,-2.1,0.241176290738));
#2541 = DIRECTION('',(0.,1.,0.));
#2542 = DIRECTION('',(0.,-0.,1.));
#2543 = ADVANCED_FACE('',(#2544),#2563,.T.);
#2544 = FACE_BOUND('',#2545,.T.);
#2545 = EDGE_LOOP('',(#2546,#2547,#2556,#2562));
#2546 = ORIENTED_EDGE('',*,*,#1782,.T.);
#2547 = ORIENTED_EDGE('',*,*,#2548,.T.);
#2548 = EDGE_CURVE('',#1775,#2549,#2551,.T.);
#2549 = VERTEX_POINT('',#2550);
#2550 = CARTESIAN_POINT('',(2.6,1.,0.1));
#2551 = CIRCLE('',#2552,0.5);
#2552 = AXIS2_PLACEMENT_3D('',#2553,#2554,#2555);
#2553 = CARTESIAN_POINT('',(2.6,1.,0.6));
#2554 = DIRECTION('',(-1.,0.,0.));
#2555 = DIRECTION('',(0.,0.,1.));
#2556 = ORIENTED_EDGE('',*,*,#2557,.F.);
#2557 = EDGE_CURVE('',#695,#2549,#2558,.T.);
#2558 = LINE('',#2559,#2560);
#2559 = CARTESIAN_POINT('',(2.5,1.,0.1));
#2560 = VECTOR('',#2561,1.);
#2561 = DIRECTION('',(1.,0.,0.));
#2562 = ORIENTED_EDGE('',*,*,#702,.F.);
#2563 = CYLINDRICAL_SURFACE('',#2564,0.5);
#2564 = AXIS2_PLACEMENT_3D('',#2565,#2566,#2567);
#2565 = CARTESIAN_POINT('',(2.5,1.,0.6));
#2566 = DIRECTION('',(1.,0.,0.));
#2567 = DIRECTION('',(-0.,1.,0.));
#2568 = ADVANCED_FACE('',(#2569),#2587,.T.);
#2569 = FACE_BOUND('',#2570,.T.);
#2570 = EDGE_LOOP('',(#2571,#2572,#2573,#2581));
#2571 = ORIENTED_EDGE('',*,*,#694,.F.);
#2572 = ORIENTED_EDGE('',*,*,#2557,.T.);
#2573 = ORIENTED_EDGE('',*,*,#2574,.F.);
#2574 = EDGE_CURVE('',#2575,#2549,#2577,.T.);
#2575 = VERTEX_POINT('',#2576);
#2576 = CARTESIAN_POINT('',(2.6,-1.,0.1));
#2577 = LINE('',#2578,#2579);
#2578 = CARTESIAN_POINT('',(2.6,-1.,0.1));
#2579 = VECTOR('',#2580,1.);
#2580 = DIRECTION('',(0.,1.,0.));
#2581 = ORIENTED_EDGE('',*,*,#2582,.F.);
#2582 = EDGE_CURVE('',#686,#2575,#2583,.T.);
#2583 = LINE('',#2584,#2585);
#2584 = CARTESIAN_POINT('',(2.5,-1.,0.1));
#2585 = VECTOR('',#2586,1.);
#2586 = DIRECTION('',(1.,0.,0.));
#2587 = PLANE('',#2588);
#2588 = AXIS2_PLACEMENT_3D('',#2589,#2590,#2591);
#2589 = CARTESIAN_POINT('',(2.5,1.5,0.1));
#2590 = DIRECTION('',(0.,-1.850371707709E-17,-1.));
#2591 = DIRECTION('',(0.,-1.,1.850371707709E-17));
#2592 = ADVANCED_FACE('',(#2593),#2605,.T.);
#2593 = FACE_BOUND('',#2594,.T.);
#2594 = EDGE_LOOP('',(#2595,#2596,#2597,#2604));
#2595 = ORIENTED_EDGE('',*,*,#685,.T.);
#2596 = ORIENTED_EDGE('',*,*,#2582,.T.);
#2597 = ORIENTED_EDGE('',*,*,#2598,.F.);
#2598 = EDGE_CURVE('',#2165,#2575,#2599,.T.);
#2599 = CIRCLE('',#2600,0.5);
#2600 = AXIS2_PLACEMENT_3D('',#2601,#2602,#2603);
#2601 = CARTESIAN_POINT('',(2.6,-1.,0.6));
#2602 = DIRECTION('',(1.,0.,-0.));
#2603 = DIRECTION('',(0.,0.,1.));
#2604 = ORIENTED_EDGE('',*,*,#2164,.F.);
#2605 = CYLINDRICAL_SURFACE('',#2606,0.5);
#2606 = AXIS2_PLACEMENT_3D('',#2607,#2608,#2609);
#2607 = CARTESIAN_POINT('',(2.5,-1.,0.6));
#2608 = DIRECTION('',(1.,0.,0.));
#2609 = DIRECTION('',(0.,-1.,0.));
#2610 = ADVANCED_FACE('',(#2611),#2624,.F.);
#2611 = FACE_BOUND('',#2612,.F.);
#2612 = EDGE_LOOP('',(#2613,#2614,#2615,#2616,#2617,#2618));
#2613 = ORIENTED_EDGE('',*,*,#1273,.T.);
#2614 = ORIENTED_EDGE('',*,*,#726,.T.);
#2615 = ORIENTED_EDGE('',*,*,#752,.F.);
#2616 = ORIENTED_EDGE('',*,*,#776,.F.);
#2617 = ORIENTED_EDGE('',*,*,#826,.F.);
#2618 = ORIENTED_EDGE('',*,*,#2619,.T.);
#2619 = EDGE_CURVE('',#818,#1274,#2620,.T.);
#2620 = LINE('',#2621,#2622);
#2621 = CARTESIAN_POINT('',(-2.6,1.5,0.7));
#2622 = VECTOR('',#2623,1.);
#2623 = DIRECTION('',(-1.224646799147E-16,-1.,0.));
#2624 = PLANE('',#2625);
#2625 = AXIS2_PLACEMENT_3D('',#2626,#2627,#2628);
#2626 = CARTESIAN_POINT('',(-2.6,-0.75,0.4));
#2627 = DIRECTION('',(1.,-1.224646799147E-16,0.));
#2628 = DIRECTION('',(0.,0.,-1.));
#2629 = ADVANCED_FACE('',(#2630),#2641,.T.);
#2630 = FACE_BOUND('',#2631,.F.);
#2631 = EDGE_LOOP('',(#2632,#2633,#2634,#2640));
#2632 = ORIENTED_EDGE('',*,*,#906,.F.);
#2633 = ORIENTED_EDGE('',*,*,#937,.F.);
#2634 = ORIENTED_EDGE('',*,*,#2635,.T.);
#2635 = EDGE_CURVE('',#938,#802,#2636,.T.);
#2636 = LINE('',#2637,#2638);
#2637 = CARTESIAN_POINT('',(-2.1,2.5,0.8));
#2638 = VECTOR('',#2639,1.);
#2639 = DIRECTION('',(-0.,-1.,-0.));
#2640 = ORIENTED_EDGE('',*,*,#799,.F.);
#2641 = PLANE('',#2642);
#2642 = AXIS2_PLACEMENT_3D('',#2643,#2644,#2645);
#2643 = CARTESIAN_POINT('',(-2.1,2.5,0.7));
#2644 = DIRECTION('',(-1.,-0.,-0.));
#2645 = DIRECTION('',(0.,1.,0.));
#2646 = ADVANCED_FACE('',(#2647,#2728),#2794,.T.);
#2647 = FACE_BOUND('',#2648,.T.);
#2648 = EDGE_LOOP('',(#2649,#2650,#2651,#2652,#2658,#2659,#2665,#2666,
    #2672,#2673,#2679,#2680,#2686,#2687,#2693,#2694,#2700,#2701,#2707,
    #2708,#2714,#2715,#2721,#2722));
#2649 = ORIENTED_EDGE('',*,*,#945,.F.);
#2650 = ORIENTED_EDGE('',*,*,#2635,.T.);
#2651 = ORIENTED_EDGE('',*,*,#809,.T.);
#2652 = ORIENTED_EDGE('',*,*,#2653,.T.);
#2653 = EDGE_CURVE('',#810,#1282,#2654,.T.);
#2654 = LINE('',#2655,#2656);
#2655 = CARTESIAN_POINT('',(-2.5,2.5,0.8));
#2656 = VECTOR('',#2657,1.);
#2657 = DIRECTION('',(0.,-1.,0.));
#2658 = ORIENTED_EDGE('',*,*,#1290,.T.);
#2659 = ORIENTED_EDGE('',*,*,#2660,.T.);
#2660 = EDGE_CURVE('',#1258,#1346,#2661,.T.);
#2661 = LINE('',#2662,#2663);
#2662 = CARTESIAN_POINT('',(-2.1,-1.5,0.8));
#2663 = VECTOR('',#2664,1.);
#2664 = DIRECTION('',(-0.,-1.,-0.));
#2665 = ORIENTED_EDGE('',*,*,#1345,.F.);
#2666 = ORIENTED_EDGE('',*,*,#2667,.T.);
#2667 = EDGE_CURVE('',#1338,#1202,#2668,.T.);
#2668 = LINE('',#2669,#2670);
#2669 = CARTESIAN_POINT('',(-2.5,-2.1,0.8));
#2670 = VECTOR('',#2671,1.);
#2671 = DIRECTION('',(1.,1.110223024625E-16,0.));
#2672 = ORIENTED_EDGE('',*,*,#1209,.T.);
#2673 = ORIENTED_EDGE('',*,*,#2674,.T.);
#2674 = EDGE_CURVE('',#1210,#2230,#2675,.T.);
#2675 = LINE('',#2676,#2677);
#2676 = CARTESIAN_POINT('',(-2.5,-2.5,0.8));
#2677 = VECTOR('',#2678,1.);
#2678 = DIRECTION('',(1.,0.,0.));
#2679 = ORIENTED_EDGE('',*,*,#2238,.T.);
#2680 = ORIENTED_EDGE('',*,*,#2681,.T.);
#2681 = EDGE_CURVE('',#2206,#2294,#2682,.T.);
#2682 = LINE('',#2683,#2684);
#2683 = CARTESIAN_POINT('',(1.5,-2.1,0.8));
#2684 = VECTOR('',#2685,1.);
#2685 = DIRECTION('',(1.,1.110223024625E-16,0.));
#2686 = ORIENTED_EDGE('',*,*,#2293,.F.);
#2687 = ORIENTED_EDGE('',*,*,#2688,.F.);
#2688 = EDGE_CURVE('',#2150,#2286,#2689,.T.);
#2689 = LINE('',#2690,#2691);
#2690 = CARTESIAN_POINT('',(2.1,-1.5,0.8));
#2691 = VECTOR('',#2692,1.);
#2692 = DIRECTION('',(0.,-1.,0.));
#2693 = ORIENTED_EDGE('',*,*,#2189,.F.);
#2694 = ORIENTED_EDGE('',*,*,#2695,.T.);
#2695 = EDGE_CURVE('',#2181,#1758,#2696,.T.);
#2696 = LINE('',#2697,#2698);
#2697 = CARTESIAN_POINT('',(2.5,-2.5,0.8));
#2698 = VECTOR('',#2699,1.);
#2699 = DIRECTION('',(0.,1.,0.));
#2700 = ORIENTED_EDGE('',*,*,#1757,.F.);
#2701 = ORIENTED_EDGE('',*,*,#2702,.F.);
#2702 = EDGE_CURVE('',#1886,#1750,#2703,.T.);
#2703 = LINE('',#2704,#2705);
#2704 = CARTESIAN_POINT('',(2.1,2.5,0.8));
#2705 = VECTOR('',#2706,1.);
#2706 = DIRECTION('',(0.,-1.,0.));
#2707 = ORIENTED_EDGE('',*,*,#1893,.T.);
#2708 = ORIENTED_EDGE('',*,*,#2709,.F.);
#2709 = EDGE_CURVE('',#1806,#1894,#2710,.T.);
#2710 = LINE('',#2711,#2712);
#2711 = CARTESIAN_POINT('',(1.5,2.1,0.8));
#2712 = VECTOR('',#2713,1.);
#2713 = DIRECTION('',(1.,-1.110223024625E-16,0.));
#2714 = ORIENTED_EDGE('',*,*,#1838,.F.);
#2715 = ORIENTED_EDGE('',*,*,#2716,.T.);
#2716 = EDGE_CURVE('',#1830,#859,#2717,.T.);
#2717 = LINE('',#2718,#2719);
#2718 = CARTESIAN_POINT('',(2.5,2.5,0.8));
#2719 = VECTOR('',#2720,1.);
#2720 = DIRECTION('',(-1.,0.,0.));
#2721 = ORIENTED_EDGE('',*,*,#858,.F.);
#2722 = ORIENTED_EDGE('',*,*,#2723,.F.);
#2723 = EDGE_CURVE('',#946,#851,#2724,.T.);
#2724 = LINE('',#2725,#2726);
#2725 = CARTESIAN_POINT('',(-2.5,2.1,0.8));
#2726 = VECTOR('',#2727,1.);
#2727 = DIRECTION('',(1.,-1.110223024625E-16,0.));
#2728 = FACE_BOUND('',#2729,.T.);
#2729 = EDGE_LOOP('',(#2730,#2740,#2748,#2756,#2764,#2772,#2780,#2788));
#2730 = ORIENTED_EDGE('',*,*,#2731,.T.);
#2731 = EDGE_CURVE('',#2732,#2734,#2736,.T.);
#2732 = VERTEX_POINT('',#2733);
#2733 = CARTESIAN_POINT('',(1.232605093487,1.85,0.8));
#2734 = VERTEX_POINT('',#2735);
#2735 = CARTESIAN_POINT('',(1.85,1.232605093487,0.8));
#2736 = LINE('',#2737,#2738);
#2737 = CARTESIAN_POINT('',(1.541302546743,1.541302546743,0.8));
#2738 = VECTOR('',#2739,1.);
#2739 = DIRECTION('',(0.707106781187,-0.707106781187,0.));
#2740 = ORIENTED_EDGE('',*,*,#2741,.T.);
#2741 = EDGE_CURVE('',#2734,#2742,#2744,.T.);
#2742 = VERTEX_POINT('',#2743);
#2743 = CARTESIAN_POINT('',(1.85,-1.232605093487,0.8));
#2744 = LINE('',#2745,#2746);
#2745 = CARTESIAN_POINT('',(1.85,1.85,0.8));
#2746 = VECTOR('',#2747,1.);
#2747 = DIRECTION('',(0.,-1.,0.));
#2748 = ORIENTED_EDGE('',*,*,#2749,.T.);
#2749 = EDGE_CURVE('',#2742,#2750,#2752,.T.);
#2750 = VERTEX_POINT('',#2751);
#2751 = CARTESIAN_POINT('',(1.232605093487,-1.85,0.8));
#2752 = LINE('',#2753,#2754);
#2753 = CARTESIAN_POINT('',(1.541302546743,-1.541302546743,0.8));
#2754 = VECTOR('',#2755,1.);
#2755 = DIRECTION('',(-0.707106781187,-0.707106781187,-0.));
#2756 = ORIENTED_EDGE('',*,*,#2757,.T.);
#2757 = EDGE_CURVE('',#2750,#2758,#2760,.T.);
#2758 = VERTEX_POINT('',#2759);
#2759 = CARTESIAN_POINT('',(-1.232605093487,-1.85,0.8));
#2760 = LINE('',#2761,#2762);
#2761 = CARTESIAN_POINT('',(1.85,-1.85,0.8));
#2762 = VECTOR('',#2763,1.);
#2763 = DIRECTION('',(-1.,0.,0.));
#2764 = ORIENTED_EDGE('',*,*,#2765,.T.);
#2765 = EDGE_CURVE('',#2758,#2766,#2768,.T.);
#2766 = VERTEX_POINT('',#2767);
#2767 = CARTESIAN_POINT('',(-1.85,-1.232605093487,0.8));
#2768 = LINE('',#2769,#2770);
#2769 = CARTESIAN_POINT('',(-1.541302546743,-1.541302546743,0.8));
#2770 = VECTOR('',#2771,1.);
#2771 = DIRECTION('',(-0.707106781187,0.707106781187,0.));
#2772 = ORIENTED_EDGE('',*,*,#2773,.F.);
#2773 = EDGE_CURVE('',#2774,#2766,#2776,.T.);
#2774 = VERTEX_POINT('',#2775);
#2775 = CARTESIAN_POINT('',(-1.85,1.232605093487,0.8));
#2776 = LINE('',#2777,#2778);
#2777 = CARTESIAN_POINT('',(-1.85,1.85,0.8));
#2778 = VECTOR('',#2779,1.);
#2779 = DIRECTION('',(-0.,-1.,-0.));
#2780 = ORIENTED_EDGE('',*,*,#2781,.F.);
#2781 = EDGE_CURVE('',#2782,#2774,#2784,.T.);
#2782 = VERTEX_POINT('',#2783);
#2783 = CARTESIAN_POINT('',(-1.232605093487,1.85,0.8));
#2784 = LINE('',#2785,#2786);
#2785 = CARTESIAN_POINT('',(-1.541302546743,1.541302546743,0.8));
#2786 = VECTOR('',#2787,1.);
#2787 = DIRECTION('',(-0.707106781187,-0.707106781187,-0.));
#2788 = ORIENTED_EDGE('',*,*,#2789,.T.);
#2789 = EDGE_CURVE('',#2782,#2732,#2790,.T.);
#2790 = LINE('',#2791,#2792);
#2791 = CARTESIAN_POINT('',(-1.85,1.85,0.8));
#2792 = VECTOR('',#2793,1.);
#2793 = DIRECTION('',(1.,0.,0.));
#2794 = PLANE('',#2795);
#2795 = AXIS2_PLACEMENT_3D('',#2796,#2797,#2798);
#2796 = CARTESIAN_POINT('',(0.,0.,0.8));
#2797 = DIRECTION('',(0.,0.,1.));
#2798 = DIRECTION('',(1.,0.,-0.));
#2799 = ADVANCED_FACE('',(#2800),#2806,.T.);
#2800 = FACE_BOUND('',#2801,.T.);
#2801 = EDGE_LOOP('',(#2802,#2803,#2804,#2805));
#2802 = ORIENTED_EDGE('',*,*,#2653,.F.);
#2803 = ORIENTED_EDGE('',*,*,#817,.T.);
#2804 = ORIENTED_EDGE('',*,*,#2619,.T.);
#2805 = ORIENTED_EDGE('',*,*,#1281,.F.);
#2806 = CYLINDRICAL_SURFACE('',#2807,0.1);
#2807 = AXIS2_PLACEMENT_3D('',#2808,#2809,#2810);
#2808 = CARTESIAN_POINT('',(-2.5,-0.75,0.7));
#2809 = DIRECTION('',(-1.224646799147E-16,-1.,0.));
#2810 = DIRECTION('',(-4.440892098501E-15,5.438524293786E-31,1.));
#2811 = ADVANCED_FACE('',(#2812),#2818,.T.);
#2812 = FACE_BOUND('',#2813,.T.);
#2813 = EDGE_LOOP('',(#2814,#2815,#2816,#2817));
#2814 = ORIENTED_EDGE('',*,*,#921,.F.);
#2815 = ORIENTED_EDGE('',*,*,#953,.F.);
#2816 = ORIENTED_EDGE('',*,*,#2723,.T.);
#2817 = ORIENTED_EDGE('',*,*,#848,.F.);
#2818 = PLANE('',#2819);
#2819 = AXIS2_PLACEMENT_3D('',#2820,#2821,#2822);
#2820 = CARTESIAN_POINT('',(-2.5,2.1,0.7));
#2821 = DIRECTION('',(1.110223024625E-16,1.,0.));
#2822 = DIRECTION('',(1.,-1.110223024625E-16,0.));
#2823 = ADVANCED_FACE('',(#2824),#2835,.T.);
#2824 = FACE_BOUND('',#2825,.T.);
#2825 = EDGE_LOOP('',(#2826,#2827,#2828,#2834));
#2826 = ORIENTED_EDGE('',*,*,#2716,.F.);
#2827 = ORIENTED_EDGE('',*,*,#1829,.T.);
#2828 = ORIENTED_EDGE('',*,*,#2829,.T.);
#2829 = EDGE_CURVE('',#1822,#867,#2830,.T.);
#2830 = LINE('',#2831,#2832);
#2831 = CARTESIAN_POINT('',(1.5,2.6,0.7));
#2832 = VECTOR('',#2833,1.);
#2833 = DIRECTION('',(-1.,1.110223024625E-16,0.));
#2834 = ORIENTED_EDGE('',*,*,#866,.F.);
#2835 = CYLINDRICAL_SURFACE('',#2836,0.1);
#2836 = AXIS2_PLACEMENT_3D('',#2837,#2838,#2839);
#2837 = CARTESIAN_POINT('',(-0.75,2.5,0.7));
#2838 = DIRECTION('',(-1.,1.110223024625E-16,0.));
#2839 = DIRECTION('',(4.930380657631E-31,4.440892098501E-15,1.));
#2840 = ADVANCED_FACE('',(#2841),#2849,.F.);
#2841 = FACE_BOUND('',#2842,.F.);
#2842 = EDGE_LOOP('',(#2843,#2844,#2845,#2846,#2847,#2848));
#2843 = ORIENTED_EDGE('',*,*,#875,.T.);
#2844 = ORIENTED_EDGE('',*,*,#1600,.T.);
#2845 = ORIENTED_EDGE('',*,*,#1626,.F.);
#2846 = ORIENTED_EDGE('',*,*,#1650,.F.);
#2847 = ORIENTED_EDGE('',*,*,#1821,.F.);
#2848 = ORIENTED_EDGE('',*,*,#2829,.T.);
#2849 = PLANE('',#2850);
#2850 = AXIS2_PLACEMENT_3D('',#2851,#2852,#2853);
#2851 = CARTESIAN_POINT('',(-0.75,2.6,0.55));
#2852 = DIRECTION('',(-1.110223024625E-16,-1.,-0.));
#2853 = DIRECTION('',(0.,0.,-1.));
#2854 = ADVANCED_FACE('',(#2855),#2866,.F.);
#2855 = FACE_BOUND('',#2856,.F.);
#2856 = EDGE_LOOP('',(#2857,#2858,#2859,#2860));
#2857 = ORIENTED_EDGE('',*,*,#1033,.T.);
#2858 = ORIENTED_EDGE('',*,*,#967,.F.);
#2859 = ORIENTED_EDGE('',*,*,#1149,.F.);
#2860 = ORIENTED_EDGE('',*,*,#2861,.T.);
#2861 = EDGE_CURVE('',#1142,#1026,#2862,.T.);
#2862 = LINE('',#2863,#2864);
#2863 = CARTESIAN_POINT('',(-2.69081666328,2.1,0.225450001793));
#2864 = VECTOR('',#2865,1.);
#2865 = DIRECTION('',(-1.224646799147E-16,-1.,0.));
#2866 = CYLINDRICAL_SURFACE('',#2867,0.1);
#2867 = AXIS2_PLACEMENT_3D('',#2868,#2869,#2870);
#2868 = CARTESIAN_POINT('',(-2.62518666077,1.85,0.15));
#2869 = DIRECTION('',(-1.224646799147E-16,-1.,0.));
#2870 = DIRECTION('',(-0.6563000251,8.03735725019E-17,0.754500017928));
#2871 = ADVANCED_FACE('',(#2872),#2888,.T.);
#2872 = FACE_BOUND('',#2873,.T.);
#2873 = EDGE_LOOP('',(#2874,#2875,#2881,#2882));
#2874 = ORIENTED_EDGE('',*,*,#1114,.T.);
#2875 = ORIENTED_EDGE('',*,*,#2876,.F.);
#2876 = EDGE_CURVE('',#1001,#1117,#2877,.T.);
#2877 = LINE('',#2878,#2879);
#2878 = CARTESIAN_POINT('',(-3.2,1.6,0.));
#2879 = VECTOR('',#2880,1.);
#2880 = DIRECTION('',(1.224646799147E-16,1.,0.));
#2881 = ORIENTED_EDGE('',*,*,#998,.F.);
#2882 = ORIENTED_EDGE('',*,*,#2883,.T.);
#2883 = EDGE_CURVE('',#999,#1115,#2884,.T.);
#2884 = LINE('',#2885,#2886);
#2885 = CARTESIAN_POINT('',(-3.2,1.6,0.1));
#2886 = VECTOR('',#2887,1.);
#2887 = DIRECTION('',(1.224646799147E-16,1.,0.));
#2888 = PLANE('',#2889);
#2889 = AXIS2_PLACEMENT_3D('',#2890,#2891,#2892);
#2890 = CARTESIAN_POINT('',(-3.2,1.85,0.1));
#2891 = DIRECTION('',(-1.,1.224646799147E-16,0.));
#2892 = DIRECTION('',(0.,0.,-1.));
#2893 = ADVANCED_FACE('',(#2894),#2905,.T.);
#2894 = FACE_BOUND('',#2895,.T.);
#2895 = EDGE_LOOP('',(#2896,#2897,#2898,#2899));
#2896 = ORIENTED_EDGE('',*,*,#1185,.T.);
#2897 = ORIENTED_EDGE('',*,*,#2883,.F.);
#2898 = ORIENTED_EDGE('',*,*,#1076,.F.);
#2899 = ORIENTED_EDGE('',*,*,#2900,.T.);
#2900 = EDGE_CURVE('',#1068,#1177,#2901,.T.);
#2901 = LINE('',#2902,#2903);
#2902 = CARTESIAN_POINT('',(-3.02481333923,1.6,0.1));
#2903 = VECTOR('',#2904,1.);
#2904 = DIRECTION('',(1.224646799147E-16,1.,0.));
#2905 = PLANE('',#2906);
#2906 = AXIS2_PLACEMENT_3D('',#2907,#2908,#2909);
#2907 = CARTESIAN_POINT('',(-3.02481333923,1.85,0.1));
#2908 = DIRECTION('',(0.,0.,1.));
#2909 = DIRECTION('',(-1.,1.224646799147E-16,0.));
#2910 = ADVANCED_FACE('',(#2911),#2922,.F.);
#2911 = FACE_BOUND('',#2912,.F.);
#2912 = EDGE_LOOP('',(#2913,#2914,#2915,#2916));
#2913 = ORIENTED_EDGE('',*,*,#1067,.T.);
#2914 = ORIENTED_EDGE('',*,*,#2900,.T.);
#2915 = ORIENTED_EDGE('',*,*,#1176,.F.);
#2916 = ORIENTED_EDGE('',*,*,#2917,.T.);
#2917 = EDGE_CURVE('',#1169,#1060,#2918,.T.);
#2918 = LINE('',#2919,#2920);
#2919 = CARTESIAN_POINT('',(-2.95918333672,2.1,0.124549998207));
#2920 = VECTOR('',#2921,1.);
#2921 = DIRECTION('',(-1.224646799147E-16,-1.,0.));
#2922 = CYLINDRICAL_SURFACE('',#2923,0.1);
#2923 = AXIS2_PLACEMENT_3D('',#2924,#2925,#2926);
#2924 = CARTESIAN_POINT('',(-3.02481333923,1.85,0.2));
#2925 = DIRECTION('',(-1.224646799147E-16,-1.,0.));
#2926 = DIRECTION('',(0.6563000251,-8.03735725019E-17,-0.754500017928));
#2927 = ADVANCED_FACE('',(#2928),#2939,.T.);
#2928 = FACE_BOUND('',#2929,.T.);
#2929 = EDGE_LOOP('',(#2930,#2936,#2937,#2938));
#2930 = ORIENTED_EDGE('',*,*,#2931,.F.);
#2931 = EDGE_CURVE('',#1160,#1051,#2932,.T.);
#2932 = LINE('',#2933,#2934);
#2933 = CARTESIAN_POINT('',(-2.75644666579,2.1,0.300900003586));
#2934 = VECTOR('',#2935,1.);
#2935 = DIRECTION('',(-1.224646799147E-16,-1.,0.));
#2936 = ORIENTED_EDGE('',*,*,#1168,.T.);
#2937 = ORIENTED_EDGE('',*,*,#2917,.T.);
#2938 = ORIENTED_EDGE('',*,*,#1059,.F.);
#2939 = PLANE('',#2940);
#2940 = AXIS2_PLACEMENT_3D('',#2941,#2942,#2943);
#2941 = CARTESIAN_POINT('',(-2.75644666579,1.85,0.300900003586));
#2942 = DIRECTION('',(-0.6563000251,8.03735725019E-17,0.754500017928));
#2943 = DIRECTION('',(-0.754500017928,9.239960319129E-17,-0.6563000251)
  );
#2944 = ADVANCED_FACE('',(#2945),#2951,.T.);
#2945 = FACE_BOUND('',#2946,.T.);
#2946 = EDGE_LOOP('',(#2947,#2948,#2949,#2950));
#2947 = ORIENTED_EDGE('',*,*,#1099,.F.);
#2948 = ORIENTED_EDGE('',*,*,#1159,.T.);
#2949 = ORIENTED_EDGE('',*,*,#2931,.T.);
#2950 = ORIENTED_EDGE('',*,*,#1050,.F.);
#2951 = CYLINDRICAL_SURFACE('',#2952,0.2);
#2952 = AXIS2_PLACEMENT_3D('',#2953,#2954,#2955);
#2953 = CARTESIAN_POINT('',(-2.62518666077,1.85,0.15));
#2954 = DIRECTION('',(-1.224646799147E-16,-1.,0.));
#2955 = DIRECTION('',(-1.665334536938E-15,2.03944661017E-31,1.));
#2956 = ADVANCED_FACE('',(#2957),#2968,.T.);
#2957 = FACE_BOUND('',#2958,.T.);
#2958 = EDGE_LOOP('',(#2959,#2965,#2966,#2967));
#2959 = ORIENTED_EDGE('',*,*,#2960,.F.);
#2960 = EDGE_CURVE('',#1133,#1017,#2961,.T.);
#2961 = LINE('',#2962,#2963);
#2962 = CARTESIAN_POINT('',(-2.89355333421,2.1,4.909999641431E-02));
#2963 = VECTOR('',#2964,1.);
#2964 = DIRECTION('',(-1.224646799147E-16,-1.,0.));
#2965 = ORIENTED_EDGE('',*,*,#1141,.T.);
#2966 = ORIENTED_EDGE('',*,*,#2861,.T.);
#2967 = ORIENTED_EDGE('',*,*,#1025,.F.);
#2968 = PLANE('',#2969);
#2969 = AXIS2_PLACEMENT_3D('',#2970,#2971,#2972);
#2970 = CARTESIAN_POINT('',(-2.89355333421,1.85,4.909999641431E-02));
#2971 = DIRECTION('',(0.6563000251,-8.03735725019E-17,-0.754500017928));
#2972 = DIRECTION('',(0.754500017928,-9.239960319129E-17,0.6563000251));
#2973 = ADVANCED_FACE('',(#2974),#2985,.T.);
#2974 = FACE_BOUND('',#2975,.T.);
#2975 = EDGE_LOOP('',(#2976,#2982,#2983,#2984));
#2976 = ORIENTED_EDGE('',*,*,#2977,.F.);
#2977 = EDGE_CURVE('',#1125,#1009,#2978,.T.);
#2978 = LINE('',#2979,#2980);
#2979 = CARTESIAN_POINT('',(-3.02481333923,2.1,0.));
#2980 = VECTOR('',#2981,1.);
#2981 = DIRECTION('',(-1.224646799147E-16,-1.,0.));
#2982 = ORIENTED_EDGE('',*,*,#1132,.T.);
#2983 = ORIENTED_EDGE('',*,*,#2960,.T.);
#2984 = ORIENTED_EDGE('',*,*,#1016,.F.);
#2985 = CYLINDRICAL_SURFACE('',#2986,0.2);
#2986 = AXIS2_PLACEMENT_3D('',#2987,#2988,#2989);
#2987 = CARTESIAN_POINT('',(-3.02481333923,1.85,0.2));
#2988 = DIRECTION('',(-1.224646799147E-16,-1.,0.));
#2989 = DIRECTION('',(8.326672684689E-16,-1.019723305085E-31,-1.));
#2990 = ADVANCED_FACE('',(#2991),#2997,.T.);
#2991 = FACE_BOUND('',#2992,.T.);
#2992 = EDGE_LOOP('',(#2993,#2994,#2995,#2996));
#2993 = ORIENTED_EDGE('',*,*,#1124,.T.);
#2994 = ORIENTED_EDGE('',*,*,#2977,.T.);
#2995 = ORIENTED_EDGE('',*,*,#1008,.F.);
#2996 = ORIENTED_EDGE('',*,*,#2876,.T.);
#2997 = PLANE('',#2998);
#2998 = AXIS2_PLACEMENT_3D('',#2999,#3000,#3001);
#2999 = CARTESIAN_POINT('',(-3.2,1.85,0.));
#3000 = DIRECTION('',(0.,0.,-1.));
#3001 = DIRECTION('',(1.,-1.224646799147E-16,0.));
#3002 = ADVANCED_FACE('',(#3003),#3009,.T.);
#3003 = FACE_BOUND('',#3004,.F.);
#3004 = EDGE_LOOP('',(#3005,#3006,#3007,#3008));
#3005 = ORIENTED_EDGE('',*,*,#1304,.F.);
#3006 = ORIENTED_EDGE('',*,*,#1337,.F.);
#3007 = ORIENTED_EDGE('',*,*,#2667,.T.);
#3008 = ORIENTED_EDGE('',*,*,#1199,.F.);
#3009 = PLANE('',#3010);
#3010 = AXIS2_PLACEMENT_3D('',#3011,#3012,#3013);
#3011 = CARTESIAN_POINT('',(-2.5,-2.1,0.7));
#3012 = DIRECTION('',(1.110223024625E-16,-1.,0.));
#3013 = DIRECTION('',(-1.,-1.110223024625E-16,0.));
#3014 = ADVANCED_FACE('',(#3015),#3026,.T.);
#3015 = FACE_BOUND('',#3016,.T.);
#3016 = EDGE_LOOP('',(#3017,#3018,#3019,#3025));
#3017 = ORIENTED_EDGE('',*,*,#2674,.F.);
#3018 = ORIENTED_EDGE('',*,*,#1217,.T.);
#3019 = ORIENTED_EDGE('',*,*,#3020,.T.);
#3020 = EDGE_CURVE('',#1218,#2222,#3021,.T.);
#3021 = LINE('',#3022,#3023);
#3022 = CARTESIAN_POINT('',(-1.5,-2.6,0.7));
#3023 = VECTOR('',#3024,1.);
#3024 = DIRECTION('',(1.,-2.22044604925E-16,0.));
#3025 = ORIENTED_EDGE('',*,*,#2229,.F.);
#3026 = CYLINDRICAL_SURFACE('',#3027,0.1);
#3027 = AXIS2_PLACEMENT_3D('',#3028,#3029,#3030);
#3028 = CARTESIAN_POINT('',(0.75,-2.5,0.7));
#3029 = DIRECTION('',(1.,-2.22044604925E-16,0.));
#3030 = DIRECTION('',(-9.860761315262E-31,-4.440892098501E-15,1.));
#3031 = ADVANCED_FACE('',(#3032),#3040,.F.);
#3032 = FACE_BOUND('',#3033,.F.);
#3033 = EDGE_LOOP('',(#3034,#3035,#3036,#3037,#3038,#3039));
#3034 = ORIENTED_EDGE('',*,*,#2221,.T.);
#3035 = ORIENTED_EDGE('',*,*,#1681,.T.);
#3036 = ORIENTED_EDGE('',*,*,#1707,.F.);
#3037 = ORIENTED_EDGE('',*,*,#1731,.F.);
#3038 = ORIENTED_EDGE('',*,*,#1226,.F.);
#3039 = ORIENTED_EDGE('',*,*,#3020,.T.);
#3040 = PLANE('',#3041);
#3041 = AXIS2_PLACEMENT_3D('',#3042,#3043,#3044);
#3042 = CARTESIAN_POINT('',(0.75,-2.6,0.55));
#3043 = DIRECTION('',(2.22044604925E-16,1.,0.));
#3044 = DIRECTION('',(0.,0.,-1.));
#3045 = ADVANCED_FACE('',(#3046),#3052,.T.);
#3046 = FACE_BOUND('',#3047,.F.);
#3047 = EDGE_LOOP('',(#3048,#3049,#3050,#3051));
#3048 = ORIENTED_EDGE('',*,*,#1322,.F.);
#3049 = ORIENTED_EDGE('',*,*,#1255,.T.);
#3050 = ORIENTED_EDGE('',*,*,#2660,.T.);
#3051 = ORIENTED_EDGE('',*,*,#1353,.F.);
#3052 = PLANE('',#3053);
#3053 = AXIS2_PLACEMENT_3D('',#3054,#3055,#3056);
#3054 = CARTESIAN_POINT('',(-2.1,-1.5,0.7));
#3055 = DIRECTION('',(-1.,-0.,-0.));
#3056 = DIRECTION('',(0.,1.,0.));
#3057 = ADVANCED_FACE('',(#3058),#3069,.F.);
#3058 = FACE_BOUND('',#3059,.F.);
#3059 = EDGE_LOOP('',(#3060,#3061,#3062,#3063));
#3060 = ORIENTED_EDGE('',*,*,#1433,.T.);
#3061 = ORIENTED_EDGE('',*,*,#1367,.F.);
#3062 = ORIENTED_EDGE('',*,*,#1549,.F.);
#3063 = ORIENTED_EDGE('',*,*,#3064,.T.);
#3064 = EDGE_CURVE('',#1542,#1426,#3065,.T.);
#3065 = LINE('',#3066,#3067);
#3066 = CARTESIAN_POINT('',(-2.69081666328,-1.6,0.225450001793));
#3067 = VECTOR('',#3068,1.);
#3068 = DIRECTION('',(-1.224646799147E-16,-1.,0.));
#3069 = CYLINDRICAL_SURFACE('',#3070,0.1);
#3070 = AXIS2_PLACEMENT_3D('',#3071,#3072,#3073);
#3071 = CARTESIAN_POINT('',(-2.62518666077,-1.85,0.15));
#3072 = DIRECTION('',(-1.224646799147E-16,-1.,0.));
#3073 = DIRECTION('',(-0.6563000251,8.03735725019E-17,0.754500017928));
#3074 = ADVANCED_FACE('',(#3075),#3091,.T.);
#3075 = FACE_BOUND('',#3076,.T.);
#3076 = EDGE_LOOP('',(#3077,#3078,#3084,#3085));
#3077 = ORIENTED_EDGE('',*,*,#1514,.T.);
#3078 = ORIENTED_EDGE('',*,*,#3079,.F.);
#3079 = EDGE_CURVE('',#1401,#1517,#3080,.T.);
#3080 = LINE('',#3081,#3082);
#3081 = CARTESIAN_POINT('',(-3.2,-2.1,0.));
#3082 = VECTOR('',#3083,1.);
#3083 = DIRECTION('',(1.224646799147E-16,1.,0.));
#3084 = ORIENTED_EDGE('',*,*,#1398,.F.);
#3085 = ORIENTED_EDGE('',*,*,#3086,.T.);
#3086 = EDGE_CURVE('',#1399,#1515,#3087,.T.);
#3087 = LINE('',#3088,#3089);
#3088 = CARTESIAN_POINT('',(-3.2,-2.1,0.1));
#3089 = VECTOR('',#3090,1.);
#3090 = DIRECTION('',(1.224646799147E-16,1.,0.));
#3091 = PLANE('',#3092);
#3092 = AXIS2_PLACEMENT_3D('',#3093,#3094,#3095);
#3093 = CARTESIAN_POINT('',(-3.2,-1.85,0.1));
#3094 = DIRECTION('',(-1.,1.224646799147E-16,0.));
#3095 = DIRECTION('',(0.,0.,-1.));
#3096 = ADVANCED_FACE('',(#3097),#3108,.T.);
#3097 = FACE_BOUND('',#3098,.T.);
#3098 = EDGE_LOOP('',(#3099,#3100,#3101,#3102));
#3099 = ORIENTED_EDGE('',*,*,#1585,.T.);
#3100 = ORIENTED_EDGE('',*,*,#3086,.F.);
#3101 = ORIENTED_EDGE('',*,*,#1476,.F.);
#3102 = ORIENTED_EDGE('',*,*,#3103,.T.);
#3103 = EDGE_CURVE('',#1468,#1577,#3104,.T.);
#3104 = LINE('',#3105,#3106);
#3105 = CARTESIAN_POINT('',(-3.02481333923,-2.1,0.1));
#3106 = VECTOR('',#3107,1.);
#3107 = DIRECTION('',(1.224646799147E-16,1.,0.));
#3108 = PLANE('',#3109);
#3109 = AXIS2_PLACEMENT_3D('',#3110,#3111,#3112);
#3110 = CARTESIAN_POINT('',(-3.02481333923,-1.85,0.1));
#3111 = DIRECTION('',(0.,0.,1.));
#3112 = DIRECTION('',(-1.,1.224646799147E-16,0.));
#3113 = ADVANCED_FACE('',(#3114),#3125,.F.);
#3114 = FACE_BOUND('',#3115,.F.);
#3115 = EDGE_LOOP('',(#3116,#3117,#3118,#3119));
#3116 = ORIENTED_EDGE('',*,*,#1467,.T.);
#3117 = ORIENTED_EDGE('',*,*,#3103,.T.);
#3118 = ORIENTED_EDGE('',*,*,#1576,.F.);
#3119 = ORIENTED_EDGE('',*,*,#3120,.T.);
#3120 = EDGE_CURVE('',#1569,#1460,#3121,.T.);
#3121 = LINE('',#3122,#3123);
#3122 = CARTESIAN_POINT('',(-2.95918333672,-1.6,0.124549998207));
#3123 = VECTOR('',#3124,1.);
#3124 = DIRECTION('',(-1.224646799147E-16,-1.,0.));
#3125 = CYLINDRICAL_SURFACE('',#3126,0.1);
#3126 = AXIS2_PLACEMENT_3D('',#3127,#3128,#3129);
#3127 = CARTESIAN_POINT('',(-3.02481333923,-1.85,0.2));
#3128 = DIRECTION('',(-1.224646799147E-16,-1.,0.));
#3129 = DIRECTION('',(0.6563000251,-8.03735725019E-17,-0.754500017928));
#3130 = ADVANCED_FACE('',(#3131),#3142,.T.);
#3131 = FACE_BOUND('',#3132,.T.);
#3132 = EDGE_LOOP('',(#3133,#3139,#3140,#3141));
#3133 = ORIENTED_EDGE('',*,*,#3134,.F.);
#3134 = EDGE_CURVE('',#1560,#1451,#3135,.T.);
#3135 = LINE('',#3136,#3137);
#3136 = CARTESIAN_POINT('',(-2.75644666579,-1.6,0.300900003586));
#3137 = VECTOR('',#3138,1.);
#3138 = DIRECTION('',(-1.224646799147E-16,-1.,0.));
#3139 = ORIENTED_EDGE('',*,*,#1568,.T.);
#3140 = ORIENTED_EDGE('',*,*,#3120,.T.);
#3141 = ORIENTED_EDGE('',*,*,#1459,.F.);
#3142 = PLANE('',#3143);
#3143 = AXIS2_PLACEMENT_3D('',#3144,#3145,#3146);
#3144 = CARTESIAN_POINT('',(-2.75644666579,-1.85,0.300900003586));
#3145 = DIRECTION('',(-0.6563000251,8.03735725019E-17,0.754500017928));
#3146 = DIRECTION('',(-0.754500017928,9.239960319129E-17,-0.6563000251)
  );
#3147 = ADVANCED_FACE('',(#3148),#3154,.T.);
#3148 = FACE_BOUND('',#3149,.T.);
#3149 = EDGE_LOOP('',(#3150,#3151,#3152,#3153));
#3150 = ORIENTED_EDGE('',*,*,#1499,.F.);
#3151 = ORIENTED_EDGE('',*,*,#1559,.T.);
#3152 = ORIENTED_EDGE('',*,*,#3134,.T.);
#3153 = ORIENTED_EDGE('',*,*,#1450,.F.);
#3154 = CYLINDRICAL_SURFACE('',#3155,0.2);
#3155 = AXIS2_PLACEMENT_3D('',#3156,#3157,#3158);
#3156 = CARTESIAN_POINT('',(-2.62518666077,-1.85,0.15));
#3157 = DIRECTION('',(-1.224646799147E-16,-1.,0.));
#3158 = DIRECTION('',(-1.665334536938E-15,2.03944661017E-31,1.));
#3159 = ADVANCED_FACE('',(#3160),#3171,.T.);
#3160 = FACE_BOUND('',#3161,.T.);
#3161 = EDGE_LOOP('',(#3162,#3168,#3169,#3170));
#3162 = ORIENTED_EDGE('',*,*,#3163,.F.);
#3163 = EDGE_CURVE('',#1533,#1417,#3164,.T.);
#3164 = LINE('',#3165,#3166);
#3165 = CARTESIAN_POINT('',(-2.89355333421,-1.6,4.909999641431E-02));
#3166 = VECTOR('',#3167,1.);
#3167 = DIRECTION('',(-1.224646799147E-16,-1.,0.));
#3168 = ORIENTED_EDGE('',*,*,#1541,.T.);
#3169 = ORIENTED_EDGE('',*,*,#3064,.T.);
#3170 = ORIENTED_EDGE('',*,*,#1425,.F.);
#3171 = PLANE('',#3172);
#3172 = AXIS2_PLACEMENT_3D('',#3173,#3174,#3175);
#3173 = CARTESIAN_POINT('',(-2.89355333421,-1.85,4.909999641431E-02));
#3174 = DIRECTION('',(0.6563000251,-8.03735725019E-17,-0.754500017928));
#3175 = DIRECTION('',(0.754500017928,-9.239960319129E-17,0.6563000251));
#3176 = ADVANCED_FACE('',(#3177),#3188,.T.);
#3177 = FACE_BOUND('',#3178,.T.);
#3178 = EDGE_LOOP('',(#3179,#3185,#3186,#3187));
#3179 = ORIENTED_EDGE('',*,*,#3180,.F.);
#3180 = EDGE_CURVE('',#1525,#1409,#3181,.T.);
#3181 = LINE('',#3182,#3183);
#3182 = CARTESIAN_POINT('',(-3.02481333923,-1.6,0.));
#3183 = VECTOR('',#3184,1.);
#3184 = DIRECTION('',(-1.224646799147E-16,-1.,0.));
#3185 = ORIENTED_EDGE('',*,*,#1532,.T.);
#3186 = ORIENTED_EDGE('',*,*,#3163,.T.);
#3187 = ORIENTED_EDGE('',*,*,#1416,.F.);
#3188 = CYLINDRICAL_SURFACE('',#3189,0.2);
#3189 = AXIS2_PLACEMENT_3D('',#3190,#3191,#3192);
#3190 = CARTESIAN_POINT('',(-3.02481333923,-1.85,0.2));
#3191 = DIRECTION('',(-1.224646799147E-16,-1.,0.));
#3192 = DIRECTION('',(8.326672684689E-16,-1.019723305085E-31,-1.));
#3193 = ADVANCED_FACE('',(#3194),#3200,.T.);
#3194 = FACE_BOUND('',#3195,.T.);
#3195 = EDGE_LOOP('',(#3196,#3197,#3198,#3199));
#3196 = ORIENTED_EDGE('',*,*,#1524,.T.);
#3197 = ORIENTED_EDGE('',*,*,#3180,.T.);
#3198 = ORIENTED_EDGE('',*,*,#1408,.F.);
#3199 = ORIENTED_EDGE('',*,*,#3079,.T.);
#3200 = PLANE('',#3201);
#3201 = AXIS2_PLACEMENT_3D('',#3202,#3203,#3204);
#3202 = CARTESIAN_POINT('',(-3.2,-1.85,0.));
#3203 = DIRECTION('',(0.,0.,-1.));
#3204 = DIRECTION('',(1.,-1.224646799147E-16,0.));
#3205 = ADVANCED_FACE('',(#3206),#3212,.T.);
#3206 = FACE_BOUND('',#3207,.T.);
#3207 = EDGE_LOOP('',(#3208,#3209,#3210,#3211));
#3208 = ORIENTED_EDGE('',*,*,#1853,.F.);
#3209 = ORIENTED_EDGE('',*,*,#1885,.T.);
#3210 = ORIENTED_EDGE('',*,*,#2702,.T.);
#3211 = ORIENTED_EDGE('',*,*,#1747,.F.);
#3212 = PLANE('',#3213);
#3213 = AXIS2_PLACEMENT_3D('',#3214,#3215,#3216);
#3214 = CARTESIAN_POINT('',(2.1,2.5,0.7));
#3215 = DIRECTION('',(1.,0.,0.));
#3216 = DIRECTION('',(0.,-1.,0.));
#3217 = ADVANCED_FACE('',(#3218),#3229,.T.);
#3218 = FACE_BOUND('',#3219,.T.);
#3219 = EDGE_LOOP('',(#3220,#3221,#3222,#3228));
#3220 = ORIENTED_EDGE('',*,*,#2695,.F.);
#3221 = ORIENTED_EDGE('',*,*,#2180,.T.);
#3222 = ORIENTED_EDGE('',*,*,#3223,.T.);
#3223 = EDGE_CURVE('',#2173,#1766,#3224,.T.);
#3224 = LINE('',#3225,#3226);
#3225 = CARTESIAN_POINT('',(2.6,-1.5,0.7));
#3226 = VECTOR('',#3227,1.);
#3227 = DIRECTION('',(0.,1.,0.));
#3228 = ORIENTED_EDGE('',*,*,#1765,.F.);
#3229 = CYLINDRICAL_SURFACE('',#3230,0.1);
#3230 = AXIS2_PLACEMENT_3D('',#3231,#3232,#3233);
#3231 = CARTESIAN_POINT('',(2.5,0.75,0.7));
#3232 = DIRECTION('',(0.,1.,0.));
#3233 = DIRECTION('',(4.440892098501E-15,-0.,1.));
#3234 = ADVANCED_FACE('',(#3235),#3243,.F.);
#3235 = FACE_BOUND('',#3236,.F.);
#3236 = EDGE_LOOP('',(#3237,#3238,#3239,#3240,#3241,#3242));
#3237 = ORIENTED_EDGE('',*,*,#1774,.T.);
#3238 = ORIENTED_EDGE('',*,*,#2548,.T.);
#3239 = ORIENTED_EDGE('',*,*,#2574,.F.);
#3240 = ORIENTED_EDGE('',*,*,#2598,.F.);
#3241 = ORIENTED_EDGE('',*,*,#2172,.F.);
#3242 = ORIENTED_EDGE('',*,*,#3223,.T.);
#3243 = PLANE('',#3244);
#3244 = AXIS2_PLACEMENT_3D('',#3245,#3246,#3247);
#3245 = CARTESIAN_POINT('',(2.6,0.75,0.4));
#3246 = DIRECTION('',(-1.,-0.,-0.));
#3247 = DIRECTION('',(0.,0.,-1.));
#3248 = ADVANCED_FACE('',(#3249),#3255,.T.);
#3249 = FACE_BOUND('',#3250,.T.);
#3250 = EDGE_LOOP('',(#3251,#3252,#3253,#3254));
#3251 = ORIENTED_EDGE('',*,*,#1870,.F.);
#3252 = ORIENTED_EDGE('',*,*,#1803,.T.);
#3253 = ORIENTED_EDGE('',*,*,#2709,.T.);
#3254 = ORIENTED_EDGE('',*,*,#1901,.T.);
#3255 = PLANE('',#3256);
#3256 = AXIS2_PLACEMENT_3D('',#3257,#3258,#3259);
#3257 = CARTESIAN_POINT('',(1.5,2.1,0.7));
#3258 = DIRECTION('',(1.110223024625E-16,1.,0.));
#3259 = DIRECTION('',(1.,-1.110223024625E-16,0.));
#3260 = ADVANCED_FACE('',(#3261),#3272,.T.);
#3261 = FACE_BOUND('',#3262,.T.);
#3262 = EDGE_LOOP('',(#3263,#3264,#3265,#3271));
#3263 = ORIENTED_EDGE('',*,*,#1924,.F.);
#3264 = ORIENTED_EDGE('',*,*,#2107,.T.);
#3265 = ORIENTED_EDGE('',*,*,#3266,.T.);
#3266 = EDGE_CURVE('',#2108,#1999,#3267,.T.);
#3267 = LINE('',#3268,#3269);
#3268 = CARTESIAN_POINT('',(2.75644666579,1.6,0.300900003586));
#3269 = VECTOR('',#3270,1.);
#3270 = DIRECTION('',(0.,1.,0.));
#3271 = ORIENTED_EDGE('',*,*,#1998,.F.);
#3272 = CYLINDRICAL_SURFACE('',#3273,0.2);
#3273 = AXIS2_PLACEMENT_3D('',#3274,#3275,#3276);
#3274 = CARTESIAN_POINT('',(2.62518666077,1.85,0.15));
#3275 = DIRECTION('',(0.,1.,0.));
#3276 = DIRECTION('',(1.665334536938E-15,-0.,1.));
#3277 = ADVANCED_FACE('',(#3278),#3294,.T.);
#3278 = FACE_BOUND('',#3279,.T.);
#3279 = EDGE_LOOP('',(#3280,#3281,#3287,#3288));
#3280 = ORIENTED_EDGE('',*,*,#2062,.T.);
#3281 = ORIENTED_EDGE('',*,*,#3282,.F.);
#3282 = EDGE_CURVE('',#1949,#2065,#3283,.T.);
#3283 = LINE('',#3284,#3285);
#3284 = CARTESIAN_POINT('',(3.2,2.1,0.));
#3285 = VECTOR('',#3286,1.);
#3286 = DIRECTION('',(0.,-1.,0.));
#3287 = ORIENTED_EDGE('',*,*,#1946,.F.);
#3288 = ORIENTED_EDGE('',*,*,#3289,.T.);
#3289 = EDGE_CURVE('',#1947,#2063,#3290,.T.);
#3290 = LINE('',#3291,#3292);
#3291 = CARTESIAN_POINT('',(3.2,2.1,0.1));
#3292 = VECTOR('',#3293,1.);
#3293 = DIRECTION('',(0.,-1.,0.));
#3294 = PLANE('',#3295);
#3295 = AXIS2_PLACEMENT_3D('',#3296,#3297,#3298);
#3296 = CARTESIAN_POINT('',(3.2,1.85,0.1));
#3297 = DIRECTION('',(1.,0.,0.));
#3298 = DIRECTION('',(0.,0.,-1.));
#3299 = ADVANCED_FACE('',(#3300),#3311,.T.);
#3300 = FACE_BOUND('',#3301,.T.);
#3301 = EDGE_LOOP('',(#3302,#3303,#3304,#3305));
#3302 = ORIENTED_EDGE('',*,*,#2133,.T.);
#3303 = ORIENTED_EDGE('',*,*,#3289,.F.);
#3304 = ORIENTED_EDGE('',*,*,#2024,.F.);
#3305 = ORIENTED_EDGE('',*,*,#3306,.T.);
#3306 = EDGE_CURVE('',#2016,#2125,#3307,.T.);
#3307 = LINE('',#3308,#3309);
#3308 = CARTESIAN_POINT('',(3.02481333923,2.1,0.1));
#3309 = VECTOR('',#3310,1.);
#3310 = DIRECTION('',(0.,-1.,0.));
#3311 = PLANE('',#3312);
#3312 = AXIS2_PLACEMENT_3D('',#3313,#3314,#3315);
#3313 = CARTESIAN_POINT('',(3.02481333923,1.85,0.1));
#3314 = DIRECTION('',(0.,0.,1.));
#3315 = DIRECTION('',(1.,0.,-0.));
#3316 = ADVANCED_FACE('',(#3317),#3328,.F.);
#3317 = FACE_BOUND('',#3318,.F.);
#3318 = EDGE_LOOP('',(#3319,#3320,#3321,#3322));
#3319 = ORIENTED_EDGE('',*,*,#2015,.T.);
#3320 = ORIENTED_EDGE('',*,*,#3306,.T.);
#3321 = ORIENTED_EDGE('',*,*,#2124,.F.);
#3322 = ORIENTED_EDGE('',*,*,#3323,.T.);
#3323 = EDGE_CURVE('',#2117,#2008,#3324,.T.);
#3324 = LINE('',#3325,#3326);
#3325 = CARTESIAN_POINT('',(2.95918333672,1.6,0.124549998207));
#3326 = VECTOR('',#3327,1.);
#3327 = DIRECTION('',(0.,1.,0.));
#3328 = CYLINDRICAL_SURFACE('',#3329,0.1);
#3329 = AXIS2_PLACEMENT_3D('',#3330,#3331,#3332);
#3330 = CARTESIAN_POINT('',(3.02481333923,1.85,0.2));
#3331 = DIRECTION('',(0.,1.,0.));
#3332 = DIRECTION('',(-0.6563000251,0.,-0.754500017928));
#3333 = ADVANCED_FACE('',(#3334),#3340,.T.);
#3334 = FACE_BOUND('',#3335,.T.);
#3335 = EDGE_LOOP('',(#3336,#3337,#3338,#3339));
#3336 = ORIENTED_EDGE('',*,*,#3266,.F.);
#3337 = ORIENTED_EDGE('',*,*,#2116,.T.);
#3338 = ORIENTED_EDGE('',*,*,#3323,.T.);
#3339 = ORIENTED_EDGE('',*,*,#2007,.F.);
#3340 = PLANE('',#3341);
#3341 = AXIS2_PLACEMENT_3D('',#3342,#3343,#3344);
#3342 = CARTESIAN_POINT('',(2.75644666579,1.85,0.300900003586));
#3343 = DIRECTION('',(0.6563000251,0.,0.754500017928));
#3344 = DIRECTION('',(0.754500017928,0.,-0.6563000251));
#3345 = ADVANCED_FACE('',(#3346),#3357,.F.);
#3346 = FACE_BOUND('',#3347,.F.);
#3347 = EDGE_LOOP('',(#3348,#3349,#3350,#3351));
#3348 = ORIENTED_EDGE('',*,*,#1981,.T.);
#3349 = ORIENTED_EDGE('',*,*,#2038,.F.);
#3350 = ORIENTED_EDGE('',*,*,#2097,.F.);
#3351 = ORIENTED_EDGE('',*,*,#3352,.T.);
#3352 = EDGE_CURVE('',#2090,#1974,#3353,.T.);
#3353 = LINE('',#3354,#3355);
#3354 = CARTESIAN_POINT('',(2.69081666328,1.6,0.225450001793));
#3355 = VECTOR('',#3356,1.);
#3356 = DIRECTION('',(0.,1.,0.));
#3357 = CYLINDRICAL_SURFACE('',#3358,0.1);
#3358 = AXIS2_PLACEMENT_3D('',#3359,#3360,#3361);
#3359 = CARTESIAN_POINT('',(2.62518666077,1.85,0.15));
#3360 = DIRECTION('',(0.,1.,0.));
#3361 = DIRECTION('',(0.6563000251,-0.,0.754500017928));
#3362 = ADVANCED_FACE('',(#3363),#3374,.T.);
#3363 = FACE_BOUND('',#3364,.T.);
#3364 = EDGE_LOOP('',(#3365,#3371,#3372,#3373));
#3365 = ORIENTED_EDGE('',*,*,#3366,.F.);
#3366 = EDGE_CURVE('',#2081,#1965,#3367,.T.);
#3367 = LINE('',#3368,#3369);
#3368 = CARTESIAN_POINT('',(2.89355333421,1.6,4.909999641431E-02));
#3369 = VECTOR('',#3370,1.);
#3370 = DIRECTION('',(0.,1.,0.));
#3371 = ORIENTED_EDGE('',*,*,#2089,.T.);
#3372 = ORIENTED_EDGE('',*,*,#3352,.T.);
#3373 = ORIENTED_EDGE('',*,*,#1973,.F.);
#3374 = PLANE('',#3375);
#3375 = AXIS2_PLACEMENT_3D('',#3376,#3377,#3378);
#3376 = CARTESIAN_POINT('',(2.89355333421,1.85,4.909999641431E-02));
#3377 = DIRECTION('',(-0.6563000251,-0.,-0.754500017928));
#3378 = DIRECTION('',(-0.754500017928,0.,0.6563000251));
#3379 = ADVANCED_FACE('',(#3380),#3391,.T.);
#3380 = FACE_BOUND('',#3381,.T.);
#3381 = EDGE_LOOP('',(#3382,#3388,#3389,#3390));
#3382 = ORIENTED_EDGE('',*,*,#3383,.F.);
#3383 = EDGE_CURVE('',#2073,#1957,#3384,.T.);
#3384 = LINE('',#3385,#3386);
#3385 = CARTESIAN_POINT('',(3.02481333923,1.6,2.775557561563E-17));
#3386 = VECTOR('',#3387,1.);
#3387 = DIRECTION('',(0.,1.,0.));
#3388 = ORIENTED_EDGE('',*,*,#2080,.T.);
#3389 = ORIENTED_EDGE('',*,*,#3366,.T.);
#3390 = ORIENTED_EDGE('',*,*,#1964,.F.);
#3391 = CYLINDRICAL_SURFACE('',#3392,0.2);
#3392 = AXIS2_PLACEMENT_3D('',#3393,#3394,#3395);
#3393 = CARTESIAN_POINT('',(3.02481333923,1.85,0.2));
#3394 = DIRECTION('',(0.,1.,0.));
#3395 = DIRECTION('',(-8.326672684689E-16,0.,-1.));
#3396 = ADVANCED_FACE('',(#3397),#3403,.T.);
#3397 = FACE_BOUND('',#3398,.T.);
#3398 = EDGE_LOOP('',(#3399,#3400,#3401,#3402));
#3399 = ORIENTED_EDGE('',*,*,#2072,.T.);
#3400 = ORIENTED_EDGE('',*,*,#3383,.T.);
#3401 = ORIENTED_EDGE('',*,*,#1956,.F.);
#3402 = ORIENTED_EDGE('',*,*,#3282,.T.);
#3403 = PLANE('',#3404);
#3404 = AXIS2_PLACEMENT_3D('',#3405,#3406,#3407);
#3405 = CARTESIAN_POINT('',(3.2,1.85,0.));
#3406 = DIRECTION('',(-0.,-0.,-1.));
#3407 = DIRECTION('',(-1.,0.,0.));
#3408 = ADVANCED_FACE('',(#3409),#3415,.T.);
#3409 = FACE_BOUND('',#3410,.T.);
#3410 = EDGE_LOOP('',(#3411,#3412,#3413,#3414));
#3411 = ORIENTED_EDGE('',*,*,#2252,.F.);
#3412 = ORIENTED_EDGE('',*,*,#2147,.T.);
#3413 = ORIENTED_EDGE('',*,*,#2688,.T.);
#3414 = ORIENTED_EDGE('',*,*,#2285,.F.);
#3415 = PLANE('',#3416);
#3416 = AXIS2_PLACEMENT_3D('',#3417,#3418,#3419);
#3417 = CARTESIAN_POINT('',(2.1,-1.5,0.7));
#3418 = DIRECTION('',(1.,0.,0.));
#3419 = DIRECTION('',(0.,-1.,0.));
#3420 = ADVANCED_FACE('',(#3421),#3427,.T.);
#3421 = FACE_BOUND('',#3422,.F.);
#3422 = EDGE_LOOP('',(#3423,#3424,#3425,#3426));
#3423 = ORIENTED_EDGE('',*,*,#2270,.F.);
#3424 = ORIENTED_EDGE('',*,*,#2203,.T.);
#3425 = ORIENTED_EDGE('',*,*,#2681,.T.);
#3426 = ORIENTED_EDGE('',*,*,#2301,.F.);
#3427 = PLANE('',#3428);
#3428 = AXIS2_PLACEMENT_3D('',#3429,#3430,#3431);
#3429 = CARTESIAN_POINT('',(1.5,-2.1,0.7));
#3430 = DIRECTION('',(1.110223024625E-16,-1.,0.));
#3431 = DIRECTION('',(-1.,-1.110223024625E-16,0.));
#3432 = ADVANCED_FACE('',(#3433),#3444,.F.);
#3433 = FACE_BOUND('',#3434,.F.);
#3434 = EDGE_LOOP('',(#3435,#3436,#3437,#3438));
#3435 = ORIENTED_EDGE('',*,*,#2381,.T.);
#3436 = ORIENTED_EDGE('',*,*,#2315,.F.);
#3437 = ORIENTED_EDGE('',*,*,#2497,.F.);
#3438 = ORIENTED_EDGE('',*,*,#3439,.T.);
#3439 = EDGE_CURVE('',#2490,#2374,#3440,.T.);
#3440 = LINE('',#3441,#3442);
#3441 = CARTESIAN_POINT('',(2.69081666328,-2.1,0.225450001793));
#3442 = VECTOR('',#3443,1.);
#3443 = DIRECTION('',(0.,1.,0.));
#3444 = CYLINDRICAL_SURFACE('',#3445,0.1);
#3445 = AXIS2_PLACEMENT_3D('',#3446,#3447,#3448);
#3446 = CARTESIAN_POINT('',(2.62518666077,-1.85,0.15));
#3447 = DIRECTION('',(0.,1.,0.));
#3448 = DIRECTION('',(0.6563000251,-0.,0.754500017928));
#3449 = ADVANCED_FACE('',(#3450),#3466,.T.);
#3450 = FACE_BOUND('',#3451,.T.);
#3451 = EDGE_LOOP('',(#3452,#3453,#3459,#3460));
#3452 = ORIENTED_EDGE('',*,*,#2462,.T.);
#3453 = ORIENTED_EDGE('',*,*,#3454,.F.);
#3454 = EDGE_CURVE('',#2349,#2465,#3455,.T.);
#3455 = LINE('',#3456,#3457);
#3456 = CARTESIAN_POINT('',(3.2,-1.6,0.));
#3457 = VECTOR('',#3458,1.);
#3458 = DIRECTION('',(0.,-1.,0.));
#3459 = ORIENTED_EDGE('',*,*,#2346,.F.);
#3460 = ORIENTED_EDGE('',*,*,#3461,.T.);
#3461 = EDGE_CURVE('',#2347,#2463,#3462,.T.);
#3462 = LINE('',#3463,#3464);
#3463 = CARTESIAN_POINT('',(3.2,-1.6,0.1));
#3464 = VECTOR('',#3465,1.);
#3465 = DIRECTION('',(0.,-1.,0.));
#3466 = PLANE('',#3467);
#3467 = AXIS2_PLACEMENT_3D('',#3468,#3469,#3470);
#3468 = CARTESIAN_POINT('',(3.2,-1.85,0.1));
#3469 = DIRECTION('',(1.,0.,0.));
#3470 = DIRECTION('',(0.,0.,-1.));
#3471 = ADVANCED_FACE('',(#3472),#3483,.T.);
#3472 = FACE_BOUND('',#3473,.T.);
#3473 = EDGE_LOOP('',(#3474,#3475,#3476,#3477));
#3474 = ORIENTED_EDGE('',*,*,#2533,.T.);
#3475 = ORIENTED_EDGE('',*,*,#3461,.F.);
#3476 = ORIENTED_EDGE('',*,*,#2424,.F.);
#3477 = ORIENTED_EDGE('',*,*,#3478,.T.);
#3478 = EDGE_CURVE('',#2416,#2525,#3479,.T.);
#3479 = LINE('',#3480,#3481);
#3480 = CARTESIAN_POINT('',(3.02481333923,-1.6,0.1));
#3481 = VECTOR('',#3482,1.);
#3482 = DIRECTION('',(0.,-1.,0.));
#3483 = PLANE('',#3484);
#3484 = AXIS2_PLACEMENT_3D('',#3485,#3486,#3487);
#3485 = CARTESIAN_POINT('',(3.02481333923,-1.85,0.1));
#3486 = DIRECTION('',(0.,0.,1.));
#3487 = DIRECTION('',(1.,0.,-0.));
#3488 = ADVANCED_FACE('',(#3489),#3500,.F.);
#3489 = FACE_BOUND('',#3490,.F.);
#3490 = EDGE_LOOP('',(#3491,#3492,#3493,#3494));
#3491 = ORIENTED_EDGE('',*,*,#2415,.T.);
#3492 = ORIENTED_EDGE('',*,*,#3478,.T.);
#3493 = ORIENTED_EDGE('',*,*,#2524,.F.);
#3494 = ORIENTED_EDGE('',*,*,#3495,.T.);
#3495 = EDGE_CURVE('',#2517,#2408,#3496,.T.);
#3496 = LINE('',#3497,#3498);
#3497 = CARTESIAN_POINT('',(2.95918333672,-2.1,0.124549998207));
#3498 = VECTOR('',#3499,1.);
#3499 = DIRECTION('',(0.,1.,0.));
#3500 = CYLINDRICAL_SURFACE('',#3501,0.1);
#3501 = AXIS2_PLACEMENT_3D('',#3502,#3503,#3504);
#3502 = CARTESIAN_POINT('',(3.02481333923,-1.85,0.2));
#3503 = DIRECTION('',(0.,1.,0.));
#3504 = DIRECTION('',(-0.6563000251,0.,-0.754500017928));
#3505 = ADVANCED_FACE('',(#3506),#3517,.T.);
#3506 = FACE_BOUND('',#3507,.T.);
#3507 = EDGE_LOOP('',(#3508,#3514,#3515,#3516));
#3508 = ORIENTED_EDGE('',*,*,#3509,.F.);
#3509 = EDGE_CURVE('',#2508,#2399,#3510,.T.);
#3510 = LINE('',#3511,#3512);
#3511 = CARTESIAN_POINT('',(2.75644666579,-2.1,0.300900003586));
#3512 = VECTOR('',#3513,1.);
#3513 = DIRECTION('',(0.,1.,0.));
#3514 = ORIENTED_EDGE('',*,*,#2516,.T.);
#3515 = ORIENTED_EDGE('',*,*,#3495,.T.);
#3516 = ORIENTED_EDGE('',*,*,#2407,.F.);
#3517 = PLANE('',#3518);
#3518 = AXIS2_PLACEMENT_3D('',#3519,#3520,#3521);
#3519 = CARTESIAN_POINT('',(2.75644666579,-1.85,0.300900003586));
#3520 = DIRECTION('',(0.6563000251,0.,0.754500017928));
#3521 = DIRECTION('',(0.754500017928,0.,-0.6563000251));
#3522 = ADVANCED_FACE('',(#3523),#3529,.T.);
#3523 = FACE_BOUND('',#3524,.T.);
#3524 = EDGE_LOOP('',(#3525,#3526,#3527,#3528));
#3525 = ORIENTED_EDGE('',*,*,#2447,.F.);
#3526 = ORIENTED_EDGE('',*,*,#2507,.T.);
#3527 = ORIENTED_EDGE('',*,*,#3509,.T.);
#3528 = ORIENTED_EDGE('',*,*,#2398,.F.);
#3529 = CYLINDRICAL_SURFACE('',#3530,0.2);
#3530 = AXIS2_PLACEMENT_3D('',#3531,#3532,#3533);
#3531 = CARTESIAN_POINT('',(2.62518666077,-1.85,0.15));
#3532 = DIRECTION('',(0.,1.,0.));
#3533 = DIRECTION('',(1.665334536938E-15,-0.,1.));
#3534 = ADVANCED_FACE('',(#3535),#3546,.T.);
#3535 = FACE_BOUND('',#3536,.T.);
#3536 = EDGE_LOOP('',(#3537,#3543,#3544,#3545));
#3537 = ORIENTED_EDGE('',*,*,#3538,.F.);
#3538 = EDGE_CURVE('',#2481,#2365,#3539,.T.);
#3539 = LINE('',#3540,#3541);
#3540 = CARTESIAN_POINT('',(2.89355333421,-2.1,4.909999641431E-02));
#3541 = VECTOR('',#3542,1.);
#3542 = DIRECTION('',(0.,1.,0.));
#3543 = ORIENTED_EDGE('',*,*,#2489,.T.);
#3544 = ORIENTED_EDGE('',*,*,#3439,.T.);
#3545 = ORIENTED_EDGE('',*,*,#2373,.F.);
#3546 = PLANE('',#3547);
#3547 = AXIS2_PLACEMENT_3D('',#3548,#3549,#3550);
#3548 = CARTESIAN_POINT('',(2.89355333421,-1.85,4.909999641431E-02));
#3549 = DIRECTION('',(-0.6563000251,-0.,-0.754500017928));
#3550 = DIRECTION('',(-0.754500017928,0.,0.6563000251));
#3551 = ADVANCED_FACE('',(#3552),#3563,.T.);
#3552 = FACE_BOUND('',#3553,.T.);
#3553 = EDGE_LOOP('',(#3554,#3560,#3561,#3562));
#3554 = ORIENTED_EDGE('',*,*,#3555,.F.);
#3555 = EDGE_CURVE('',#2473,#2357,#3556,.T.);
#3556 = LINE('',#3557,#3558);
#3557 = CARTESIAN_POINT('',(3.02481333923,-2.1,0.));
#3558 = VECTOR('',#3559,1.);
#3559 = DIRECTION('',(0.,1.,0.));
#3560 = ORIENTED_EDGE('',*,*,#2480,.T.);
#3561 = ORIENTED_EDGE('',*,*,#3538,.T.);
#3562 = ORIENTED_EDGE('',*,*,#2364,.F.);
#3563 = CYLINDRICAL_SURFACE('',#3564,0.2);
#3564 = AXIS2_PLACEMENT_3D('',#3565,#3566,#3567);
#3565 = CARTESIAN_POINT('',(3.02481333923,-1.85,0.2));
#3566 = DIRECTION('',(0.,1.,0.));
#3567 = DIRECTION('',(-8.326672684689E-16,0.,-1.));
#3568 = ADVANCED_FACE('',(#3569),#3575,.T.);
#3569 = FACE_BOUND('',#3570,.T.);
#3570 = EDGE_LOOP('',(#3571,#3572,#3573,#3574));
#3571 = ORIENTED_EDGE('',*,*,#2472,.T.);
#3572 = ORIENTED_EDGE('',*,*,#3555,.T.);
#3573 = ORIENTED_EDGE('',*,*,#2356,.F.);
#3574 = ORIENTED_EDGE('',*,*,#3454,.T.);
#3575 = PLANE('',#3576);
#3576 = AXIS2_PLACEMENT_3D('',#3577,#3578,#3579);
#3577 = CARTESIAN_POINT('',(3.2,-1.85,0.));
#3578 = DIRECTION('',(-0.,-0.,-1.));
#3579 = DIRECTION('',(-1.,0.,0.));
#3580 = ADVANCED_FACE('',(#3581),#3624,.F.);
#3581 = FACE_BOUND('',#3582,.F.);
#3582 = EDGE_LOOP('',(#3583,#3591,#3592,#3600,#3609,#3617));
#3583 = ORIENTED_EDGE('',*,*,#3584,.T.);
#3584 = EDGE_CURVE('',#3585,#2732,#3587,.T.);
#3585 = VERTEX_POINT('',#3586);
#3586 = CARTESIAN_POINT('',(1.170478312235,1.787873218748,1.048507125007
    ));
#3587 = LINE('',#3588,#3589);
#3588 = CARTESIAN_POINT('',(1.166904810515,1.784299717029,1.062801131886
    ));
#3589 = VECTOR('',#3590,1.);
#3590 = DIRECTION('',(0.235702260396,0.235702260396,-0.942809041582));
#3591 = ORIENTED_EDGE('',*,*,#2731,.T.);
#3592 = ORIENTED_EDGE('',*,*,#3593,.F.);
#3593 = EDGE_CURVE('',#3594,#2734,#3596,.T.);
#3594 = VERTEX_POINT('',#3595);
#3595 = CARTESIAN_POINT('',(1.787873218748,1.170478312235,1.048507125007
    ));
#3596 = LINE('',#3597,#3598);
#3597 = CARTESIAN_POINT('',(1.784299717029,1.166904810515,1.062801131886
    ));
#3598 = VECTOR('',#3599,1.);
#3599 = DIRECTION('',(0.235702260396,0.235702260396,-0.942809041582));
#3600 = ORIENTED_EDGE('',*,*,#3601,.F.);
#3601 = EDGE_CURVE('',#3602,#3594,#3604,.T.);
#3602 = VERTEX_POINT('',#3603);
#3603 = CARTESIAN_POINT('',(1.782406527036,1.166865233118,1.066666666667
    ));
#3604 = ELLIPSE('',#3605,0.3,0.2);
#3605 = AXIS2_PLACEMENT_3D('',#3606,#3607,#3608);
#3606 = CARTESIAN_POINT('',(1.593844718719,1.388760374768,1.));
#3607 = DIRECTION('',(0.666666666667,0.666666666667,0.333333333333));
#3608 = DIRECTION('',(0.596284794,-0.7453559925,0.298142397));
#3609 = ORIENTED_EDGE('',*,*,#3610,.F.);
#3610 = EDGE_CURVE('',#3611,#3602,#3613,.T.);
#3611 = VERTEX_POINT('',#3612);
#3612 = CARTESIAN_POINT('',(1.166865233118,1.782406527036,1.066666666667
    ));
#3613 = LINE('',#3614,#3615);
#3614 = CARTESIAN_POINT('',(1.16593842682,1.783333333333,1.066666666667)
  );
#3615 = VECTOR('',#3616,1.);
#3616 = DIRECTION('',(0.707106781187,-0.707106781187,0.));
#3617 = ORIENTED_EDGE('',*,*,#3618,.T.);
#3618 = EDGE_CURVE('',#3611,#3585,#3619,.T.);
#3619 = ELLIPSE('',#3620,0.3,0.2);
#3620 = AXIS2_PLACEMENT_3D('',#3621,#3622,#3623);
#3621 = CARTESIAN_POINT('',(1.388760374768,1.593844718719,1.));
#3622 = DIRECTION('',(-0.666666666667,-0.666666666667,-0.333333333333));
#3623 = DIRECTION('',(0.7453559925,-0.596284794,-0.298142397));
#3624 = PLANE('',#3625);
#3625 = AXIS2_PLACEMENT_3D('',#3626,#3627,#3628);
#3626 = CARTESIAN_POINT('',(1.475602263772,1.475602263772,1.062801131886
    ));
#3627 = DIRECTION('',(-0.666666666667,-0.666666666667,-0.333333333333));
#3628 = DIRECTION('',(0.235702260395,0.235702260395,-0.942809041582));
#3629 = ADVANCED_FACE('',(#3630),#3648,.F.);
#3630 = FACE_BOUND('',#3631,.F.);
#3631 = EDGE_LOOP('',(#3632,#3640,#3641,#3642));
#3632 = ORIENTED_EDGE('',*,*,#3633,.T.);
#3633 = EDGE_CURVE('',#3634,#2782,#3636,.T.);
#3634 = VERTEX_POINT('',#3635);
#3635 = CARTESIAN_POINT('',(-1.170478312235,1.787873218748,
    1.048507125007));
#3636 = LINE('',#3637,#3638);
#3637 = CARTESIAN_POINT('',(-1.166904810515,1.784299717029,
    1.062801131886));
#3638 = VECTOR('',#3639,1.);
#3639 = DIRECTION('',(-0.235702260396,0.235702260396,-0.942809041582));
#3640 = ORIENTED_EDGE('',*,*,#2789,.T.);
#3641 = ORIENTED_EDGE('',*,*,#3584,.F.);
#3642 = ORIENTED_EDGE('',*,*,#3643,.F.);
#3643 = EDGE_CURVE('',#3634,#3585,#3644,.T.);
#3644 = LINE('',#3645,#3646);
#3645 = CARTESIAN_POINT('',(-1.132605093487,1.787873218748,
    1.048507125007));
#3646 = VECTOR('',#3647,1.);
#3647 = DIRECTION('',(1.,0.,0.));
#3648 = PLANE('',#3649);
#3649 = AXIS2_PLACEMENT_3D('',#3650,#3651,#3652);
#3650 = CARTESIAN_POINT('',(0.,1.85,0.8));
#3651 = DIRECTION('',(0.,-0.970142500145,-0.242535625036));
#3652 = DIRECTION('',(0.,-0.242535625036,0.970142500145));
#3653 = ADVANCED_FACE('',(#3654),#3690,.T.);
#3654 = FACE_BOUND('',#3655,.T.);
#3655 = EDGE_LOOP('',(#3656,#3657,#3658,#3666,#3675,#3683));
#3656 = ORIENTED_EDGE('',*,*,#3633,.T.);
#3657 = ORIENTED_EDGE('',*,*,#2781,.T.);
#3658 = ORIENTED_EDGE('',*,*,#3659,.F.);
#3659 = EDGE_CURVE('',#3660,#2774,#3662,.T.);
#3660 = VERTEX_POINT('',#3661);
#3661 = CARTESIAN_POINT('',(-1.787873218748,1.170478312235,
    1.048507125007));
#3662 = LINE('',#3663,#3664);
#3663 = CARTESIAN_POINT('',(-1.784299717029,1.166904810515,
    1.062801131886));
#3664 = VECTOR('',#3665,1.);
#3665 = DIRECTION('',(-0.235702260396,0.235702260396,-0.942809041582));
#3666 = ORIENTED_EDGE('',*,*,#3667,.F.);
#3667 = EDGE_CURVE('',#3668,#3660,#3670,.T.);
#3668 = VERTEX_POINT('',#3669);
#3669 = CARTESIAN_POINT('',(-1.782406527036,1.166865233118,
    1.066666666667));
#3670 = ELLIPSE('',#3671,0.3,0.2);
#3671 = AXIS2_PLACEMENT_3D('',#3672,#3673,#3674);
#3672 = CARTESIAN_POINT('',(-1.593844718719,1.388760374768,1.));
#3673 = DIRECTION('',(0.666666666667,-0.666666666667,-0.333333333333));
#3674 = DIRECTION('',(-0.596284794,-0.7453559925,0.298142397));
#3675 = ORIENTED_EDGE('',*,*,#3676,.F.);
#3676 = EDGE_CURVE('',#3677,#3668,#3679,.T.);
#3677 = VERTEX_POINT('',#3678);
#3678 = CARTESIAN_POINT('',(-1.166865233118,1.782406527036,
    1.066666666667));
#3679 = LINE('',#3680,#3681);
#3680 = CARTESIAN_POINT('',(-1.16593842682,1.783333333333,1.066666666667
    ));
#3681 = VECTOR('',#3682,1.);
#3682 = DIRECTION('',(-0.707106781187,-0.707106781187,0.));
#3683 = ORIENTED_EDGE('',*,*,#3684,.T.);
#3684 = EDGE_CURVE('',#3677,#3634,#3685,.T.);
#3685 = ELLIPSE('',#3686,0.3,0.2);
#3686 = AXIS2_PLACEMENT_3D('',#3687,#3688,#3689);
#3687 = CARTESIAN_POINT('',(-1.388760374768,1.593844718719,1.));
#3688 = DIRECTION('',(-0.666666666667,0.666666666667,0.333333333333));
#3689 = DIRECTION('',(0.7453559925,0.596284794,0.298142397));
#3690 = PLANE('',#3691);
#3691 = AXIS2_PLACEMENT_3D('',#3692,#3693,#3694);
#3692 = CARTESIAN_POINT('',(-1.475602263772,1.475602263772,
    1.062801131886));
#3693 = DIRECTION('',(-0.666666666667,0.666666666667,0.333333333333));
#3694 = DIRECTION('',(-0.235702260395,0.235702260395,-0.942809041582));
#3695 = ADVANCED_FACE('',(#3696),#3714,.T.);
#3696 = FACE_BOUND('',#3697,.F.);
#3697 = EDGE_LOOP('',(#3698,#3699,#3707,#3713));
#3698 = ORIENTED_EDGE('',*,*,#3659,.F.);
#3699 = ORIENTED_EDGE('',*,*,#3700,.T.);
#3700 = EDGE_CURVE('',#3660,#3701,#3703,.T.);
#3701 = VERTEX_POINT('',#3702);
#3702 = CARTESIAN_POINT('',(-1.787873218748,-1.170478312235,
    1.048507125007));
#3703 = LINE('',#3704,#3705);
#3704 = CARTESIAN_POINT('',(-1.787873218748,1.132605093487,
    1.048507125007));
#3705 = VECTOR('',#3706,1.);
#3706 = DIRECTION('',(-0.,-1.,-0.));
#3707 = ORIENTED_EDGE('',*,*,#3708,.T.);
#3708 = EDGE_CURVE('',#3701,#2766,#3709,.T.);
#3709 = LINE('',#3710,#3711);
#3710 = CARTESIAN_POINT('',(-1.784299717029,-1.166904810515,
    1.062801131886));
#3711 = VECTOR('',#3712,1.);
#3712 = DIRECTION('',(-0.235702260396,-0.235702260396,-0.942809041582));
#3713 = ORIENTED_EDGE('',*,*,#2773,.F.);
#3714 = PLANE('',#3715);
#3715 = AXIS2_PLACEMENT_3D('',#3716,#3717,#3718);
#3716 = CARTESIAN_POINT('',(-1.85,0.,0.8));
#3717 = DIRECTION('',(-0.970142500145,0.,0.242535625036));
#3718 = DIRECTION('',(-0.242535625036,0.,-0.970142500145));
#3719 = ADVANCED_FACE('',(#3720),#3756,.F.);
#3720 = FACE_BOUND('',#3721,.F.);
#3721 = EDGE_LOOP('',(#3722,#3730,#3731,#3732,#3741,#3749));
#3722 = ORIENTED_EDGE('',*,*,#3723,.T.);
#3723 = EDGE_CURVE('',#3724,#2758,#3726,.T.);
#3724 = VERTEX_POINT('',#3725);
#3725 = CARTESIAN_POINT('',(-1.170478312235,-1.787873218748,
    1.048507125007));
#3726 = LINE('',#3727,#3728);
#3727 = CARTESIAN_POINT('',(-1.166904810515,-1.784299717029,
    1.062801131886));
#3728 = VECTOR('',#3729,1.);
#3729 = DIRECTION('',(-0.235702260396,-0.235702260396,-0.942809041582));
#3730 = ORIENTED_EDGE('',*,*,#2765,.T.);
#3731 = ORIENTED_EDGE('',*,*,#3708,.F.);
#3732 = ORIENTED_EDGE('',*,*,#3733,.F.);
#3733 = EDGE_CURVE('',#3734,#3701,#3736,.T.);
#3734 = VERTEX_POINT('',#3735);
#3735 = CARTESIAN_POINT('',(-1.782406527036,-1.166865233118,
    1.066666666667));
#3736 = ELLIPSE('',#3737,0.3,0.2);
#3737 = AXIS2_PLACEMENT_3D('',#3738,#3739,#3740);
#3738 = CARTESIAN_POINT('',(-1.593844718719,-1.388760374768,1.));
#3739 = DIRECTION('',(-0.666666666667,-0.666666666667,0.333333333333));
#3740 = DIRECTION('',(0.596284794,-0.7453559925,-0.298142397));
#3741 = ORIENTED_EDGE('',*,*,#3742,.F.);
#3742 = EDGE_CURVE('',#3743,#3734,#3745,.T.);
#3743 = VERTEX_POINT('',#3744);
#3744 = CARTESIAN_POINT('',(-1.166865233118,-1.782406527036,
    1.066666666667));
#3745 = LINE('',#3746,#3747);
#3746 = CARTESIAN_POINT('',(-1.16593842682,-1.783333333333,
    1.066666666667));
#3747 = VECTOR('',#3748,1.);
#3748 = DIRECTION('',(-0.707106781187,0.707106781187,0.));
#3749 = ORIENTED_EDGE('',*,*,#3750,.T.);
#3750 = EDGE_CURVE('',#3743,#3724,#3751,.T.);
#3751 = ELLIPSE('',#3752,0.3,0.2);
#3752 = AXIS2_PLACEMENT_3D('',#3753,#3754,#3755);
#3753 = CARTESIAN_POINT('',(-1.388760374768,-1.593844718719,1.));
#3754 = DIRECTION('',(0.666666666667,0.666666666667,-0.333333333333));
#3755 = DIRECTION('',(-0.7453559925,0.596284794,-0.298142397));
#3756 = PLANE('',#3757);
#3757 = AXIS2_PLACEMENT_3D('',#3758,#3759,#3760);
#3758 = CARTESIAN_POINT('',(-1.475602263772,-1.475602263772,
    1.062801131886));
#3759 = DIRECTION('',(0.666666666667,0.666666666667,-0.333333333333));
#3760 = DIRECTION('',(-0.235702260395,-0.235702260395,-0.942809041582));
#3761 = ADVANCED_FACE('',(#3762),#3780,.F.);
#3762 = FACE_BOUND('',#3763,.T.);
#3763 = EDGE_LOOP('',(#3764,#3772,#3778,#3779));
#3764 = ORIENTED_EDGE('',*,*,#3765,.F.);
#3765 = EDGE_CURVE('',#3766,#2750,#3768,.T.);
#3766 = VERTEX_POINT('',#3767);
#3767 = CARTESIAN_POINT('',(1.170478312235,-1.787873218748,
    1.048507125007));
#3768 = LINE('',#3769,#3770);
#3769 = CARTESIAN_POINT('',(1.166904810515,-1.784299717029,
    1.062801131886));
#3770 = VECTOR('',#3771,1.);
#3771 = DIRECTION('',(0.235702260396,-0.235702260396,-0.942809041582));
#3772 = ORIENTED_EDGE('',*,*,#3773,.T.);
#3773 = EDGE_CURVE('',#3766,#3724,#3774,.T.);
#3774 = LINE('',#3775,#3776);
#3775 = CARTESIAN_POINT('',(1.132605093487,-1.787873218748,
    1.048507125007));
#3776 = VECTOR('',#3777,1.);
#3777 = DIRECTION('',(-1.,0.,0.));
#3778 = ORIENTED_EDGE('',*,*,#3723,.T.);
#3779 = ORIENTED_EDGE('',*,*,#2757,.F.);
#3780 = PLANE('',#3781);
#3781 = AXIS2_PLACEMENT_3D('',#3782,#3783,#3784);
#3782 = CARTESIAN_POINT('',(0.,-1.85,0.8));
#3783 = DIRECTION('',(0.,0.970142500145,-0.242535625036));
#3784 = DIRECTION('',(0.,-0.242535625036,-0.970142500145));
#3785 = ADVANCED_FACE('',(#3786),#3822,.T.);
#3786 = FACE_BOUND('',#3787,.F.);
#3787 = EDGE_LOOP('',(#3788,#3796,#3797,#3798,#3807,#3815));
#3788 = ORIENTED_EDGE('',*,*,#3789,.T.);
#3789 = EDGE_CURVE('',#3790,#2742,#3792,.T.);
#3790 = VERTEX_POINT('',#3791);
#3791 = CARTESIAN_POINT('',(1.787873218748,-1.170478312235,
    1.048507125007));
#3792 = LINE('',#3793,#3794);
#3793 = CARTESIAN_POINT('',(1.784299717029,-1.166904810515,
    1.062801131886));
#3794 = VECTOR('',#3795,1.);
#3795 = DIRECTION('',(0.235702260396,-0.235702260396,-0.942809041582));
#3796 = ORIENTED_EDGE('',*,*,#2749,.T.);
#3797 = ORIENTED_EDGE('',*,*,#3765,.F.);
#3798 = ORIENTED_EDGE('',*,*,#3799,.F.);
#3799 = EDGE_CURVE('',#3800,#3766,#3802,.T.);
#3800 = VERTEX_POINT('',#3801);
#3801 = CARTESIAN_POINT('',(1.166865233118,-1.782406527036,
    1.066666666667));
#3802 = ELLIPSE('',#3803,0.3,0.2);
#3803 = AXIS2_PLACEMENT_3D('',#3804,#3805,#3806);
#3804 = CARTESIAN_POINT('',(1.388760374768,-1.593844718719,1.));
#3805 = DIRECTION('',(0.666666666667,-0.666666666667,0.333333333333));
#3806 = DIRECTION('',(-0.7453559925,-0.596284794,0.298142397));
#3807 = ORIENTED_EDGE('',*,*,#3808,.F.);
#3808 = EDGE_CURVE('',#3809,#3800,#3811,.T.);
#3809 = VERTEX_POINT('',#3810);
#3810 = CARTESIAN_POINT('',(1.782406527036,-1.166865233118,
    1.066666666667));
#3811 = LINE('',#3812,#3813);
#3812 = CARTESIAN_POINT('',(1.783333333333,-1.16593842682,1.066666666667
    ));
#3813 = VECTOR('',#3814,1.);
#3814 = DIRECTION('',(-0.707106781187,-0.707106781187,0.));
#3815 = ORIENTED_EDGE('',*,*,#3816,.T.);
#3816 = EDGE_CURVE('',#3809,#3790,#3817,.T.);
#3817 = ELLIPSE('',#3818,0.3,0.2);
#3818 = AXIS2_PLACEMENT_3D('',#3819,#3820,#3821);
#3819 = CARTESIAN_POINT('',(1.593844718719,-1.388760374768,1.));
#3820 = DIRECTION('',(-0.666666666667,0.666666666667,-0.333333333333));
#3821 = DIRECTION('',(-0.596284794,-0.7453559925,-0.298142397));
#3822 = PLANE('',#3823);
#3823 = AXIS2_PLACEMENT_3D('',#3824,#3825,#3826);
#3824 = CARTESIAN_POINT('',(1.475602263772,-1.475602263772,
    1.062801131886));
#3825 = DIRECTION('',(0.666666666667,-0.666666666667,0.333333333333));
#3826 = DIRECTION('',(-0.235702260395,0.235702260395,0.942809041582));
#3827 = ADVANCED_FACE('',(#3828),#3839,.T.);
#3828 = FACE_BOUND('',#3829,.T.);
#3829 = EDGE_LOOP('',(#3830,#3831,#3837,#3838));
#3830 = ORIENTED_EDGE('',*,*,#3593,.F.);
#3831 = ORIENTED_EDGE('',*,*,#3832,.T.);
#3832 = EDGE_CURVE('',#3594,#3790,#3833,.T.);
#3833 = LINE('',#3834,#3835);
#3834 = CARTESIAN_POINT('',(1.787873218748,1.132605093487,1.048507125007
    ));
#3835 = VECTOR('',#3836,1.);
#3836 = DIRECTION('',(0.,-1.,0.));
#3837 = ORIENTED_EDGE('',*,*,#3789,.T.);
#3838 = ORIENTED_EDGE('',*,*,#2741,.F.);
#3839 = PLANE('',#3840);
#3840 = AXIS2_PLACEMENT_3D('',#3841,#3842,#3843);
#3841 = CARTESIAN_POINT('',(1.85,0.,0.8));
#3842 = DIRECTION('',(0.970142500145,0.,0.242535625036));
#3843 = DIRECTION('',(-0.242535625036,0.,0.970142500145));
#3844 = ADVANCED_FACE('',(#3845),#3874,.T.);
#3845 = FACE_BOUND('',#3846,.T.);
#3846 = EDGE_LOOP('',(#3847,#3856,#3857,#3858,#3859,#3868));
#3847 = ORIENTED_EDGE('',*,*,#3848,.T.);
#3848 = EDGE_CURVE('',#3849,#3611,#3851,.T.);
#3849 = VERTEX_POINT('',#3850);
#3850 = CARTESIAN_POINT('',(1.088760374768,1.593844718719,1.2));
#3851 = ELLIPSE('',#3852,0.216478440058,0.2);
#3852 = AXIS2_PLACEMENT_3D('',#3853,#3854,#3855);
#3853 = CARTESIAN_POINT('',(1.088760374768,1.593844718719,1.));
#3854 = DIRECTION('',(-0.923879532511,0.382683432365,0.));
#3855 = DIRECTION('',(-0.382683432365,-0.923879532511,0.));
#3856 = ORIENTED_EDGE('',*,*,#3618,.T.);
#3857 = ORIENTED_EDGE('',*,*,#3643,.F.);
#3858 = ORIENTED_EDGE('',*,*,#3684,.F.);
#3859 = ORIENTED_EDGE('',*,*,#3860,.F.);
#3860 = EDGE_CURVE('',#3861,#3677,#3863,.T.);
#3861 = VERTEX_POINT('',#3862);
#3862 = CARTESIAN_POINT('',(-1.088760374768,1.593844718719,1.2));
#3863 = ELLIPSE('',#3864,0.216478440058,0.2);
#3864 = AXIS2_PLACEMENT_3D('',#3865,#3866,#3867);
#3865 = CARTESIAN_POINT('',(-1.088760374768,1.593844718719,1.));
#3866 = DIRECTION('',(-0.923879532511,-0.382683432365,0.));
#3867 = DIRECTION('',(0.382683432365,-0.923879532511,0.));
#3868 = ORIENTED_EDGE('',*,*,#3869,.T.);
#3869 = EDGE_CURVE('',#3861,#3849,#3870,.T.);
#3870 = LINE('',#3871,#3872);
#3871 = CARTESIAN_POINT('',(-1.132605093487,1.593844718719,1.2));
#3872 = VECTOR('',#3873,1.);
#3873 = DIRECTION('',(1.,0.,0.));
#3874 = CYLINDRICAL_SURFACE('',#3875,0.2);
#3875 = AXIS2_PLACEMENT_3D('',#3876,#3877,#3878);
#3876 = CARTESIAN_POINT('',(-1.132605093487,1.593844718719,1.));
#3877 = DIRECTION('',(1.,0.,0.));
#3878 = DIRECTION('',(-0.,0.970142500145,0.242535625036));
#3879 = ADVANCED_FACE('',(#3880),#3899,.T.);
#3880 = FACE_BOUND('',#3881,.T.);
#3881 = EDGE_LOOP('',(#3882,#3883,#3891,#3898));
#3882 = ORIENTED_EDGE('',*,*,#3848,.F.);
#3883 = ORIENTED_EDGE('',*,*,#3884,.T.);
#3884 = EDGE_CURVE('',#3849,#3885,#3887,.T.);
#3885 = VERTEX_POINT('',#3886);
#3886 = CARTESIAN_POINT('',(1.593844718719,1.088760374768,1.2));
#3887 = LINE('',#3888,#3889);
#3888 = CARTESIAN_POINT('',(1.032605093487,1.65,1.2));
#3889 = VECTOR('',#3890,1.);
#3890 = DIRECTION('',(0.707106781187,-0.707106781187,0.));
#3891 = ORIENTED_EDGE('',*,*,#3892,.T.);
#3892 = EDGE_CURVE('',#3885,#3602,#3893,.T.);
#3893 = ELLIPSE('',#3894,0.216478440058,0.2);
#3894 = AXIS2_PLACEMENT_3D('',#3895,#3896,#3897);
#3895 = CARTESIAN_POINT('',(1.593844718719,1.088760374768,1.));
#3896 = DIRECTION('',(-0.382683432365,0.923879532511,0.));
#3897 = DIRECTION('',(0.923879532511,0.382683432365,0.));
#3898 = ORIENTED_EDGE('',*,*,#3610,.F.);
#3899 = CYLINDRICAL_SURFACE('',#3900,0.2);
#3900 = AXIS2_PLACEMENT_3D('',#3901,#3902,#3903);
#3901 = CARTESIAN_POINT('',(1.032605093487,1.65,1.));
#3902 = DIRECTION('',(0.707106781187,-0.707106781187,0.));
#3903 = DIRECTION('',(0.666666666667,0.666666666667,0.333333333333));
#3904 = ADVANCED_FACE('',(#3905),#3926,.T.);
#3905 = FACE_BOUND('',#3906,.T.);
#3906 = EDGE_LOOP('',(#3907,#3908,#3916,#3923,#3924,#3925));
#3907 = ORIENTED_EDGE('',*,*,#3892,.F.);
#3908 = ORIENTED_EDGE('',*,*,#3909,.T.);
#3909 = EDGE_CURVE('',#3885,#3910,#3912,.T.);
#3910 = VERTEX_POINT('',#3911);
#3911 = CARTESIAN_POINT('',(1.593844718719,-1.088760374768,1.2));
#3912 = LINE('',#3913,#3914);
#3913 = CARTESIAN_POINT('',(1.593844718719,1.132605093487,1.2));
#3914 = VECTOR('',#3915,1.);
#3915 = DIRECTION('',(0.,-1.,0.));
#3916 = ORIENTED_EDGE('',*,*,#3917,.T.);
#3917 = EDGE_CURVE('',#3910,#3809,#3918,.T.);
#3918 = ELLIPSE('',#3919,0.216478440058,0.2);
#3919 = AXIS2_PLACEMENT_3D('',#3920,#3921,#3922);
#3920 = CARTESIAN_POINT('',(1.593844718719,-1.088760374768,1.));
#3921 = DIRECTION('',(0.382683432365,0.923879532511,-0.));
#3922 = DIRECTION('',(-0.923879532511,0.382683432365,0.));
#3923 = ORIENTED_EDGE('',*,*,#3816,.T.);
#3924 = ORIENTED_EDGE('',*,*,#3832,.F.);
#3925 = ORIENTED_EDGE('',*,*,#3601,.F.);
#3926 = CYLINDRICAL_SURFACE('',#3927,0.2);
#3927 = AXIS2_PLACEMENT_3D('',#3928,#3929,#3930);
#3928 = CARTESIAN_POINT('',(1.593844718719,1.132605093487,1.));
#3929 = DIRECTION('',(0.,-1.,0.));
#3930 = DIRECTION('',(0.970142500145,0.,0.242535625036));
#3931 = ADVANCED_FACE('',(#3932),#3951,.T.);
#3932 = FACE_BOUND('',#3933,.T.);
#3933 = EDGE_LOOP('',(#3934,#3935,#3944,#3950));
#3934 = ORIENTED_EDGE('',*,*,#3676,.T.);
#3935 = ORIENTED_EDGE('',*,*,#3936,.F.);
#3936 = EDGE_CURVE('',#3937,#3668,#3939,.T.);
#3937 = VERTEX_POINT('',#3938);
#3938 = CARTESIAN_POINT('',(-1.593844718719,1.088760374768,1.2));
#3939 = ELLIPSE('',#3940,0.216478440058,0.2);
#3940 = AXIS2_PLACEMENT_3D('',#3941,#3942,#3943);
#3941 = CARTESIAN_POINT('',(-1.593844718719,1.088760374768,1.));
#3942 = DIRECTION('',(-0.382683432365,-0.923879532511,-0.));
#3943 = DIRECTION('',(-0.923879532511,0.382683432365,0.));
#3944 = ORIENTED_EDGE('',*,*,#3945,.F.);
#3945 = EDGE_CURVE('',#3861,#3937,#3946,.T.);
#3946 = LINE('',#3947,#3948);
#3947 = CARTESIAN_POINT('',(-1.032605093487,1.65,1.2));
#3948 = VECTOR('',#3949,1.);
#3949 = DIRECTION('',(-0.707106781187,-0.707106781187,0.));
#3950 = ORIENTED_EDGE('',*,*,#3860,.T.);
#3951 = CYLINDRICAL_SURFACE('',#3952,0.2);
#3952 = AXIS2_PLACEMENT_3D('',#3953,#3954,#3955);
#3953 = CARTESIAN_POINT('',(-1.032605093487,1.65,1.));
#3954 = DIRECTION('',(-0.707106781187,-0.707106781187,0.));
#3955 = DIRECTION('',(-0.666666666667,0.666666666667,0.333333333333));
#3956 = ADVANCED_FACE('',(#3957),#3978,.T.);
#3957 = FACE_BOUND('',#3958,.T.);
#3958 = EDGE_LOOP('',(#3959,#3960,#3961,#3962,#3971,#3977));
#3959 = ORIENTED_EDGE('',*,*,#3667,.T.);
#3960 = ORIENTED_EDGE('',*,*,#3700,.T.);
#3961 = ORIENTED_EDGE('',*,*,#3733,.F.);
#3962 = ORIENTED_EDGE('',*,*,#3963,.F.);
#3963 = EDGE_CURVE('',#3964,#3734,#3966,.T.);
#3964 = VERTEX_POINT('',#3965);
#3965 = CARTESIAN_POINT('',(-1.593844718719,-1.088760374768,1.2));
#3966 = ELLIPSE('',#3967,0.216478440058,0.2);
#3967 = AXIS2_PLACEMENT_3D('',#3968,#3969,#3970);
#3968 = CARTESIAN_POINT('',(-1.593844718719,-1.088760374768,1.));
#3969 = DIRECTION('',(0.382683432365,-0.923879532511,0.));
#3970 = DIRECTION('',(-0.923879532511,-0.382683432365,0.));
#3971 = ORIENTED_EDGE('',*,*,#3972,.F.);
#3972 = EDGE_CURVE('',#3937,#3964,#3973,.T.);
#3973 = LINE('',#3974,#3975);
#3974 = CARTESIAN_POINT('',(-1.593844718719,1.132605093487,1.2));
#3975 = VECTOR('',#3976,1.);
#3976 = DIRECTION('',(-0.,-1.,-0.));
#3977 = ORIENTED_EDGE('',*,*,#3936,.T.);
#3978 = CYLINDRICAL_SURFACE('',#3979,0.2);
#3979 = AXIS2_PLACEMENT_3D('',#3980,#3981,#3982);
#3980 = CARTESIAN_POINT('',(-1.593844718719,1.132605093487,1.));
#3981 = DIRECTION('',(-0.,-1.,-0.));
#3982 = DIRECTION('',(-0.970142500145,0.,0.242535625036));
#3983 = ADVANCED_FACE('',(#3984),#4013,.T.);
#3984 = FACE_BOUND('',#3985,.T.);
#3985 = EDGE_LOOP('',(#3986,#3995,#4003,#4010,#4011,#4012));
#3986 = ORIENTED_EDGE('',*,*,#3987,.F.);
#3987 = EDGE_CURVE('',#3988,#3800,#3990,.T.);
#3988 = VERTEX_POINT('',#3989);
#3989 = CARTESIAN_POINT('',(1.088760374768,-1.593844718719,1.2));
#3990 = ELLIPSE('',#3991,0.216478440058,0.2);
#3991 = AXIS2_PLACEMENT_3D('',#3992,#3993,#3994);
#3992 = CARTESIAN_POINT('',(1.088760374768,-1.593844718719,1.));
#3993 = DIRECTION('',(0.923879532511,0.382683432365,0.));
#3994 = DIRECTION('',(0.382683432365,-0.923879532511,0.));
#3995 = ORIENTED_EDGE('',*,*,#3996,.T.);
#3996 = EDGE_CURVE('',#3988,#3997,#3999,.T.);
#3997 = VERTEX_POINT('',#3998);
#3998 = CARTESIAN_POINT('',(-1.088760374768,-1.593844718719,1.2));
#3999 = LINE('',#4000,#4001);
#4000 = CARTESIAN_POINT('',(1.132605093487,-1.593844718719,1.2));
#4001 = VECTOR('',#4002,1.);
#4002 = DIRECTION('',(-1.,0.,0.));
#4003 = ORIENTED_EDGE('',*,*,#4004,.T.);
#4004 = EDGE_CURVE('',#3997,#3743,#4005,.T.);
#4005 = ELLIPSE('',#4006,0.216478440058,0.2);
#4006 = AXIS2_PLACEMENT_3D('',#4007,#4008,#4009);
#4007 = CARTESIAN_POINT('',(-1.088760374768,-1.593844718719,1.));
#4008 = DIRECTION('',(0.923879532511,-0.382683432365,0.));
#4009 = DIRECTION('',(0.382683432365,0.923879532511,0.));
#4010 = ORIENTED_EDGE('',*,*,#3750,.T.);
#4011 = ORIENTED_EDGE('',*,*,#3773,.F.);
#4012 = ORIENTED_EDGE('',*,*,#3799,.F.);
#4013 = CYLINDRICAL_SURFACE('',#4014,0.2);
#4014 = AXIS2_PLACEMENT_3D('',#4015,#4016,#4017);
#4015 = CARTESIAN_POINT('',(1.132605093487,-1.593844718719,1.));
#4016 = DIRECTION('',(-1.,0.,0.));
#4017 = DIRECTION('',(0.,-0.970142500145,0.242535625036));
#4018 = ADVANCED_FACE('',(#4019),#4030,.T.);
#4019 = FACE_BOUND('',#4020,.T.);
#4020 = EDGE_LOOP('',(#4021,#4022,#4028,#4029));
#4021 = ORIENTED_EDGE('',*,*,#4004,.F.);
#4022 = ORIENTED_EDGE('',*,*,#4023,.T.);
#4023 = EDGE_CURVE('',#3997,#3964,#4024,.T.);
#4024 = LINE('',#4025,#4026);
#4025 = CARTESIAN_POINT('',(-1.032605093487,-1.65,1.2));
#4026 = VECTOR('',#4027,1.);
#4027 = DIRECTION('',(-0.707106781187,0.707106781187,0.));
#4028 = ORIENTED_EDGE('',*,*,#3963,.T.);
#4029 = ORIENTED_EDGE('',*,*,#3742,.F.);
#4030 = CYLINDRICAL_SURFACE('',#4031,0.2);
#4031 = AXIS2_PLACEMENT_3D('',#4032,#4033,#4034);
#4032 = CARTESIAN_POINT('',(-1.032605093487,-1.65,1.));
#4033 = DIRECTION('',(-0.707106781187,0.707106781187,0.));
#4034 = DIRECTION('',(-0.666666666667,-0.666666666667,0.333333333333));
#4035 = ADVANCED_FACE('',(#4036),#4047,.T.);
#4036 = FACE_BOUND('',#4037,.T.);
#4037 = EDGE_LOOP('',(#4038,#4039,#4045,#4046));
#4038 = ORIENTED_EDGE('',*,*,#3917,.F.);
#4039 = ORIENTED_EDGE('',*,*,#4040,.T.);
#4040 = EDGE_CURVE('',#3910,#3988,#4041,.T.);
#4041 = LINE('',#4042,#4043);
#4042 = CARTESIAN_POINT('',(1.65,-1.032605093487,1.2));
#4043 = VECTOR('',#4044,1.);
#4044 = DIRECTION('',(-0.707106781187,-0.707106781187,0.));
#4045 = ORIENTED_EDGE('',*,*,#3987,.T.);
#4046 = ORIENTED_EDGE('',*,*,#3808,.F.);
#4047 = CYLINDRICAL_SURFACE('',#4048,0.2);
#4048 = AXIS2_PLACEMENT_3D('',#4049,#4050,#4051);
#4049 = CARTESIAN_POINT('',(1.65,-1.032605093487,1.));
#4050 = DIRECTION('',(-0.707106781187,-0.707106781187,0.));
#4051 = DIRECTION('',(0.666666666667,-0.666666666667,0.333333333333));
#4052 = ADVANCED_FACE('',(#4053,#4063),#4074,.T.);
#4053 = FACE_BOUND('',#4054,.T.);
#4054 = EDGE_LOOP('',(#4055,#4056,#4057,#4058,#4059,#4060,#4061,#4062));
#4055 = ORIENTED_EDGE('',*,*,#3909,.F.);
#4056 = ORIENTED_EDGE('',*,*,#3884,.F.);
#4057 = ORIENTED_EDGE('',*,*,#3869,.F.);
#4058 = ORIENTED_EDGE('',*,*,#3945,.T.);
#4059 = ORIENTED_EDGE('',*,*,#3972,.T.);
#4060 = ORIENTED_EDGE('',*,*,#4023,.F.);
#4061 = ORIENTED_EDGE('',*,*,#3996,.F.);
#4062 = ORIENTED_EDGE('',*,*,#4040,.F.);
#4063 = FACE_BOUND('',#4064,.T.);
#4064 = EDGE_LOOP('',(#4065));
#4065 = ORIENTED_EDGE('',*,*,#4066,.F.);
#4066 = EDGE_CURVE('',#4067,#4067,#4069,.T.);
#4067 = VERTEX_POINT('',#4068);
#4068 = CARTESIAN_POINT('',(1.1,-2.694222958124E-16,1.2));
#4069 = CIRCLE('',#4070,1.1);
#4070 = AXIS2_PLACEMENT_3D('',#4071,#4072,#4073);
#4071 = CARTESIAN_POINT('',(0.,0.,1.2));
#4072 = DIRECTION('',(0.,0.,1.));
#4073 = DIRECTION('',(1.,0.,-0.));
#4074 = PLANE('',#4075);
#4075 = AXIS2_PLACEMENT_3D('',#4076,#4077,#4078);
#4076 = CARTESIAN_POINT('',(1.75,0.,1.2));
#4077 = DIRECTION('',(0.,0.,1.));
#4078 = DIRECTION('',(-1.,0.,0.));
#4079 = ADVANCED_FACE('',(#4080),#4099,.F.);
#4080 = FACE_BOUND('',#4081,.F.);
#4081 = EDGE_LOOP('',(#4082,#4083,#4091,#4098));
#4082 = ORIENTED_EDGE('',*,*,#4066,.F.);
#4083 = ORIENTED_EDGE('',*,*,#4084,.F.);
#4084 = EDGE_CURVE('',#4085,#4067,#4087,.T.);
#4085 = VERTEX_POINT('',#4086);
#4086 = CARTESIAN_POINT('',(1.1,-2.694222958124E-16,0.7));
#4087 = LINE('',#4088,#4089);
#4088 = CARTESIAN_POINT('',(1.1,-2.694222958124E-16,0.7));
#4089 = VECTOR('',#4090,1.);
#4090 = DIRECTION('',(0.,0.,1.));
#4091 = ORIENTED_EDGE('',*,*,#4092,.T.);
#4092 = EDGE_CURVE('',#4085,#4085,#4093,.T.);
#4093 = CIRCLE('',#4094,1.1);
#4094 = AXIS2_PLACEMENT_3D('',#4095,#4096,#4097);
#4095 = CARTESIAN_POINT('',(0.,0.,0.7));
#4096 = DIRECTION('',(0.,0.,1.));
#4097 = DIRECTION('',(1.,0.,-0.));
#4098 = ORIENTED_EDGE('',*,*,#4084,.T.);
#4099 = CYLINDRICAL_SURFACE('',#4100,1.1);
#4100 = AXIS2_PLACEMENT_3D('',#4101,#4102,#4103);
#4101 = CARTESIAN_POINT('',(0.,0.,0.7));
#4102 = DIRECTION('',(0.,0.,1.));
#4103 = DIRECTION('',(1.,0.,-0.));
#4104 = ADVANCED_FACE('',(#4105,#4108),#4119,.T.);
#4105 = FACE_BOUND('',#4106,.T.);
#4106 = EDGE_LOOP('',(#4107));
#4107 = ORIENTED_EDGE('',*,*,#4092,.T.);
#4108 = FACE_BOUND('',#4109,.T.);
#4109 = EDGE_LOOP('',(#4110));
#4110 = ORIENTED_EDGE('',*,*,#4111,.F.);
#4111 = EDGE_CURVE('',#4112,#4112,#4114,.T.);
#4112 = VERTEX_POINT('',#4113);
#4113 = CARTESIAN_POINT('',(1.,0.,0.7));
#4114 = CIRCLE('',#4115,1.);
#4115 = AXIS2_PLACEMENT_3D('',#4116,#4117,#4118);
#4116 = CARTESIAN_POINT('',(0.,0.,0.7));
#4117 = DIRECTION('',(0.,0.,1.));
#4118 = DIRECTION('',(1.,0.,-0.));
#4119 = PLANE('',#4120);
#4120 = AXIS2_PLACEMENT_3D('',#4121,#4122,#4123);
#4121 = CARTESIAN_POINT('',(0.,0.,0.7));
#4122 = DIRECTION('',(0.,0.,1.));
#4123 = DIRECTION('',(1.,0.,-0.));
#4124 = ADVANCED_FACE('',(#4125),#4144,.T.);
#4125 = FACE_BOUND('',#4126,.T.);
#4126 = EDGE_LOOP('',(#4127,#4135,#4136,#4137));
#4127 = ORIENTED_EDGE('',*,*,#4128,.F.);
#4128 = EDGE_CURVE('',#4112,#4129,#4131,.T.);
#4129 = VERTEX_POINT('',#4130);
#4130 = CARTESIAN_POINT('',(1.,0.,1.25));
#4131 = LINE('',#4132,#4133);
#4132 = CARTESIAN_POINT('',(1.,0.,0.7));
#4133 = VECTOR('',#4134,1.);
#4134 = DIRECTION('',(0.,0.,1.));
#4135 = ORIENTED_EDGE('',*,*,#4111,.T.);
#4136 = ORIENTED_EDGE('',*,*,#4128,.T.);
#4137 = ORIENTED_EDGE('',*,*,#4138,.F.);
#4138 = EDGE_CURVE('',#4129,#4129,#4139,.T.);
#4139 = CIRCLE('',#4140,1.);
#4140 = AXIS2_PLACEMENT_3D('',#4141,#4142,#4143);
#4141 = CARTESIAN_POINT('',(0.,0.,1.25));
#4142 = DIRECTION('',(0.,0.,1.));
#4143 = DIRECTION('',(1.,0.,-0.));
#4144 = CYLINDRICAL_SURFACE('',#4145,1.);
#4145 = AXIS2_PLACEMENT_3D('',#4146,#4147,#4148);
#4146 = CARTESIAN_POINT('',(0.,0.,0.7));
#4147 = DIRECTION('',(0.,0.,1.));
#4148 = DIRECTION('',(1.,0.,-0.));
#4149 = ADVANCED_FACE('',(#4150),#4170,.T.);
#4150 = FACE_BOUND('',#4151,.T.);
#4151 = EDGE_LOOP('',(#4152,#4161,#4162,#4163));
#4152 = ORIENTED_EDGE('',*,*,#4153,.F.);
#4153 = EDGE_CURVE('',#4129,#4154,#4156,.T.);
#4154 = VERTEX_POINT('',#4155);
#4155 = CARTESIAN_POINT('',(0.75,0.,1.5));
#4156 = CIRCLE('',#4157,0.25);
#4157 = AXIS2_PLACEMENT_3D('',#4158,#4159,#4160);
#4158 = CARTESIAN_POINT('',(0.75,0.,1.25));
#4159 = DIRECTION('',(0.,-1.,0.));
#4160 = DIRECTION('',(1.,0.,0.));
#4161 = ORIENTED_EDGE('',*,*,#4138,.T.);
#4162 = ORIENTED_EDGE('',*,*,#4153,.T.);
#4163 = ORIENTED_EDGE('',*,*,#4164,.F.);
#4164 = EDGE_CURVE('',#4154,#4154,#4165,.T.);
#4165 = CIRCLE('',#4166,0.75);
#4166 = AXIS2_PLACEMENT_3D('',#4167,#4168,#4169);
#4167 = CARTESIAN_POINT('',(0.,0.,1.5));
#4168 = DIRECTION('',(0.,0.,1.));
#4169 = DIRECTION('',(1.,0.,-0.));
#4170 = TOROIDAL_SURFACE('',#4171,0.75,0.25);
#4171 = AXIS2_PLACEMENT_3D('',#4172,#4173,#4174);
#4172 = CARTESIAN_POINT('',(0.,0.,1.25));
#4173 = DIRECTION('',(0.,0.,1.));
#4174 = DIRECTION('',(1.,0.,-0.));
#4175 = ADVANCED_FACE('',(#4176),#4179,.T.);
#4176 = FACE_BOUND('',#4177,.T.);
#4177 = EDGE_LOOP('',(#4178));
#4178 = ORIENTED_EDGE('',*,*,#4164,.T.);
#4179 = PLANE('',#4180);
#4180 = AXIS2_PLACEMENT_3D('',#4181,#4182,#4183);
#4181 = CARTESIAN_POINT('',(0.,0.,1.5));
#4182 = DIRECTION('',(0.,0.,1.));
#4183 = DIRECTION('',(1.,0.,-0.));
#4184 = ( GEOMETRIC_REPRESENTATION_CONTEXT(3) 
GLOBAL_UNCERTAINTY_ASSIGNED_CONTEXT((#4188)) 
GLOBAL_UNIT_ASSIGNED_CONTEXT((#4185,#4186,#4187)) REPRESENTATION_CONTEXT
('Context #1','3D Context with UNIT and UNCERTAINTY') );
#4185 = ( LENGTH_UNIT() NAMED_UNIT(*) SI_UNIT(.MILLI.,.METRE.) );
#4186 = ( NAMED_UNIT(*) PLANE_ANGLE_UNIT() SI_UNIT($,.RADIAN.) );
#4187 = ( NAMED_UNIT(*) SI_UNIT($,.STERADIAN.) SOLID_ANGLE_UNIT() );
#4188 = UNCERTAINTY_MEASURE_WITH_UNIT(LENGTH_MEASURE(1.E-07),#4185,
  'distance_accuracy_value','confusion accuracy');
#4189 = CONTEXT_DEPENDENT_SHAPE_REPRESENTATION(#4190,#4192);
#4190 = ( REPRESENTATION_RELATIONSHIP('','',#111,#88) 
REPRESENTATION_RELATIONSHIP_WITH_TRANSFORMATION(#4191) 
SHAPE_REPRESENTATION_RELATIONSHIP() );
#4191 = ITEM_DEFINED_TRANSFORMATION('','',#11,#89);
#4192 = PRODUCT_DEFINITION_SHAPE('Placement','Placement of an item',
  #4193);
#4193 = NEXT_ASSEMBLY_USAGE_OCCURRENCE('1','=>[0:1:1:3]','',#83,#106,$);
#4194 = PRODUCT_RELATED_PRODUCT_CATEGORY('part',$,(#108));
#4195 = CONTEXT_DEPENDENT_SHAPE_REPRESENTATION(#4196,#4198);
#4196 = ( REPRESENTATION_RELATIONSHIP('','',#88,#10) 
REPRESENTATION_RELATIONSHIP_WITH_TRANSFORMATION(#4197) 
SHAPE_REPRESENTATION_RELATIONSHIP() );
#4197 = ITEM_DEFINED_TRANSFORMATION('','',#11,#19);
#4198 = PRODUCT_DEFINITION_SHAPE('Placement','Placement of an item',
  #4199);
#4199 = NEXT_ASSEMBLY_USAGE_OCCURRENCE('3','SW9','',#5,#83,$);
#4200 = CONTEXT_DEPENDENT_SHAPE_REPRESENTATION(#4201,#4203);
#4201 = ( REPRESENTATION_RELATIONSHIP('','',#88,#10) 
REPRESENTATION_RELATIONSHIP_WITH_TRANSFORMATION(#4202) 
SHAPE_REPRESENTATION_RELATIONSHIP() );
#4202 = ITEM_DEFINED_TRANSFORMATION('','',#11,#23);
#4203 = PRODUCT_DEFINITION_SHAPE('Placement','Placement of an item',
  #4204);
#4204 = NEXT_ASSEMBLY_USAGE_OCCURRENCE('4','SW3','',#5,#83,$);
#4205 = CONTEXT_DEPENDENT_SHAPE_REPRESENTATION(#4206,#4208);
#4206 = ( REPRESENTATION_RELATIONSHIP('','',#88,#10) 
REPRESENTATION_RELATIONSHIP_WITH_TRANSFORMATION(#4207) 
SHAPE_REPRESENTATION_RELATIONSHIP() );
#4207 = ITEM_DEFINED_TRANSFORMATION('','',#11,#27);
#4208 = PRODUCT_DEFINITION_SHAPE('Placement','Placement of an item',
  #4209);
#4209 = NEXT_ASSEMBLY_USAGE_OCCURRENCE('5','SW11','',#5,#83,$);
#4210 = CONTEXT_DEPENDENT_SHAPE_REPRESENTATION(#4211,#4213);
#4211 = ( REPRESENTATION_RELATIONSHIP('','',#88,#10) 
REPRESENTATION_RELATIONSHIP_WITH_TRANSFORMATION(#4212) 
SHAPE_REPRESENTATION_RELATIONSHIP() );
#4212 = ITEM_DEFINED_TRANSFORMATION('','',#11,#31);
#4213 = PRODUCT_DEFINITION_SHAPE('Placement','Placement of an item',
  #4214);
#4214 = NEXT_ASSEMBLY_USAGE_OCCURRENCE('6','SW12','',#5,#83,$);
#4215 = CONTEXT_DEPENDENT_SHAPE_REPRESENTATION(#4216,#4218);
#4216 = ( REPRESENTATION_RELATIONSHIP('','',#88,#10) 
REPRESENTATION_RELATIONSHIP_WITH_TRANSFORMATION(#4217) 
SHAPE_REPRESENTATION_RELATIONSHIP() );
#4217 = ITEM_DEFINED_TRANSFORMATION('','',#11,#35);
#4218 = PRODUCT_DEFINITION_SHAPE('Placement','Placement of an item',
  #4219);
#4219 = NEXT_ASSEMBLY_USAGE_OCCURRENCE('7','SW2','',#5,#83,$);
#4220 = CONTEXT_DEPENDENT_SHAPE_REPRESENTATION(#4221,#4223);
#4221 = ( REPRESENTATION_RELATIONSHIP('','',#88,#10) 
REPRESENTATION_RELATIONSHIP_WITH_TRANSFORMATION(#4222) 
SHAPE_REPRESENTATION_RELATIONSHIP() );
#4222 = ITEM_DEFINED_TRANSFORMATION('','',#11,#39);
#4223 = PRODUCT_DEFINITION_SHAPE('Placement','Placement of an item',
  #4224);
#4224 = NEXT_ASSEMBLY_USAGE_OCCURRENCE('8','SW10','',#5,#83,$);
#4225 = CONTEXT_DEPENDENT_SHAPE_REPRESENTATION(#4226,#4228);
#4226 = ( REPRESENTATION_RELATIONSHIP('','',#88,#10) 
REPRESENTATION_RELATIONSHIP_WITH_TRANSFORMATION(#4227) 
SHAPE_REPRESENTATION_RELATIONSHIP() );
#4227 = ITEM_DEFINED_TRANSFORMATION('','',#11,#43);
#4228 = PRODUCT_DEFINITION_SHAPE('Placement','Placement of an item',
  #4229);
#4229 = NEXT_ASSEMBLY_USAGE_OCCURRENCE('9','SW7','',#5,#83,$);
#4230 = CONTEXT_DEPENDENT_SHAPE_REPRESENTATION(#4231,#4233);
#4231 = ( REPRESENTATION_RELATIONSHIP('','',#88,#10) 
REPRESENTATION_RELATIONSHIP_WITH_TRANSFORMATION(#4232) 
SHAPE_REPRESENTATION_RELATIONSHIP() );
#4232 = ITEM_DEFINED_TRANSFORMATION('','',#11,#47);
#4233 = PRODUCT_DEFINITION_SHAPE('Placement','Placement of an item',
  #4234);
#4234 = NEXT_ASSEMBLY_USAGE_OCCURRENCE('10','SW6','',#5,#83,$);
#4235 = CONTEXT_DEPENDENT_SHAPE_REPRESENTATION(#4236,#4238);
#4236 = ( REPRESENTATION_RELATIONSHIP('','',#88,#10) 
REPRESENTATION_RELATIONSHIP_WITH_TRANSFORMATION(#4237) 
SHAPE_REPRESENTATION_RELATIONSHIP() );
#4237 = ITEM_DEFINED_TRANSFORMATION('','',#11,#51);
#4238 = PRODUCT_DEFINITION_SHAPE('Placement','Placement of an item',
  #4239);
#4239 = NEXT_ASSEMBLY_USAGE_OCCURRENCE('11','SW8','',#5,#83,$);
#4240 = CONTEXT_DEPENDENT_SHAPE_REPRESENTATION(#4241,#4243);
#4241 = ( REPRESENTATION_RELATIONSHIP('','',#88,#10) 
REPRESENTATION_RELATIONSHIP_WITH_TRANSFORMATION(#4242) 
SHAPE_REPRESENTATION_RELATIONSHIP() );
#4242 = ITEM_DEFINED_TRANSFORMATION('','',#11,#55);
#4243 = PRODUCT_DEFINITION_SHAPE('Placement','Placement of an item',
  #4244);
#4244 = NEXT_ASSEMBLY_USAGE_OCCURRENCE('12','SW5','',#5,#83,$);
#4245 = SHAPE_DEFINITION_REPRESENTATION(#4246,#4252);
#4246 = PRODUCT_DEFINITION_SHAPE('','',#4247);
#4247 = PRODUCT_DEFINITION('design','',#4248,#4251);
#4248 = PRODUCT_DEFINITION_FORMATION('','',#4249);
#4249 = PRODUCT('Core2350B','Core2350B','',(#4250));
#4250 = PRODUCT_CONTEXT('',#2,'mechanical');
#4251 = PRODUCT_DEFINITION_CONTEXT('part definition',#2,'design');
#4252 = SHAPE_REPRESENTATION('',(#11,#4253),#4257);
#4253 = AXIS2_PLACEMENT_3D('',#4254,#4255,#4256);
#4254 = CARTESIAN_POINT('',(0.,0.,0.));
#4255 = DIRECTION('',(0.,0.,1.));
#4256 = DIRECTION('',(1.,0.,-0.));
#4257 = ( GEOMETRIC_REPRESENTATION_CONTEXT(3) 
GLOBAL_UNCERTAINTY_ASSIGNED_CONTEXT((#4261)) 
GLOBAL_UNIT_ASSIGNED_CONTEXT((#4258,#4259,#4260)) REPRESENTATION_CONTEXT
('Context #1','3D Context with UNIT and UNCERTAINTY') );
#4258 = ( LENGTH_UNIT() NAMED_UNIT(*) SI_UNIT(.MILLI.,.METRE.) );
#4259 = ( NAMED_UNIT(*) PLANE_ANGLE_UNIT() SI_UNIT($,.RADIAN.) );
#4260 = ( NAMED_UNIT(*) SI_UNIT($,.STERADIAN.) SOLID_ANGLE_UNIT() );
#4261 = UNCERTAINTY_MEASURE_WITH_UNIT(LENGTH_MEASURE(1.E-07),#4258,
  'distance_accuracy_value','confusion accuracy');
#4262 = CONTEXT_DEPENDENT_SHAPE_REPRESENTATION(#4263,#4265);
#4263 = ( REPRESENTATION_RELATIONSHIP('','',#4252,#10) 
REPRESENTATION_RELATIONSHIP_WITH_TRANSFORMATION(#4264) 
SHAPE_REPRESENTATION_RELATIONSHIP() );
#4264 = ITEM_DEFINED_TRANSFORMATION('','',#11,#59);
#4265 = PRODUCT_DEFINITION_SHAPE('Placement','Placement of an item',
  #4266);
#4266 = NEXT_ASSEMBLY_USAGE_OCCURRENCE('14','A1','',#5,#4247,$);
#4267 = PRODUCT_RELATED_PRODUCT_CATEGORY('part',$,(#4249));
#4268 = SHAPE_DEFINITION_REPRESENTATION(#4269,#4275);
#4269 = PRODUCT_DEFINITION_SHAPE('','',#4270);
#4270 = PRODUCT_DEFINITION('design','',#4271,#4274);
#4271 = PRODUCT_DEFINITION_FORMATION('','',#4272);
#4272 = PRODUCT('Open CASCADE STEP translator 7.9 1',
  'Open CASCADE STEP translator 7.9 1','',(#4273));
#4273 = PRODUCT_CONTEXT('',#2,'mechanical');
#4274 = PRODUCT_DEFINITION_CONTEXT('part definition',#2,'design');
#4275 = ADVANCED_BREP_SHAPE_REPRESENTATION('',(#11,#4276),#4568);
#4276 = MANIFOLD_SOLID_BREP('',#4277);
#4277 = CLOSED_SHELL('',(#4278,#4318,#4349,#4407,#4431,#4448,#4460,#4491
    ,#4515,#4539,#4556));
#4278 = ADVANCED_FACE('',(#4279),#4313,.F.);
#4279 = FACE_BOUND('',#4280,.F.);
#4280 = EDGE_LOOP('',(#4281,#4291,#4299,#4307));
#4281 = ORIENTED_EDGE('',*,*,#4282,.F.);
#4282 = EDGE_CURVE('',#4283,#4285,#4287,.T.);
#4283 = VERTEX_POINT('',#4284);
#4284 = CARTESIAN_POINT('',(-12.7,-12.7,0.));
#4285 = VERTEX_POINT('',#4286);
#4286 = CARTESIAN_POINT('',(-12.7,-12.7,1.2));
#4287 = LINE('',#4288,#4289);
#4288 = CARTESIAN_POINT('',(-12.7,-12.7,0.));
#4289 = VECTOR('',#4290,1.);
#4290 = DIRECTION('',(0.,0.,1.));
#4291 = ORIENTED_EDGE('',*,*,#4292,.T.);
#4292 = EDGE_CURVE('',#4283,#4293,#4295,.T.);
#4293 = VERTEX_POINT('',#4294);
#4294 = CARTESIAN_POINT('',(-12.7,12.7,0.));
#4295 = LINE('',#4296,#4297);
#4296 = CARTESIAN_POINT('',(-12.7,-12.7,0.));
#4297 = VECTOR('',#4298,1.);
#4298 = DIRECTION('',(0.,1.,0.));
#4299 = ORIENTED_EDGE('',*,*,#4300,.T.);
#4300 = EDGE_CURVE('',#4293,#4301,#4303,.T.);
#4301 = VERTEX_POINT('',#4302);
#4302 = CARTESIAN_POINT('',(-12.7,12.7,1.2));
#4303 = LINE('',#4304,#4305);
#4304 = CARTESIAN_POINT('',(-12.7,12.7,0.));
#4305 = VECTOR('',#4306,1.);
#4306 = DIRECTION('',(0.,0.,1.));
#4307 = ORIENTED_EDGE('',*,*,#4308,.F.);
#4308 = EDGE_CURVE('',#4285,#4301,#4309,.T.);
#4309 = LINE('',#4310,#4311);
#4310 = CARTESIAN_POINT('',(-12.7,-12.7,1.2));
#4311 = VECTOR('',#4312,1.);
#4312 = DIRECTION('',(0.,1.,0.));
#4313 = PLANE('',#4314);
#4314 = AXIS2_PLACEMENT_3D('',#4315,#4316,#4317);
#4315 = CARTESIAN_POINT('',(-12.7,-12.7,0.));
#4316 = DIRECTION('',(1.,0.,0.));
#4317 = DIRECTION('',(0.,0.,1.));
#4318 = ADVANCED_FACE('',(#4319),#4344,.F.);
#4319 = FACE_BOUND('',#4320,.F.);
#4320 = EDGE_LOOP('',(#4321,#4329,#4330,#4338));
#4321 = ORIENTED_EDGE('',*,*,#4322,.F.);
#4322 = EDGE_CURVE('',#4283,#4323,#4325,.T.);
#4323 = VERTEX_POINT('',#4324);
#4324 = CARTESIAN_POINT('',(12.7,-12.7,0.));
#4325 = LINE('',#4326,#4327);
#4326 = CARTESIAN_POINT('',(-12.7,-12.7,0.));
#4327 = VECTOR('',#4328,1.);
#4328 = DIRECTION('',(1.,0.,0.));
#4329 = ORIENTED_EDGE('',*,*,#4282,.T.);
#4330 = ORIENTED_EDGE('',*,*,#4331,.T.);
#4331 = EDGE_CURVE('',#4285,#4332,#4334,.T.);
#4332 = VERTEX_POINT('',#4333);
#4333 = CARTESIAN_POINT('',(12.7,-12.7,1.2));
#4334 = LINE('',#4335,#4336);
#4335 = CARTESIAN_POINT('',(-12.7,-12.7,1.2));
#4336 = VECTOR('',#4337,1.);
#4337 = DIRECTION('',(1.,0.,0.));
#4338 = ORIENTED_EDGE('',*,*,#4339,.F.);
#4339 = EDGE_CURVE('',#4323,#4332,#4340,.T.);
#4340 = LINE('',#4341,#4342);
#4341 = CARTESIAN_POINT('',(12.7,-12.7,0.));
#4342 = VECTOR('',#4343,1.);
#4343 = DIRECTION('',(0.,0.,1.));
#4344 = PLANE('',#4345);
#4345 = AXIS2_PLACEMENT_3D('',#4346,#4347,#4348);
#4346 = CARTESIAN_POINT('',(-12.7,-12.7,0.));
#4347 = DIRECTION('',(0.,1.,0.));
#4348 = DIRECTION('',(0.,-0.,1.));
#4349 = ADVANCED_FACE('',(#4350,#4368),#4402,.T.);
#4350 = FACE_BOUND('',#4351,.T.);
#4351 = EDGE_LOOP('',(#4352,#4353,#4354,#4362));
#4352 = ORIENTED_EDGE('',*,*,#4308,.F.);
#4353 = ORIENTED_EDGE('',*,*,#4331,.T.);
#4354 = ORIENTED_EDGE('',*,*,#4355,.T.);
#4355 = EDGE_CURVE('',#4332,#4356,#4358,.T.);
#4356 = VERTEX_POINT('',#4357);
#4357 = CARTESIAN_POINT('',(12.7,12.7,1.2));
#4358 = LINE('',#4359,#4360);
#4359 = CARTESIAN_POINT('',(12.7,-12.7,1.2));
#4360 = VECTOR('',#4361,1.);
#4361 = DIRECTION('',(0.,1.,0.));
#4362 = ORIENTED_EDGE('',*,*,#4363,.F.);
#4363 = EDGE_CURVE('',#4301,#4356,#4364,.T.);
#4364 = LINE('',#4365,#4366);
#4365 = CARTESIAN_POINT('',(-12.7,12.7,1.2));
#4366 = VECTOR('',#4367,1.);
#4367 = DIRECTION('',(1.,0.,0.));
#4368 = FACE_BOUND('',#4369,.T.);
#4369 = EDGE_LOOP('',(#4370,#4380,#4388,#4396));
#4370 = ORIENTED_EDGE('',*,*,#4371,.T.);
#4371 = EDGE_CURVE('',#4372,#4374,#4376,.T.);
#4372 = VERTEX_POINT('',#4373);
#4373 = CARTESIAN_POINT('',(-4.,-4.,1.2));
#4374 = VERTEX_POINT('',#4375);
#4375 = CARTESIAN_POINT('',(-4.,4.,1.2));
#4376 = LINE('',#4377,#4378);
#4377 = CARTESIAN_POINT('',(-4.,-4.,1.2));
#4378 = VECTOR('',#4379,1.);
#4379 = DIRECTION('',(0.,1.,0.));
#4380 = ORIENTED_EDGE('',*,*,#4381,.T.);
#4381 = EDGE_CURVE('',#4374,#4382,#4384,.T.);
#4382 = VERTEX_POINT('',#4383);
#4383 = CARTESIAN_POINT('',(4.,4.,1.2));
#4384 = LINE('',#4385,#4386);
#4385 = CARTESIAN_POINT('',(-4.,4.,1.2));
#4386 = VECTOR('',#4387,1.);
#4387 = DIRECTION('',(1.,0.,0.));
#4388 = ORIENTED_EDGE('',*,*,#4389,.F.);
#4389 = EDGE_CURVE('',#4390,#4382,#4392,.T.);
#4390 = VERTEX_POINT('',#4391);
#4391 = CARTESIAN_POINT('',(4.,-4.,1.2));
#4392 = LINE('',#4393,#4394);
#4393 = CARTESIAN_POINT('',(4.,-4.,1.2));
#4394 = VECTOR('',#4395,1.);
#4395 = DIRECTION('',(0.,1.,0.));
#4396 = ORIENTED_EDGE('',*,*,#4397,.F.);
#4397 = EDGE_CURVE('',#4372,#4390,#4398,.T.);
#4398 = LINE('',#4399,#4400);
#4399 = CARTESIAN_POINT('',(-4.,-4.,1.2));
#4400 = VECTOR('',#4401,1.);
#4401 = DIRECTION('',(1.,0.,0.));
#4402 = PLANE('',#4403);
#4403 = AXIS2_PLACEMENT_3D('',#4404,#4405,#4406);
#4404 = CARTESIAN_POINT('',(-12.7,-12.7,1.2));
#4405 = DIRECTION('',(0.,0.,1.));
#4406 = DIRECTION('',(1.,0.,-0.));
#4407 = ADVANCED_FACE('',(#4408),#4426,.T.);
#4408 = FACE_BOUND('',#4409,.T.);
#4409 = EDGE_LOOP('',(#4410,#4418,#4419,#4420));
#4410 = ORIENTED_EDGE('',*,*,#4411,.F.);
#4411 = EDGE_CURVE('',#4293,#4412,#4414,.T.);
#4412 = VERTEX_POINT('',#4413);
#4413 = CARTESIAN_POINT('',(12.7,12.7,0.));
#4414 = LINE('',#4415,#4416);
#4415 = CARTESIAN_POINT('',(-12.7,12.7,0.));
#4416 = VECTOR('',#4417,1.);
#4417 = DIRECTION('',(1.,0.,0.));
#4418 = ORIENTED_EDGE('',*,*,#4300,.T.);
#4419 = ORIENTED_EDGE('',*,*,#4363,.T.);
#4420 = ORIENTED_EDGE('',*,*,#4421,.F.);
#4421 = EDGE_CURVE('',#4412,#4356,#4422,.T.);
#4422 = LINE('',#4423,#4424);
#4423 = CARTESIAN_POINT('',(12.7,12.7,0.));
#4424 = VECTOR('',#4425,1.);
#4425 = DIRECTION('',(0.,0.,1.));
#4426 = PLANE('',#4427);
#4427 = AXIS2_PLACEMENT_3D('',#4428,#4429,#4430);
#4428 = CARTESIAN_POINT('',(-12.7,12.7,0.));
#4429 = DIRECTION('',(0.,1.,0.));
#4430 = DIRECTION('',(0.,-0.,1.));
#4431 = ADVANCED_FACE('',(#4432),#4443,.F.);
#4432 = FACE_BOUND('',#4433,.F.);
#4433 = EDGE_LOOP('',(#4434,#4435,#4436,#4442));
#4434 = ORIENTED_EDGE('',*,*,#4292,.F.);
#4435 = ORIENTED_EDGE('',*,*,#4322,.T.);
#4436 = ORIENTED_EDGE('',*,*,#4437,.T.);
#4437 = EDGE_CURVE('',#4323,#4412,#4438,.T.);
#4438 = LINE('',#4439,#4440);
#4439 = CARTESIAN_POINT('',(12.7,-12.7,0.));
#4440 = VECTOR('',#4441,1.);
#4441 = DIRECTION('',(0.,1.,0.));
#4442 = ORIENTED_EDGE('',*,*,#4411,.F.);
#4443 = PLANE('',#4444);
#4444 = AXIS2_PLACEMENT_3D('',#4445,#4446,#4447);
#4445 = CARTESIAN_POINT('',(-12.7,-12.7,0.));
#4446 = DIRECTION('',(0.,0.,1.));
#4447 = DIRECTION('',(1.,0.,-0.));
#4448 = ADVANCED_FACE('',(#4449),#4455,.T.);
#4449 = FACE_BOUND('',#4450,.T.);
#4450 = EDGE_LOOP('',(#4451,#4452,#4453,#4454));
#4451 = ORIENTED_EDGE('',*,*,#4339,.F.);
#4452 = ORIENTED_EDGE('',*,*,#4437,.T.);
#4453 = ORIENTED_EDGE('',*,*,#4421,.T.);
#4454 = ORIENTED_EDGE('',*,*,#4355,.F.);
#4455 = PLANE('',#4456);
#4456 = AXIS2_PLACEMENT_3D('',#4457,#4458,#4459);
#4457 = CARTESIAN_POINT('',(12.7,-12.7,0.));
#4458 = DIRECTION('',(1.,0.,0.));
#4459 = DIRECTION('',(0.,0.,1.));
#4460 = ADVANCED_FACE('',(#4461),#4486,.F.);
#4461 = FACE_BOUND('',#4462,.F.);
#4462 = EDGE_LOOP('',(#4463,#4471,#4472,#4480));
#4463 = ORIENTED_EDGE('',*,*,#4464,.F.);
#4464 = EDGE_CURVE('',#4372,#4465,#4467,.T.);
#4465 = VERTEX_POINT('',#4466);
#4466 = CARTESIAN_POINT('',(-4.,-4.,2.8));
#4467 = LINE('',#4468,#4469);
#4468 = CARTESIAN_POINT('',(-4.,-4.,1.2));
#4469 = VECTOR('',#4470,1.);
#4470 = DIRECTION('',(0.,0.,1.));
#4471 = ORIENTED_EDGE('',*,*,#4371,.T.);
#4472 = ORIENTED_EDGE('',*,*,#4473,.T.);
#4473 = EDGE_CURVE('',#4374,#4474,#4476,.T.);
#4474 = VERTEX_POINT('',#4475);
#4475 = CARTESIAN_POINT('',(-4.,4.,2.8));
#4476 = LINE('',#4477,#4478);
#4477 = CARTESIAN_POINT('',(-4.,4.,1.2));
#4478 = VECTOR('',#4479,1.);
#4479 = DIRECTION('',(0.,0.,1.));
#4480 = ORIENTED_EDGE('',*,*,#4481,.F.);
#4481 = EDGE_CURVE('',#4465,#4474,#4482,.T.);
#4482 = LINE('',#4483,#4484);
#4483 = CARTESIAN_POINT('',(-4.,-4.,2.8));
#4484 = VECTOR('',#4485,1.);
#4485 = DIRECTION('',(0.,1.,0.));
#4486 = PLANE('',#4487);
#4487 = AXIS2_PLACEMENT_3D('',#4488,#4489,#4490);
#4488 = CARTESIAN_POINT('',(-4.,-4.,1.2));
#4489 = DIRECTION('',(1.,0.,0.));
#4490 = DIRECTION('',(0.,0.,1.));
#4491 = ADVANCED_FACE('',(#4492),#4510,.F.);
#4492 = FACE_BOUND('',#4493,.F.);
#4493 = EDGE_LOOP('',(#4494,#4495,#4496,#4504));
#4494 = ORIENTED_EDGE('',*,*,#4397,.F.);
#4495 = ORIENTED_EDGE('',*,*,#4464,.T.);
#4496 = ORIENTED_EDGE('',*,*,#4497,.T.);
#4497 = EDGE_CURVE('',#4465,#4498,#4500,.T.);
#4498 = VERTEX_POINT('',#4499);
#4499 = CARTESIAN_POINT('',(4.,-4.,2.8));
#4500 = LINE('',#4501,#4502);
#4501 = CARTESIAN_POINT('',(-4.,-4.,2.8));
#4502 = VECTOR('',#4503,1.);
#4503 = DIRECTION('',(1.,0.,0.));
#4504 = ORIENTED_EDGE('',*,*,#4505,.F.);
#4505 = EDGE_CURVE('',#4390,#4498,#4506,.T.);
#4506 = LINE('',#4507,#4508);
#4507 = CARTESIAN_POINT('',(4.,-4.,1.2));
#4508 = VECTOR('',#4509,1.);
#4509 = DIRECTION('',(0.,0.,1.));
#4510 = PLANE('',#4511);
#4511 = AXIS2_PLACEMENT_3D('',#4512,#4513,#4514);
#4512 = CARTESIAN_POINT('',(-4.,-4.,1.2));
#4513 = DIRECTION('',(0.,1.,0.));
#4514 = DIRECTION('',(0.,-0.,1.));
#4515 = ADVANCED_FACE('',(#4516),#4534,.T.);
#4516 = FACE_BOUND('',#4517,.T.);
#4517 = EDGE_LOOP('',(#4518,#4519,#4520,#4528));
#4518 = ORIENTED_EDGE('',*,*,#4505,.F.);
#4519 = ORIENTED_EDGE('',*,*,#4389,.T.);
#4520 = ORIENTED_EDGE('',*,*,#4521,.T.);
#4521 = EDGE_CURVE('',#4382,#4522,#4524,.T.);
#4522 = VERTEX_POINT('',#4523);
#4523 = CARTESIAN_POINT('',(4.,4.,2.8));
#4524 = LINE('',#4525,#4526);
#4525 = CARTESIAN_POINT('',(4.,4.,1.2));
#4526 = VECTOR('',#4527,1.);
#4527 = DIRECTION('',(0.,0.,1.));
#4528 = ORIENTED_EDGE('',*,*,#4529,.F.);
#4529 = EDGE_CURVE('',#4498,#4522,#4530,.T.);
#4530 = LINE('',#4531,#4532);
#4531 = CARTESIAN_POINT('',(4.,-4.,2.8));
#4532 = VECTOR('',#4533,1.);
#4533 = DIRECTION('',(0.,1.,0.));
#4534 = PLANE('',#4535);
#4535 = AXIS2_PLACEMENT_3D('',#4536,#4537,#4538);
#4536 = CARTESIAN_POINT('',(4.,-4.,1.2));
#4537 = DIRECTION('',(1.,0.,0.));
#4538 = DIRECTION('',(0.,0.,1.));
#4539 = ADVANCED_FACE('',(#4540),#4551,.T.);
#4540 = FACE_BOUND('',#4541,.T.);
#4541 = EDGE_LOOP('',(#4542,#4543,#4544,#4550));
#4542 = ORIENTED_EDGE('',*,*,#4381,.F.);
#4543 = ORIENTED_EDGE('',*,*,#4473,.T.);
#4544 = ORIENTED_EDGE('',*,*,#4545,.T.);
#4545 = EDGE_CURVE('',#4474,#4522,#4546,.T.);
#4546 = LINE('',#4547,#4548);
#4547 = CARTESIAN_POINT('',(-4.,4.,2.8));
#4548 = VECTOR('',#4549,1.);
#4549 = DIRECTION('',(1.,0.,0.));
#4550 = ORIENTED_EDGE('',*,*,#4521,.F.);
#4551 = PLANE('',#4552);
#4552 = AXIS2_PLACEMENT_3D('',#4553,#4554,#4555);
#4553 = CARTESIAN_POINT('',(-4.,4.,1.2));
#4554 = DIRECTION('',(0.,1.,0.));
#4555 = DIRECTION('',(0.,-0.,1.));
#4556 = ADVANCED_FACE('',(#4557),#4563,.T.);
#4557 = FACE_BOUND('',#4558,.T.);
#4558 = EDGE_LOOP('',(#4559,#4560,#4561,#4562));
#4559 = ORIENTED_EDGE('',*,*,#4481,.F.);
#4560 = ORIENTED_EDGE('',*,*,#4497,.T.);
#4561 = ORIENTED_EDGE('',*,*,#4529,.T.);
#4562 = ORIENTED_EDGE('',*,*,#4545,.F.);
#4563 = PLANE('',#4564);
#4564 = AXIS2_PLACEMENT_3D('',#4565,#4566,#4567);
#4565 = CARTESIAN_POINT('',(-4.,-4.,2.8));
#4566 = DIRECTION('',(0.,0.,1.));
#4567 = DIRECTION('',(1.,0.,-0.));
#4568 = ( GEOMETRIC_REPRESENTATION_CONTEXT(3) 
GLOBAL_UNCERTAINTY_ASSIGNED_CONTEXT((#4572)) 
GLOBAL_UNIT_ASSIGNED_CONTEXT((#4569,#4570,#4571)) REPRESENTATION_CONTEXT
('Context #1','3D Context with UNIT and UNCERTAINTY') );
#4569 = ( LENGTH_UNIT() NAMED_UNIT(*) SI_UNIT(.MILLI.,.METRE.) );
#4570 = ( NAMED_UNIT(*) PLANE_ANGLE_UNIT() SI_UNIT($,.RADIAN.) );
#4571 = ( NAMED_UNIT(*) SI_UNIT($,.STERADIAN.) SOLID_ANGLE_UNIT() );
#4572 = UNCERTAINTY_MEASURE_WITH_UNIT(LENGTH_MEASURE(1.E-07),#4569,
  'distance_accuracy_value','confusion accuracy');
#4573 = CONTEXT_DEPENDENT_SHAPE_REPRESENTATION(#4574,#4576);
#4574 = ( REPRESENTATION_RELATIONSHIP('','',#4275,#4252) 
REPRESENTATION_RELATIONSHIP_WITH_TRANSFORMATION(#4575) 
SHAPE_REPRESENTATION_RELATIONSHIP() );
#4575 = ITEM_DEFINED_TRANSFORMATION('','',#11,#4253);
#4576 = PRODUCT_DEFINITION_SHAPE('Placement','Placement of an item',
  #4577);
#4577 = NEXT_ASSEMBLY_USAGE_OCCURRENCE('13','=>[0:1:1:5]','',#4247,#4270
  ,$);
#4578 = PRODUCT_RELATED_PRODUCT_CATEGORY('part',$,(#4272));
#4579 = SHAPE_DEFINITION_REPRESENTATION(#4580,#4586);
#4580 = PRODUCT_DEFINITION_SHAPE('','',#4581);
#4581 = PRODUCT_DEFINITION('design','',#4582,#4585);
#4582 = PRODUCT_DEFINITION_FORMATION('','',#4583);
#4583 = PRODUCT('PicoBlade_53047_06P','PicoBlade_53047_06P','',(#4584));
#4584 = PRODUCT_CONTEXT('',#2,'mechanical');
#4585 = PRODUCT_DEFINITION_CONTEXT('part definition',#2,'design');
#4586 = SHAPE_REPRESENTATION('',(#11,#4587),#4591);
#4587 = AXIS2_PLACEMENT_3D('',#4588,#4589,#4590);
#4588 = CARTESIAN_POINT('',(0.,0.,0.));
#4589 = DIRECTION('',(0.,0.,1.));
#4590 = DIRECTION('',(1.,0.,-0.));
#4591 = ( GEOMETRIC_REPRESENTATION_CONTEXT(3) 
GLOBAL_UNCERTAINTY_ASSIGNED_CONTEXT((#4595)) 
GLOBAL_UNIT_ASSIGNED_CONTEXT((#4592,#4593,#4594)) REPRESENTATION_CONTEXT
('Context #1','3D Context with UNIT and UNCERTAINTY') );
#4592 = ( LENGTH_UNIT() NAMED_UNIT(*) SI_UNIT(.MILLI.,.METRE.) );
#4593 = ( NAMED_UNIT(*) PLANE_ANGLE_UNIT() SI_UNIT($,.RADIAN.) );
#4594 = ( NAMED_UNIT(*) SI_UNIT($,.STERADIAN.) SOLID_ANGLE_UNIT() );
#4595 = UNCERTAINTY_MEASURE_WITH_UNIT(LENGTH_MEASURE(1.E-07),#4592,
  'distance_accuracy_value','confusion accuracy');
#4596 = CONTEXT_DEPENDENT_SHAPE_REPRESENTATION(#4597,#4599);
#4597 = ( REPRESENTATION_RELATIONSHIP('','',#4586,#10) 
REPRESENTATION_RELATIONSHIP_WITH_TRANSFORMATION(#4598) 
SHAPE_REPRESENTATION_RELATIONSHIP() );
#4598 = ITEM_DEFINED_TRANSFORMATION('','',#11,#63);
#4599 = PRODUCT_DEFINITION_SHAPE('Placement','Placement of an item',
  #4600);
#4600 = NEXT_ASSEMBLY_USAGE_OCCURRENCE('16','J3','',#5,#4581,$);
#4601 = PRODUCT_RELATED_PRODUCT_CATEGORY('part',$,(#4583));
#4602 = SHAPE_DEFINITION_REPRESENTATION(#4603,#4609);
#4603 = PRODUCT_DEFINITION_SHAPE('','',#4604);
#4604 = PRODUCT_DEFINITION('design','',#4605,#4608);
#4605 = PRODUCT_DEFINITION_FORMATION('','',#4606);
#4606 = PRODUCT('Open CASCADE STEP translator 7.9 2',
  'Open CASCADE STEP translator 7.9 2','',(#4607));
#4607 = PRODUCT_CONTEXT('',#2,'mechanical');
#4608 = PRODUCT_DEFINITION_CONTEXT('part definition',#2,'design');
#4609 = ADVANCED_BREP_SHAPE_REPRESENTATION('',(#11,#4610),#4760);
#4610 = MANIFOLD_SOLID_BREP('',#4611);
#4611 = CLOSED_SHELL('',(#4612,#4652,#4692,#4714,#4736,#4748));
#4612 = ADVANCED_FACE('',(#4613),#4647,.F.);
#4613 = FACE_BOUND('',#4614,.F.);
#4614 = EDGE_LOOP('',(#4615,#4625,#4633,#4641));
#4615 = ORIENTED_EDGE('',*,*,#4616,.F.);
#4616 = EDGE_CURVE('',#4617,#4619,#4621,.T.);
#4617 = VERTEX_POINT('',#4618);
#4618 = CARTESIAN_POINT('',(-4.675,-2.1,0.));
#4619 = VERTEX_POINT('',#4620);
#4620 = CARTESIAN_POINT('',(-4.675,-2.1,4.5));
#4621 = LINE('',#4622,#4623);
#4622 = CARTESIAN_POINT('',(-4.675,-2.1,0.));
#4623 = VECTOR('',#4624,1.);
#4624 = DIRECTION('',(0.,0.,1.));
#4625 = ORIENTED_EDGE('',*,*,#4626,.T.);
#4626 = EDGE_CURVE('',#4617,#4627,#4629,.T.);
#4627 = VERTEX_POINT('',#4628);
#4628 = CARTESIAN_POINT('',(-4.675,2.1,0.));
#4629 = LINE('',#4630,#4631);
#4630 = CARTESIAN_POINT('',(-4.675,-2.1,0.));
#4631 = VECTOR('',#4632,1.);
#4632 = DIRECTION('',(0.,1.,0.));
#4633 = ORIENTED_EDGE('',*,*,#4634,.T.);
#4634 = EDGE_CURVE('',#4627,#4635,#4637,.T.);
#4635 = VERTEX_POINT('',#4636);
#4636 = CARTESIAN_POINT('',(-4.675,2.1,4.5));
#4637 = LINE('',#4638,#4639);
#4638 = CARTESIAN_POINT('',(-4.675,2.1,0.));
#4639 = VECTOR('',#4640,1.);
#4640 = DIRECTION('',(0.,0.,1.));
#4641 = ORIENTED_EDGE('',*,*,#4642,.F.);
#4642 = EDGE_CURVE('',#4619,#4635,#4643,.T.);
#4643 = LINE('',#4644,#4645);
#4644 = CARTESIAN_POINT('',(-4.675,-2.1,4.5));
#4645 = VECTOR('',#4646,1.);
#4646 = DIRECTION('',(0.,1.,0.));
#4647 = PLANE('',#4648);
#4648 = AXIS2_PLACEMENT_3D('',#4649,#4650,#4651);
#4649 = CARTESIAN_POINT('',(-4.675,-2.1,0.));
#4650 = DIRECTION('',(1.,0.,0.));
#4651 = DIRECTION('',(0.,0.,1.));
#4652 = ADVANCED_FACE('',(#4653),#4687,.T.);
#4653 = FACE_BOUND('',#4654,.T.);
#4654 = EDGE_LOOP('',(#4655,#4665,#4673,#4681));
#4655 = ORIENTED_EDGE('',*,*,#4656,.F.);
#4656 = EDGE_CURVE('',#4657,#4659,#4661,.T.);
#4657 = VERTEX_POINT('',#4658);
#4658 = CARTESIAN_POINT('',(4.675,-2.1,0.));
#4659 = VERTEX_POINT('',#4660);
#4660 = CARTESIAN_POINT('',(4.675,-2.1,4.5));
#4661 = LINE('',#4662,#4663);
#4662 = CARTESIAN_POINT('',(4.675,-2.1,0.));
#4663 = VECTOR('',#4664,1.);
#4664 = DIRECTION('',(0.,0.,1.));
#4665 = ORIENTED_EDGE('',*,*,#4666,.T.);
#4666 = EDGE_CURVE('',#4657,#4667,#4669,.T.);
#4667 = VERTEX_POINT('',#4668);
#4668 = CARTESIAN_POINT('',(4.675,2.1,0.));
#4669 = LINE('',#4670,#4671);
#4670 = CARTESIAN_POINT('',(4.675,-2.1,0.));
#4671 = VECTOR('',#4672,1.);
#4672 = DIRECTION('',(0.,1.,0.));
#4673 = ORIENTED_EDGE('',*,*,#4674,.T.);
#4674 = EDGE_CURVE('',#4667,#4675,#4677,.T.);
#4675 = VERTEX_POINT('',#4676);
#4676 = CARTESIAN_POINT('',(4.675,2.1,4.5));
#4677 = LINE('',#4678,#4679);
#4678 = CARTESIAN_POINT('',(4.675,2.1,0.));
#4679 = VECTOR('',#4680,1.);
#4680 = DIRECTION('',(0.,0.,1.));
#4681 = ORIENTED_EDGE('',*,*,#4682,.F.);
#4682 = EDGE_CURVE('',#4659,#4675,#4683,.T.);
#4683 = LINE('',#4684,#4685);
#4684 = CARTESIAN_POINT('',(4.675,-2.1,4.5));
#4685 = VECTOR('',#4686,1.);
#4686 = DIRECTION('',(0.,1.,0.));
#4687 = PLANE('',#4688);
#4688 = AXIS2_PLACEMENT_3D('',#4689,#4690,#4691);
#4689 = CARTESIAN_POINT('',(4.675,-2.1,0.));
#4690 = DIRECTION('',(1.,0.,0.));
#4691 = DIRECTION('',(0.,0.,1.));
#4692 = ADVANCED_FACE('',(#4693),#4709,.F.);
#4693 = FACE_BOUND('',#4694,.F.);
#4694 = EDGE_LOOP('',(#4695,#4701,#4702,#4708));
#4695 = ORIENTED_EDGE('',*,*,#4696,.F.);
#4696 = EDGE_CURVE('',#4617,#4657,#4697,.T.);
#4697 = LINE('',#4698,#4699);
#4698 = CARTESIAN_POINT('',(-4.675,-2.1,0.));
#4699 = VECTOR('',#4700,1.);
#4700 = DIRECTION('',(1.,0.,0.));
#4701 = ORIENTED_EDGE('',*,*,#4616,.T.);
#4702 = ORIENTED_EDGE('',*,*,#4703,.T.);
#4703 = EDGE_CURVE('',#4619,#4659,#4704,.T.);
#4704 = LINE('',#4705,#4706);
#4705 = CARTESIAN_POINT('',(-4.675,-2.1,4.5));
#4706 = VECTOR('',#4707,1.);
#4707 = DIRECTION('',(1.,0.,0.));
#4708 = ORIENTED_EDGE('',*,*,#4656,.F.);
#4709 = PLANE('',#4710);
#4710 = AXIS2_PLACEMENT_3D('',#4711,#4712,#4713);
#4711 = CARTESIAN_POINT('',(-4.675,-2.1,0.));
#4712 = DIRECTION('',(0.,1.,0.));
#4713 = DIRECTION('',(0.,-0.,1.));
#4714 = ADVANCED_FACE('',(#4715),#4731,.T.);
#4715 = FACE_BOUND('',#4716,.T.);
#4716 = EDGE_LOOP('',(#4717,#4723,#4724,#4730));
#4717 = ORIENTED_EDGE('',*,*,#4718,.F.);
#4718 = EDGE_CURVE('',#4627,#4667,#4719,.T.);
#4719 = LINE('',#4720,#4721);
#4720 = CARTESIAN_POINT('',(-4.675,2.1,0.));
#4721 = VECTOR('',#4722,1.);
#4722 = DIRECTION('',(1.,0.,0.));
#4723 = ORIENTED_EDGE('',*,*,#4634,.T.);
#4724 = ORIENTED_EDGE('',*,*,#4725,.T.);
#4725 = EDGE_CURVE('',#4635,#4675,#4726,.T.);
#4726 = LINE('',#4727,#4728);
#4727 = CARTESIAN_POINT('',(-4.675,2.1,4.5));
#4728 = VECTOR('',#4729,1.);
#4729 = DIRECTION('',(1.,0.,0.));
#4730 = ORIENTED_EDGE('',*,*,#4674,.F.);
#4731 = PLANE('',#4732);
#4732 = AXIS2_PLACEMENT_3D('',#4733,#4734,#4735);
#4733 = CARTESIAN_POINT('',(-4.675,2.1,0.));
#4734 = DIRECTION('',(0.,1.,0.));
#4735 = DIRECTION('',(0.,-0.,1.));
#4736 = ADVANCED_FACE('',(#4737),#4743,.F.);
#4737 = FACE_BOUND('',#4738,.F.);
#4738 = EDGE_LOOP('',(#4739,#4740,#4741,#4742));
#4739 = ORIENTED_EDGE('',*,*,#4626,.F.);
#4740 = ORIENTED_EDGE('',*,*,#4696,.T.);
#4741 = ORIENTED_EDGE('',*,*,#4666,.T.);
#4742 = ORIENTED_EDGE('',*,*,#4718,.F.);
#4743 = PLANE('',#4744);
#4744 = AXIS2_PLACEMENT_3D('',#4745,#4746,#4747);
#4745 = CARTESIAN_POINT('',(-4.675,-2.1,0.));
#4746 = DIRECTION('',(0.,0.,1.));
#4747 = DIRECTION('',(1.,0.,-0.));
#4748 = ADVANCED_FACE('',(#4749),#4755,.T.);
#4749 = FACE_BOUND('',#4750,.T.);
#4750 = EDGE_LOOP('',(#4751,#4752,#4753,#4754));
#4751 = ORIENTED_EDGE('',*,*,#4642,.F.);
#4752 = ORIENTED_EDGE('',*,*,#4703,.T.);
#4753 = ORIENTED_EDGE('',*,*,#4682,.T.);
#4754 = ORIENTED_EDGE('',*,*,#4725,.F.);
#4755 = PLANE('',#4756);
#4756 = AXIS2_PLACEMENT_3D('',#4757,#4758,#4759);
#4757 = CARTESIAN_POINT('',(-4.675,-2.1,4.5));
#4758 = DIRECTION('',(0.,0.,1.));
#4759 = DIRECTION('',(1.,0.,-0.));
#4760 = ( GEOMETRIC_REPRESENTATION_CONTEXT(3) 
GLOBAL_UNCERTAINTY_ASSIGNED_CONTEXT((#4764)) 
GLOBAL_UNIT_ASSIGNED_CONTEXT((#4761,#4762,#4763)) REPRESENTATION_CONTEXT
('Context #1','3D Context with UNIT and UNCERTAINTY') );
#4761 = ( LENGTH_UNIT() NAMED_UNIT(*) SI_UNIT(.MILLI.,.METRE.) );
#4762 = ( NAMED_UNIT(*) PLANE_ANGLE_UNIT() SI_UNIT($,.RADIAN.) );
#4763 = ( NAMED_UNIT(*) SI_UNIT($,.STERADIAN.) SOLID_ANGLE_UNIT() );
#4764 = UNCERTAINTY_MEASURE_WITH_UNIT(LENGTH_MEASURE(1.E-07),#4761,
  'distance_accuracy_value','confusion accuracy');
#4765 = CONTEXT_DEPENDENT_SHAPE_REPRESENTATION(#4766,#4768);
#4766 = ( REPRESENTATION_RELATIONSHIP('','',#4609,#4586) 
REPRESENTATION_RELATIONSHIP_WITH_TRANSFORMATION(#4767) 
SHAPE_REPRESENTATION_RELATIONSHIP() );
#4767 = ITEM_DEFINED_TRANSFORMATION('','',#11,#4587);
#4768 = PRODUCT_DEFINITION_SHAPE('Placement','Placement of an item',
  #4769);
#4769 = NEXT_ASSEMBLY_USAGE_OCCURRENCE('15','=>[0:1:1:7]','',#4581,#4604
  ,$);
#4770 = PRODUCT_RELATED_PRODUCT_CATEGORY('part',$,(#4606));
#4771 = SHAPE_DEFINITION_REPRESENTATION(#4772,#4778);
#4772 = PRODUCT_DEFINITION_SHAPE('','',#4773);
#4773 = PRODUCT_DEFINITION('design','',#4774,#4777);
#4774 = PRODUCT_DEFINITION_FORMATION('','',#4775);
#4775 = PRODUCT('PicoBlade_53047_14P','PicoBlade_53047_14P','',(#4776));
#4776 = PRODUCT_CONTEXT('',#2,'mechanical');
#4777 = PRODUCT_DEFINITION_CONTEXT('part definition',#2,'design');
#4778 = SHAPE_REPRESENTATION('',(#11,#4779),#4783);
#4779 = AXIS2_PLACEMENT_3D('',#4780,#4781,#4782);
#4780 = CARTESIAN_POINT('',(0.,0.,0.));
#4781 = DIRECTION('',(0.,0.,1.));
#4782 = DIRECTION('',(1.,0.,-0.));
#4783 = ( GEOMETRIC_REPRESENTATION_CONTEXT(3) 
GLOBAL_UNCERTAINTY_ASSIGNED_CONTEXT((#4787)) 
GLOBAL_UNIT_ASSIGNED_CONTEXT((#4784,#4785,#4786)) REPRESENTATION_CONTEXT
('Context #1','3D Context with UNIT and UNCERTAINTY') );
#4784 = ( LENGTH_UNIT() NAMED_UNIT(*) SI_UNIT(.MILLI.,.METRE.) );
#4785 = ( NAMED_UNIT(*) PLANE_ANGLE_UNIT() SI_UNIT($,.RADIAN.) );
#4786 = ( NAMED_UNIT(*) SI_UNIT($,.STERADIAN.) SOLID_ANGLE_UNIT() );
#4787 = UNCERTAINTY_MEASURE_WITH_UNIT(LENGTH_MEASURE(1.E-07),#4784,
  'distance_accuracy_value','confusion accuracy');
#4788 = CONTEXT_DEPENDENT_SHAPE_REPRESENTATION(#4789,#4791);
#4789 = ( REPRESENTATION_RELATIONSHIP('','',#4778,#10) 
REPRESENTATION_RELATIONSHIP_WITH_TRANSFORMATION(#4790) 
SHAPE_REPRESENTATION_RELATIONSHIP() );
#4790 = ITEM_DEFINED_TRANSFORMATION('','',#11,#67);
#4791 = PRODUCT_DEFINITION_SHAPE('Placement','Placement of an item',
  #4792);
#4792 = NEXT_ASSEMBLY_USAGE_OCCURRENCE('18','J2','',#5,#4773,$);
#4793 = PRODUCT_RELATED_PRODUCT_CATEGORY('part',$,(#4775));
#4794 = SHAPE_DEFINITION_REPRESENTATION(#4795,#4801);
#4795 = PRODUCT_DEFINITION_SHAPE('','',#4796);
#4796 = PRODUCT_DEFINITION('design','',#4797,#4800);
#4797 = PRODUCT_DEFINITION_FORMATION('','',#4798);
#4798 = PRODUCT('Open CASCADE STEP translator 7.9 3',
  'Open CASCADE STEP translator 7.9 3','',(#4799));
#4799 = PRODUCT_CONTEXT('',#2,'mechanical');
#4800 = PRODUCT_DEFINITION_CONTEXT('part definition',#2,'design');
#4801 = ADVANCED_BREP_SHAPE_REPRESENTATION('',(#11,#4802),#4952);
#4802 = MANIFOLD_SOLID_BREP('',#4803);
#4803 = CLOSED_SHELL('',(#4804,#4844,#4884,#4906,#4928,#4940));
#4804 = ADVANCED_FACE('',(#4805),#4839,.F.);
#4805 = FACE_BOUND('',#4806,.F.);
#4806 = EDGE_LOOP('',(#4807,#4817,#4825,#4833));
#4807 = ORIENTED_EDGE('',*,*,#4808,.F.);
#4808 = EDGE_CURVE('',#4809,#4811,#4813,.T.);
#4809 = VERTEX_POINT('',#4810);
#4810 = CARTESIAN_POINT('',(-9.675,-2.1,0.));
#4811 = VERTEX_POINT('',#4812);
#4812 = CARTESIAN_POINT('',(-9.675,-2.1,4.5));
#4813 = LINE('',#4814,#4815);
#4814 = CARTESIAN_POINT('',(-9.675,-2.1,0.));
#4815 = VECTOR('',#4816,1.);
#4816 = DIRECTION('',(0.,0.,1.));
#4817 = ORIENTED_EDGE('',*,*,#4818,.T.);
#4818 = EDGE_CURVE('',#4809,#4819,#4821,.T.);
#4819 = VERTEX_POINT('',#4820);
#4820 = CARTESIAN_POINT('',(-9.675,2.1,0.));
#4821 = LINE('',#4822,#4823);
#4822 = CARTESIAN_POINT('',(-9.675,-2.1,0.));
#4823 = VECTOR('',#4824,1.);
#4824 = DIRECTION('',(0.,1.,0.));
#4825 = ORIENTED_EDGE('',*,*,#4826,.T.);
#4826 = EDGE_CURVE('',#4819,#4827,#4829,.T.);
#4827 = VERTEX_POINT('',#4828);
#4828 = CARTESIAN_POINT('',(-9.675,2.1,4.5));
#4829 = LINE('',#4830,#4831);
#4830 = CARTESIAN_POINT('',(-9.675,2.1,0.));
#4831 = VECTOR('',#4832,1.);
#4832 = DIRECTION('',(0.,0.,1.));
#4833 = ORIENTED_EDGE('',*,*,#4834,.F.);
#4834 = EDGE_CURVE('',#4811,#4827,#4835,.T.);
#4835 = LINE('',#4836,#4837);
#4836 = CARTESIAN_POINT('',(-9.675,-2.1,4.5));
#4837 = VECTOR('',#4838,1.);
#4838 = DIRECTION('',(0.,1.,0.));
#4839 = PLANE('',#4840);
#4840 = AXIS2_PLACEMENT_3D('',#4841,#4842,#4843);
#4841 = CARTESIAN_POINT('',(-9.675,-2.1,0.));
#4842 = DIRECTION('',(1.,0.,0.));
#4843 = DIRECTION('',(0.,0.,1.));
#4844 = ADVANCED_FACE('',(#4845),#4879,.T.);
#4845 = FACE_BOUND('',#4846,.T.);
#4846 = EDGE_LOOP('',(#4847,#4857,#4865,#4873));
#4847 = ORIENTED_EDGE('',*,*,#4848,.F.);
#4848 = EDGE_CURVE('',#4849,#4851,#4853,.T.);
#4849 = VERTEX_POINT('',#4850);
#4850 = CARTESIAN_POINT('',(9.675,-2.1,0.));
#4851 = VERTEX_POINT('',#4852);
#4852 = CARTESIAN_POINT('',(9.675,-2.1,4.5));
#4853 = LINE('',#4854,#4855);
#4854 = CARTESIAN_POINT('',(9.675,-2.1,0.));
#4855 = VECTOR('',#4856,1.);
#4856 = DIRECTION('',(0.,0.,1.));
#4857 = ORIENTED_EDGE('',*,*,#4858,.T.);
#4858 = EDGE_CURVE('',#4849,#4859,#4861,.T.);
#4859 = VERTEX_POINT('',#4860);
#4860 = CARTESIAN_POINT('',(9.675,2.1,0.));
#4861 = LINE('',#4862,#4863);
#4862 = CARTESIAN_POINT('',(9.675,-2.1,0.));
#4863 = VECTOR('',#4864,1.);
#4864 = DIRECTION('',(0.,1.,0.));
#4865 = ORIENTED_EDGE('',*,*,#4866,.T.);
#4866 = EDGE_CURVE('',#4859,#4867,#4869,.T.);
#4867 = VERTEX_POINT('',#4868);
#4868 = CARTESIAN_POINT('',(9.675,2.1,4.5));
#4869 = LINE('',#4870,#4871);
#4870 = CARTESIAN_POINT('',(9.675,2.1,0.));
#4871 = VECTOR('',#4872,1.);
#4872 = DIRECTION('',(0.,0.,1.));
#4873 = ORIENTED_EDGE('',*,*,#4874,.F.);
#4874 = EDGE_CURVE('',#4851,#4867,#4875,.T.);
#4875 = LINE('',#4876,#4877);
#4876 = CARTESIAN_POINT('',(9.675,-2.1,4.5));
#4877 = VECTOR('',#4878,1.);
#4878 = DIRECTION('',(0.,1.,0.));
#4879 = PLANE('',#4880);
#4880 = AXIS2_PLACEMENT_3D('',#4881,#4882,#4883);
#4881 = CARTESIAN_POINT('',(9.675,-2.1,0.));
#4882 = DIRECTION('',(1.,0.,0.));
#4883 = DIRECTION('',(0.,0.,1.));
#4884 = ADVANCED_FACE('',(#4885),#4901,.F.);
#4885 = FACE_BOUND('',#4886,.F.);
#4886 = EDGE_LOOP('',(#4887,#4893,#4894,#4900));
#4887 = ORIENTED_EDGE('',*,*,#4888,.F.);
#4888 = EDGE_CURVE('',#4809,#4849,#4889,.T.);
#4889 = LINE('',#4890,#4891);
#4890 = CARTESIAN_POINT('',(-9.675,-2.1,0.));
#4891 = VECTOR('',#4892,1.);
#4892 = DIRECTION('',(1.,0.,0.));
#4893 = ORIENTED_EDGE('',*,*,#4808,.T.);
#4894 = ORIENTED_EDGE('',*,*,#4895,.T.);
#4895 = EDGE_CURVE('',#4811,#4851,#4896,.T.);
#4896 = LINE('',#4897,#4898);
#4897 = CARTESIAN_POINT('',(-9.675,-2.1,4.5));
#4898 = VECTOR('',#4899,1.);
#4899 = DIRECTION('',(1.,0.,0.));
#4900 = ORIENTED_EDGE('',*,*,#4848,.F.);
#4901 = PLANE('',#4902);
#4902 = AXIS2_PLACEMENT_3D('',#4903,#4904,#4905);
#4903 = CARTESIAN_POINT('',(-9.675,-2.1,0.));
#4904 = DIRECTION('',(0.,1.,0.));
#4905 = DIRECTION('',(0.,-0.,1.));
#4906 = ADVANCED_FACE('',(#4907),#4923,.T.);
#4907 = FACE_BOUND('',#4908,.T.);
#4908 = EDGE_LOOP('',(#4909,#4915,#4916,#4922));
#4909 = ORIENTED_EDGE('',*,*,#4910,.F.);
#4910 = EDGE_CURVE('',#4819,#4859,#4911,.T.);
#4911 = LINE('',#4912,#4913);
#4912 = CARTESIAN_POINT('',(-9.675,2.1,0.));
#4913 = VECTOR('',#4914,1.);
#4914 = DIRECTION('',(1.,0.,0.));
#4915 = ORIENTED_EDGE('',*,*,#4826,.T.);
#4916 = ORIENTED_EDGE('',*,*,#4917,.T.);
#4917 = EDGE_CURVE('',#4827,#4867,#4918,.T.);
#4918 = LINE('',#4919,#4920);
#4919 = CARTESIAN_POINT('',(-9.675,2.1,4.5));
#4920 = VECTOR('',#4921,1.);
#4921 = DIRECTION('',(1.,0.,0.));
#4922 = ORIENTED_EDGE('',*,*,#4866,.F.);
#4923 = PLANE('',#4924);
#4924 = AXIS2_PLACEMENT_3D('',#4925,#4926,#4927);
#4925 = CARTESIAN_POINT('',(-9.675,2.1,0.));
#4926 = DIRECTION('',(0.,1.,0.));
#4927 = DIRECTION('',(0.,-0.,1.));
#4928 = ADVANCED_FACE('',(#4929),#4935,.F.);
#4929 = FACE_BOUND('',#4930,.F.);
#4930 = EDGE_LOOP('',(#4931,#4932,#4933,#4934));
#4931 = ORIENTED_EDGE('',*,*,#4818,.F.);
#4932 = ORIENTED_EDGE('',*,*,#4888,.T.);
#4933 = ORIENTED_EDGE('',*,*,#4858,.T.);
#4934 = ORIENTED_EDGE('',*,*,#4910,.F.);
#4935 = PLANE('',#4936);
#4936 = AXIS2_PLACEMENT_3D('',#4937,#4938,#4939);
#4937 = CARTESIAN_POINT('',(-9.675,-2.1,0.));
#4938 = DIRECTION('',(0.,0.,1.));
#4939 = DIRECTION('',(1.,0.,-0.));
#4940 = ADVANCED_FACE('',(#4941),#4947,.T.);
#4941 = FACE_BOUND('',#4942,.T.);
#4942 = EDGE_LOOP('',(#4943,#4944,#4945,#4946));
#4943 = ORIENTED_EDGE('',*,*,#4834,.F.);
#4944 = ORIENTED_EDGE('',*,*,#4895,.T.);
#4945 = ORIENTED_EDGE('',*,*,#4874,.T.);
#4946 = ORIENTED_EDGE('',*,*,#4917,.F.);
#4947 = PLANE('',#4948);
#4948 = AXIS2_PLACEMENT_3D('',#4949,#4950,#4951);
#4949 = CARTESIAN_POINT('',(-9.675,-2.1,4.5));
#4950 = DIRECTION('',(0.,0.,1.));
#4951 = DIRECTION('',(1.,0.,-0.));
#4952 = ( GEOMETRIC_REPRESENTATION_CONTEXT(3) 
GLOBAL_UNCERTAINTY_ASSIGNED_CONTEXT((#4956)) 
GLOBAL_UNIT_ASSIGNED_CONTEXT((#4953,#4954,#4955)) REPRESENTATION_CONTEXT
('Context #1','3D Context with UNIT and UNCERTAINTY') );
#4953 = ( LENGTH_UNIT() NAMED_UNIT(*) SI_UNIT(.MILLI.,.METRE.) );
#4954 = ( NAMED_UNIT(*) PLANE_ANGLE_UNIT() SI_UNIT($,.RADIAN.) );
#4955 = ( NAMED_UNIT(*) SI_UNIT($,.STERADIAN.) SOLID_ANGLE_UNIT() );
#4956 = UNCERTAINTY_MEASURE_WITH_UNIT(LENGTH_MEASURE(1.E-07),#4953,
  'distance_accuracy_value','confusion accuracy');
#4957 = CONTEXT_DEPENDENT_SHAPE_REPRESENTATION(#4958,#4960);
#4958 = ( REPRESENTATION_RELATIONSHIP('','',#4801,#4778) 
REPRESENTATION_RELATIONSHIP_WITH_TRANSFORMATION(#4959) 
SHAPE_REPRESENTATION_RELATIONSHIP() );
#4959 = ITEM_DEFINED_TRANSFORMATION('','',#11,#4779);
#4960 = PRODUCT_DEFINITION_SHAPE('Placement','Placement of an item',
  #4961);
#4961 = NEXT_ASSEMBLY_USAGE_OCCURRENCE('17','=>[0:1:1:9]','',#4773,#4796
  ,$);
#4962 = PRODUCT_RELATED_PRODUCT_CATEGORY('part',$,(#4798));
#4963 = SHAPE_DEFINITION_REPRESENTATION(#4964,#4970);
#4964 = PRODUCT_DEFINITION_SHAPE('','',#4965);
#4965 = PRODUCT_DEFINITION('design','',#4966,#4969);
#4966 = PRODUCT_DEFINITION_FORMATION('','',#4967);
#4967 = PRODUCT('Minerva-Face_PCB','Minerva-Face_PCB','',(#4968));
#4968 = PRODUCT_CONTEXT('',#2,'mechanical');
#4969 = PRODUCT_DEFINITION_CONTEXT('part definition',#2,'design');
#4970 = ADVANCED_BREP_SHAPE_REPRESENTATION('',(#11,#4971),#8553);
#4971 = MANIFOLD_SOLID_BREP('',#4972);
#4972 = CLOSED_SHELL('',(#4973,#5013,#5044,#5075,#6060,#7045,#7057,#7074
    ,#7091,#7108,#7125,#7142,#7159,#7176,#7193,#7210,#7227,#7244,#7261,
    #7278,#7295,#7312,#7329,#7346,#7363,#7380,#7397,#7414,#7431,#7448,
    #7465,#7482,#7499,#7516,#7533,#7550,#7567,#7584,#7601,#7618,#7635,
    #7652,#7669,#7686,#7703,#7720,#7737,#7754,#7771,#7788,#7805,#7822,
    #7839,#7856,#7873,#7890,#7907,#7924,#7941,#7958,#7975,#7992,#8009,
    #8026,#8043,#8060,#8077,#8094,#8111,#8128,#8145,#8162,#8179,#8196,
    #8213,#8230,#8247,#8264,#8281,#8298,#8315,#8332,#8349,#8366,#8383,
    #8400,#8417,#8434,#8451,#8468,#8485,#8502,#8519,#8536));
#4973 = ADVANCED_FACE('',(#4974),#5008,.T.);
#4974 = FACE_BOUND('',#4975,.T.);
#4975 = EDGE_LOOP('',(#4976,#4986,#4994,#5002));
#4976 = ORIENTED_EDGE('',*,*,#4977,.T.);
#4977 = EDGE_CURVE('',#4978,#4980,#4982,.T.);
#4978 = VERTEX_POINT('',#4979);
#4979 = CARTESIAN_POINT('',(158.,-96.,0.));
#4980 = VERTEX_POINT('',#4981);
#4981 = CARTESIAN_POINT('',(158.,-96.,1.51));
#4982 = LINE('',#4983,#4984);
#4983 = CARTESIAN_POINT('',(158.,-96.,0.));
#4984 = VECTOR('',#4985,1.);
#4985 = DIRECTION('',(0.,0.,1.));
#4986 = ORIENTED_EDGE('',*,*,#4987,.T.);
#4987 = EDGE_CURVE('',#4980,#4988,#4990,.T.);
#4988 = VERTEX_POINT('',#4989);
#4989 = CARTESIAN_POINT('',(20.,-96.,1.51));
#4990 = LINE('',#4991,#4992);
#4991 = CARTESIAN_POINT('',(158.,-96.,1.51));
#4992 = VECTOR('',#4993,1.);
#4993 = DIRECTION('',(-1.,0.,0.));
#4994 = ORIENTED_EDGE('',*,*,#4995,.F.);
#4995 = EDGE_CURVE('',#4996,#4988,#4998,.T.);
#4996 = VERTEX_POINT('',#4997);
#4997 = CARTESIAN_POINT('',(20.,-96.,0.));
#4998 = LINE('',#4999,#5000);
#4999 = CARTESIAN_POINT('',(20.,-96.,0.));
#5000 = VECTOR('',#5001,1.);
#5001 = DIRECTION('',(0.,0.,1.));
#5002 = ORIENTED_EDGE('',*,*,#5003,.F.);
#5003 = EDGE_CURVE('',#4978,#4996,#5004,.T.);
#5004 = LINE('',#5005,#5006);
#5005 = CARTESIAN_POINT('',(158.,-96.,0.));
#5006 = VECTOR('',#5007,1.);
#5007 = DIRECTION('',(-1.,0.,0.));
#5008 = PLANE('',#5009);
#5009 = AXIS2_PLACEMENT_3D('',#5010,#5011,#5012);
#5010 = CARTESIAN_POINT('',(158.,-96.,0.));
#5011 = DIRECTION('',(0.,-1.,0.));
#5012 = DIRECTION('',(-1.,0.,0.));
#5013 = ADVANCED_FACE('',(#5014),#5039,.T.);
#5014 = FACE_BOUND('',#5015,.T.);
#5015 = EDGE_LOOP('',(#5016,#5026,#5032,#5033));
#5016 = ORIENTED_EDGE('',*,*,#5017,.T.);
#5017 = EDGE_CURVE('',#5018,#5020,#5022,.T.);
#5018 = VERTEX_POINT('',#5019);
#5019 = CARTESIAN_POINT('',(158.,-20.,0.));
#5020 = VERTEX_POINT('',#5021);
#5021 = CARTESIAN_POINT('',(158.,-20.,1.51));
#5022 = LINE('',#5023,#5024);
#5023 = CARTESIAN_POINT('',(158.,-20.,0.));
#5024 = VECTOR('',#5025,1.);
#5025 = DIRECTION('',(0.,0.,1.));
#5026 = ORIENTED_EDGE('',*,*,#5027,.T.);
#5027 = EDGE_CURVE('',#5020,#4980,#5028,.T.);
#5028 = LINE('',#5029,#5030);
#5029 = CARTESIAN_POINT('',(158.,-20.,1.51));
#5030 = VECTOR('',#5031,1.);
#5031 = DIRECTION('',(0.,-1.,0.));
#5032 = ORIENTED_EDGE('',*,*,#4977,.F.);
#5033 = ORIENTED_EDGE('',*,*,#5034,.F.);
#5034 = EDGE_CURVE('',#5018,#4978,#5035,.T.);
#5035 = LINE('',#5036,#5037);
#5036 = CARTESIAN_POINT('',(158.,-20.,0.));
#5037 = VECTOR('',#5038,1.);
#5038 = DIRECTION('',(0.,-1.,0.));
#5039 = PLANE('',#5040);
#5040 = AXIS2_PLACEMENT_3D('',#5041,#5042,#5043);
#5041 = CARTESIAN_POINT('',(158.,-20.,0.));
#5042 = DIRECTION('',(1.,0.,-0.));
#5043 = DIRECTION('',(0.,-1.,0.));
#5044 = ADVANCED_FACE('',(#5045),#5070,.T.);
#5045 = FACE_BOUND('',#5046,.T.);
#5046 = EDGE_LOOP('',(#5047,#5048,#5056,#5064));
#5047 = ORIENTED_EDGE('',*,*,#4995,.T.);
#5048 = ORIENTED_EDGE('',*,*,#5049,.T.);
#5049 = EDGE_CURVE('',#4988,#5050,#5052,.T.);
#5050 = VERTEX_POINT('',#5051);
#5051 = CARTESIAN_POINT('',(20.,-20.,1.51));
#5052 = LINE('',#5053,#5054);
#5053 = CARTESIAN_POINT('',(20.,-96.,1.51));
#5054 = VECTOR('',#5055,1.);
#5055 = DIRECTION('',(0.,1.,0.));
#5056 = ORIENTED_EDGE('',*,*,#5057,.F.);
#5057 = EDGE_CURVE('',#5058,#5050,#5060,.T.);
#5058 = VERTEX_POINT('',#5059);
#5059 = CARTESIAN_POINT('',(20.,-20.,0.));
#5060 = LINE('',#5061,#5062);
#5061 = CARTESIAN_POINT('',(20.,-20.,0.));
#5062 = VECTOR('',#5063,1.);
#5063 = DIRECTION('',(0.,0.,1.));
#5064 = ORIENTED_EDGE('',*,*,#5065,.F.);
#5065 = EDGE_CURVE('',#4996,#5058,#5066,.T.);
#5066 = LINE('',#5067,#5068);
#5067 = CARTESIAN_POINT('',(20.,-96.,0.));
#5068 = VECTOR('',#5069,1.);
#5069 = DIRECTION('',(0.,1.,0.));
#5070 = PLANE('',#5071);
#5071 = AXIS2_PLACEMENT_3D('',#5072,#5073,#5074);
#5072 = CARTESIAN_POINT('',(20.,-96.,0.));
#5073 = DIRECTION('',(-1.,0.,0.));
#5074 = DIRECTION('',(0.,1.,0.));
#5075 = ADVANCED_FACE('',(#5076,#5087,#5098,#5109,#5120,#5131,#5142,
    #5153,#5164,#5175,#5186,#5197,#5208,#5219,#5230,#5241,#5252,#5263,
    #5274,#5285,#5296,#5307,#5318,#5329,#5340,#5351,#5362,#5373,#5384,
    #5395,#5406,#5417,#5428,#5439,#5450,#5461,#5472,#5483,#5494,#5505,
    #5516,#5527,#5538,#5549,#5560,#5571,#5582,#5593,#5604,#5615,#5626,
    #5637,#5648,#5659,#5670,#5681,#5692,#5703,#5714,#5725,#5736,#5747,
    #5758,#5769,#5780,#5791,#5802,#5813,#5824,#5835,#5846,#5857,#5868,
    #5879,#5890,#5901,#5912,#5923,#5934,#5945,#5956,#5967,#5978,#5989,
    #6000,#6011,#6022,#6033,#6044),#6055,.F.);
#5076 = FACE_BOUND('',#5077,.F.);
#5077 = EDGE_LOOP('',(#5078,#5079,#5080,#5086));
#5078 = ORIENTED_EDGE('',*,*,#5003,.F.);
#5079 = ORIENTED_EDGE('',*,*,#5034,.F.);
#5080 = ORIENTED_EDGE('',*,*,#5081,.F.);
#5081 = EDGE_CURVE('',#5058,#5018,#5082,.T.);
#5082 = LINE('',#5083,#5084);
#5083 = CARTESIAN_POINT('',(20.,-20.,0.));
#5084 = VECTOR('',#5085,1.);
#5085 = DIRECTION('',(1.,0.,0.));
#5086 = ORIENTED_EDGE('',*,*,#5065,.F.);
#5087 = FACE_BOUND('',#5088,.F.);
#5088 = EDGE_LOOP('',(#5089));
#5089 = ORIENTED_EDGE('',*,*,#5090,.T.);
#5090 = EDGE_CURVE('',#5091,#5091,#5093,.T.);
#5091 = VERTEX_POINT('',#5092);
#5092 = CARTESIAN_POINT('',(24.,-93.35,0.));
#5093 = CIRCLE('',#5094,1.35);
#5094 = AXIS2_PLACEMENT_3D('',#5095,#5096,#5097);
#5095 = CARTESIAN_POINT('',(24.,-92.,0.));
#5096 = DIRECTION('',(-0.,0.,-1.));
#5097 = DIRECTION('',(-0.,-1.,0.));
#5098 = FACE_BOUND('',#5099,.F.);
#5099 = EDGE_LOOP('',(#5100));
#5100 = ORIENTED_EDGE('',*,*,#5101,.T.);
#5101 = EDGE_CURVE('',#5102,#5102,#5104,.T.);
#5102 = VERTEX_POINT('',#5103);
#5103 = CARTESIAN_POINT('',(77.57,-63.93,0.));
#5104 = CIRCLE('',#5105,0.5);
#5105 = AXIS2_PLACEMENT_3D('',#5106,#5107,#5108);
#5106 = CARTESIAN_POINT('',(77.57,-63.43,0.));
#5107 = DIRECTION('',(-0.,0.,-1.));
#5108 = DIRECTION('',(-0.,-1.,0.));
#5109 = FACE_BOUND('',#5110,.F.);
#5110 = EDGE_LOOP('',(#5111));
#5111 = ORIENTED_EDGE('',*,*,#5112,.T.);
#5112 = EDGE_CURVE('',#5113,#5113,#5115,.T.);
#5113 = VERTEX_POINT('',#5114);
#5114 = CARTESIAN_POINT('',(80.11,-63.93,0.));
#5115 = CIRCLE('',#5116,0.5);
#5116 = AXIS2_PLACEMENT_3D('',#5117,#5118,#5119);
#5117 = CARTESIAN_POINT('',(80.11,-63.43,0.));
#5118 = DIRECTION('',(-0.,0.,-1.));
#5119 = DIRECTION('',(-0.,-1.,0.));
#5120 = FACE_BOUND('',#5121,.F.);
#5121 = EDGE_LOOP('',(#5122));
#5122 = ORIENTED_EDGE('',*,*,#5123,.T.);
#5123 = EDGE_CURVE('',#5124,#5124,#5126,.T.);
#5124 = VERTEX_POINT('',#5125);
#5125 = CARTESIAN_POINT('',(82.65,-63.93,0.));
#5126 = CIRCLE('',#5127,0.5);
#5127 = AXIS2_PLACEMENT_3D('',#5128,#5129,#5130);
#5128 = CARTESIAN_POINT('',(82.65,-63.43,0.));
#5129 = DIRECTION('',(-0.,0.,-1.));
#5130 = DIRECTION('',(-0.,-1.,0.));
#5131 = FACE_BOUND('',#5132,.F.);
#5132 = EDGE_LOOP('',(#5133));
#5133 = ORIENTED_EDGE('',*,*,#5134,.T.);
#5134 = EDGE_CURVE('',#5135,#5135,#5137,.T.);
#5135 = VERTEX_POINT('',#5136);
#5136 = CARTESIAN_POINT('',(85.19,-63.93,0.));
#5137 = CIRCLE('',#5138,0.5);
#5138 = AXIS2_PLACEMENT_3D('',#5139,#5140,#5141);
#5139 = CARTESIAN_POINT('',(85.19,-63.43,0.));
#5140 = DIRECTION('',(-0.,0.,-1.));
#5141 = DIRECTION('',(-0.,-1.,0.));
#5142 = FACE_BOUND('',#5143,.F.);
#5143 = EDGE_LOOP('',(#5144));
#5144 = ORIENTED_EDGE('',*,*,#5145,.T.);
#5145 = EDGE_CURVE('',#5146,#5146,#5148,.T.);
#5146 = VERTEX_POINT('',#5147);
#5147 = CARTESIAN_POINT('',(87.73,-63.93,0.));
#5148 = CIRCLE('',#5149,0.5);
#5149 = AXIS2_PLACEMENT_3D('',#5150,#5151,#5152);
#5150 = CARTESIAN_POINT('',(87.73,-63.43,0.));
#5151 = DIRECTION('',(-0.,0.,-1.));
#5152 = DIRECTION('',(-0.,-1.,0.));
#5153 = FACE_BOUND('',#5154,.F.);
#5154 = EDGE_LOOP('',(#5155));
#5155 = ORIENTED_EDGE('',*,*,#5156,.T.);
#5156 = EDGE_CURVE('',#5157,#5157,#5159,.T.);
#5157 = VERTEX_POINT('',#5158);
#5158 = CARTESIAN_POINT('',(77.57,-61.39,0.));
#5159 = CIRCLE('',#5160,0.5);
#5160 = AXIS2_PLACEMENT_3D('',#5161,#5162,#5163);
#5161 = CARTESIAN_POINT('',(77.57,-60.89,0.));
#5162 = DIRECTION('',(-0.,0.,-1.));
#5163 = DIRECTION('',(-0.,-1.,0.));
#5164 = FACE_BOUND('',#5165,.F.);
#5165 = EDGE_LOOP('',(#5166));
#5166 = ORIENTED_EDGE('',*,*,#5167,.T.);
#5167 = EDGE_CURVE('',#5168,#5168,#5170,.T.);
#5168 = VERTEX_POINT('',#5169);
#5169 = CARTESIAN_POINT('',(80.11,-61.39,0.));
#5170 = CIRCLE('',#5171,0.5);
#5171 = AXIS2_PLACEMENT_3D('',#5172,#5173,#5174);
#5172 = CARTESIAN_POINT('',(80.11,-60.89,0.));
#5173 = DIRECTION('',(-0.,0.,-1.));
#5174 = DIRECTION('',(-0.,-1.,0.));
#5175 = FACE_BOUND('',#5176,.F.);
#5176 = EDGE_LOOP('',(#5177));
#5177 = ORIENTED_EDGE('',*,*,#5178,.T.);
#5178 = EDGE_CURVE('',#5179,#5179,#5181,.T.);
#5179 = VERTEX_POINT('',#5180);
#5180 = CARTESIAN_POINT('',(82.65,-61.39,0.));
#5181 = CIRCLE('',#5182,0.5);
#5182 = AXIS2_PLACEMENT_3D('',#5183,#5184,#5185);
#5183 = CARTESIAN_POINT('',(82.65,-60.89,0.));
#5184 = DIRECTION('',(-0.,0.,-1.));
#5185 = DIRECTION('',(-0.,-1.,0.));
#5186 = FACE_BOUND('',#5187,.F.);
#5187 = EDGE_LOOP('',(#5188));
#5188 = ORIENTED_EDGE('',*,*,#5189,.T.);
#5189 = EDGE_CURVE('',#5190,#5190,#5192,.T.);
#5190 = VERTEX_POINT('',#5191);
#5191 = CARTESIAN_POINT('',(85.19,-61.39,0.));
#5192 = CIRCLE('',#5193,0.5);
#5193 = AXIS2_PLACEMENT_3D('',#5194,#5195,#5196);
#5194 = CARTESIAN_POINT('',(85.19,-60.89,0.));
#5195 = DIRECTION('',(-0.,0.,-1.));
#5196 = DIRECTION('',(-0.,-1.,0.));
#5197 = FACE_BOUND('',#5198,.F.);
#5198 = EDGE_LOOP('',(#5199));
#5199 = ORIENTED_EDGE('',*,*,#5200,.T.);
#5200 = EDGE_CURVE('',#5201,#5201,#5203,.T.);
#5201 = VERTEX_POINT('',#5202);
#5202 = CARTESIAN_POINT('',(87.73,-61.39,0.));
#5203 = CIRCLE('',#5204,0.5);
#5204 = AXIS2_PLACEMENT_3D('',#5205,#5206,#5207);
#5205 = CARTESIAN_POINT('',(87.73,-60.89,0.));
#5206 = DIRECTION('',(-0.,0.,-1.));
#5207 = DIRECTION('',(-0.,-1.,0.));
#5208 = FACE_BOUND('',#5209,.F.);
#5209 = EDGE_LOOP('',(#5210));
#5210 = ORIENTED_EDGE('',*,*,#5211,.T.);
#5211 = EDGE_CURVE('',#5212,#5212,#5214,.T.);
#5212 = VERTEX_POINT('',#5213);
#5213 = CARTESIAN_POINT('',(110.,-94.425,0.));
#5214 = CIRCLE('',#5215,0.3);
#5215 = AXIS2_PLACEMENT_3D('',#5216,#5217,#5218);
#5216 = CARTESIAN_POINT('',(110.,-94.125,0.));
#5217 = DIRECTION('',(-0.,0.,-1.));
#5218 = DIRECTION('',(-0.,-1.,0.));
#5219 = FACE_BOUND('',#5220,.F.);
#5220 = EDGE_LOOP('',(#5221));
#5221 = ORIENTED_EDGE('',*,*,#5222,.T.);
#5222 = EDGE_CURVE('',#5223,#5223,#5225,.T.);
#5223 = VERTEX_POINT('',#5224);
#5224 = CARTESIAN_POINT('',(110.,-93.175,0.));
#5225 = CIRCLE('',#5226,0.3);
#5226 = AXIS2_PLACEMENT_3D('',#5227,#5228,#5229);
#5227 = CARTESIAN_POINT('',(110.,-92.875,0.));
#5228 = DIRECTION('',(-0.,0.,-1.));
#5229 = DIRECTION('',(-0.,-1.,0.));
#5230 = FACE_BOUND('',#5231,.F.);
#5231 = EDGE_LOOP('',(#5232));
#5232 = ORIENTED_EDGE('',*,*,#5233,.T.);
#5233 = EDGE_CURVE('',#5234,#5234,#5236,.T.);
#5234 = VERTEX_POINT('',#5235);
#5235 = CARTESIAN_POINT('',(110.,-91.925,0.));
#5236 = CIRCLE('',#5237,0.3);
#5237 = AXIS2_PLACEMENT_3D('',#5238,#5239,#5240);
#5238 = CARTESIAN_POINT('',(110.,-91.625,0.));
#5239 = DIRECTION('',(-0.,0.,-1.));
#5240 = DIRECTION('',(-0.,-1.,0.));
#5241 = FACE_BOUND('',#5242,.F.);
#5242 = EDGE_LOOP('',(#5243));
#5243 = ORIENTED_EDGE('',*,*,#5244,.T.);
#5244 = EDGE_CURVE('',#5245,#5245,#5247,.T.);
#5245 = VERTEX_POINT('',#5246);
#5246 = CARTESIAN_POINT('',(110.,-90.675,0.));
#5247 = CIRCLE('',#5248,0.3);
#5248 = AXIS2_PLACEMENT_3D('',#5249,#5250,#5251);
#5249 = CARTESIAN_POINT('',(110.,-90.375,0.));
#5250 = DIRECTION('',(-0.,0.,-1.));
#5251 = DIRECTION('',(-0.,-1.,0.));
#5252 = FACE_BOUND('',#5253,.F.);
#5253 = EDGE_LOOP('',(#5254));
#5254 = ORIENTED_EDGE('',*,*,#5255,.T.);
#5255 = EDGE_CURVE('',#5256,#5256,#5258,.T.);
#5256 = VERTEX_POINT('',#5257);
#5257 = CARTESIAN_POINT('',(110.,-89.425,0.));
#5258 = CIRCLE('',#5259,0.3);
#5259 = AXIS2_PLACEMENT_3D('',#5260,#5261,#5262);
#5260 = CARTESIAN_POINT('',(110.,-89.125,0.));
#5261 = DIRECTION('',(-0.,0.,-1.));
#5262 = DIRECTION('',(-0.,-1.,0.));
#5263 = FACE_BOUND('',#5264,.F.);
#5264 = EDGE_LOOP('',(#5265));
#5265 = ORIENTED_EDGE('',*,*,#5266,.T.);
#5266 = EDGE_CURVE('',#5267,#5267,#5269,.T.);
#5267 = VERTEX_POINT('',#5268);
#5268 = CARTESIAN_POINT('',(110.,-88.175,0.));
#5269 = CIRCLE('',#5270,0.3);
#5270 = AXIS2_PLACEMENT_3D('',#5271,#5272,#5273);
#5271 = CARTESIAN_POINT('',(110.,-87.875,0.));
#5272 = DIRECTION('',(-0.,0.,-1.));
#5273 = DIRECTION('',(-0.,-1.,0.));
#5274 = FACE_BOUND('',#5275,.F.);
#5275 = EDGE_LOOP('',(#5276));
#5276 = ORIENTED_EDGE('',*,*,#5277,.T.);
#5277 = EDGE_CURVE('',#5278,#5278,#5280,.T.);
#5278 = VERTEX_POINT('',#5279);
#5279 = CARTESIAN_POINT('',(110.,-86.925,0.));
#5280 = CIRCLE('',#5281,0.3);
#5281 = AXIS2_PLACEMENT_3D('',#5282,#5283,#5284);
#5282 = CARTESIAN_POINT('',(110.,-86.625,0.));
#5283 = DIRECTION('',(-0.,0.,-1.));
#5284 = DIRECTION('',(-0.,-1.,0.));
#5285 = FACE_BOUND('',#5286,.F.);
#5286 = EDGE_LOOP('',(#5287));
#5287 = ORIENTED_EDGE('',*,*,#5288,.T.);
#5288 = EDGE_CURVE('',#5289,#5289,#5291,.T.);
#5289 = VERTEX_POINT('',#5290);
#5290 = CARTESIAN_POINT('',(110.,-85.675,0.));
#5291 = CIRCLE('',#5292,0.3);
#5292 = AXIS2_PLACEMENT_3D('',#5293,#5294,#5295);
#5293 = CARTESIAN_POINT('',(110.,-85.375,0.));
#5294 = DIRECTION('',(-0.,0.,-1.));
#5295 = DIRECTION('',(-0.,-1.,0.));
#5296 = FACE_BOUND('',#5297,.F.);
#5297 = EDGE_LOOP('',(#5298));
#5298 = ORIENTED_EDGE('',*,*,#5299,.T.);
#5299 = EDGE_CURVE('',#5300,#5300,#5302,.T.);
#5300 = VERTEX_POINT('',#5301);
#5301 = CARTESIAN_POINT('',(110.,-84.425,0.));
#5302 = CIRCLE('',#5303,0.3);
#5303 = AXIS2_PLACEMENT_3D('',#5304,#5305,#5306);
#5304 = CARTESIAN_POINT('',(110.,-84.125,0.));
#5305 = DIRECTION('',(-0.,0.,-1.));
#5306 = DIRECTION('',(-0.,-1.,0.));
#5307 = FACE_BOUND('',#5308,.F.);
#5308 = EDGE_LOOP('',(#5309));
#5309 = ORIENTED_EDGE('',*,*,#5310,.T.);
#5310 = EDGE_CURVE('',#5311,#5311,#5313,.T.);
#5311 = VERTEX_POINT('',#5312);
#5312 = CARTESIAN_POINT('',(110.,-83.175,0.));
#5313 = CIRCLE('',#5314,0.3);
#5314 = AXIS2_PLACEMENT_3D('',#5315,#5316,#5317);
#5315 = CARTESIAN_POINT('',(110.,-82.875,0.));
#5316 = DIRECTION('',(-0.,0.,-1.));
#5317 = DIRECTION('',(-0.,-1.,0.));
#5318 = FACE_BOUND('',#5319,.F.);
#5319 = EDGE_LOOP('',(#5320));
#5320 = ORIENTED_EDGE('',*,*,#5321,.T.);
#5321 = EDGE_CURVE('',#5322,#5322,#5324,.T.);
#5322 = VERTEX_POINT('',#5323);
#5323 = CARTESIAN_POINT('',(110.,-81.925,0.));
#5324 = CIRCLE('',#5325,0.3);
#5325 = AXIS2_PLACEMENT_3D('',#5326,#5327,#5328);
#5326 = CARTESIAN_POINT('',(110.,-81.625,0.));
#5327 = DIRECTION('',(-0.,0.,-1.));
#5328 = DIRECTION('',(-0.,-1.,0.));
#5329 = FACE_BOUND('',#5330,.F.);
#5330 = EDGE_LOOP('',(#5331));
#5331 = ORIENTED_EDGE('',*,*,#5332,.T.);
#5332 = EDGE_CURVE('',#5333,#5333,#5335,.T.);
#5333 = VERTEX_POINT('',#5334);
#5334 = CARTESIAN_POINT('',(110.,-80.675,0.));
#5335 = CIRCLE('',#5336,0.3);
#5336 = AXIS2_PLACEMENT_3D('',#5337,#5338,#5339);
#5337 = CARTESIAN_POINT('',(110.,-80.375,0.));
#5338 = DIRECTION('',(-0.,0.,-1.));
#5339 = DIRECTION('',(-0.,-1.,0.));
#5340 = FACE_BOUND('',#5341,.F.);
#5341 = EDGE_LOOP('',(#5342));
#5342 = ORIENTED_EDGE('',*,*,#5343,.T.);
#5343 = EDGE_CURVE('',#5344,#5344,#5346,.T.);
#5344 = VERTEX_POINT('',#5345);
#5345 = CARTESIAN_POINT('',(110.,-79.425,0.));
#5346 = CIRCLE('',#5347,0.3);
#5347 = AXIS2_PLACEMENT_3D('',#5348,#5349,#5350);
#5348 = CARTESIAN_POINT('',(110.,-79.125,0.));
#5349 = DIRECTION('',(-0.,0.,-1.));
#5350 = DIRECTION('',(-0.,-1.,0.));
#5351 = FACE_BOUND('',#5352,.F.);
#5352 = EDGE_LOOP('',(#5353));
#5353 = ORIENTED_EDGE('',*,*,#5354,.T.);
#5354 = EDGE_CURVE('',#5355,#5355,#5357,.T.);
#5355 = VERTEX_POINT('',#5356);
#5356 = CARTESIAN_POINT('',(110.,-78.175,0.));
#5357 = CIRCLE('',#5358,0.3);
#5358 = AXIS2_PLACEMENT_3D('',#5359,#5360,#5361);
#5359 = CARTESIAN_POINT('',(110.,-77.875,0.));
#5360 = DIRECTION('',(-0.,0.,-1.));
#5361 = DIRECTION('',(-0.,-1.,0.));
#5362 = FACE_BOUND('',#5363,.F.);
#5363 = EDGE_LOOP('',(#5364));
#5364 = ORIENTED_EDGE('',*,*,#5365,.T.);
#5365 = EDGE_CURVE('',#5366,#5366,#5368,.T.);
#5366 = VERTEX_POINT('',#5367);
#5367 = CARTESIAN_POINT('',(154.,-93.35,0.));
#5368 = CIRCLE('',#5369,1.35);
#5369 = AXIS2_PLACEMENT_3D('',#5370,#5371,#5372);
#5370 = CARTESIAN_POINT('',(154.,-92.,0.));
#5371 = DIRECTION('',(-0.,0.,-1.));
#5372 = DIRECTION('',(-0.,-1.,0.));
#5373 = FACE_BOUND('',#5374,.F.);
#5374 = EDGE_LOOP('',(#5375));
#5375 = ORIENTED_EDGE('',*,*,#5376,.T.);
#5376 = EDGE_CURVE('',#5377,#5377,#5379,.T.);
#5377 = VERTEX_POINT('',#5378);
#5378 = CARTESIAN_POINT('',(90.269999,-63.93,0.));
#5379 = CIRCLE('',#5380,0.5);
#5380 = AXIS2_PLACEMENT_3D('',#5381,#5382,#5383);
#5381 = CARTESIAN_POINT('',(90.269999,-63.43,0.));
#5382 = DIRECTION('',(-0.,0.,-1.));
#5383 = DIRECTION('',(-0.,-1.,0.));
#5384 = FACE_BOUND('',#5385,.F.);
#5385 = EDGE_LOOP('',(#5386));
#5386 = ORIENTED_EDGE('',*,*,#5387,.T.);
#5387 = EDGE_CURVE('',#5388,#5388,#5390,.T.);
#5388 = VERTEX_POINT('',#5389);
#5389 = CARTESIAN_POINT('',(92.809999,-63.93,0.));
#5390 = CIRCLE('',#5391,0.5);
#5391 = AXIS2_PLACEMENT_3D('',#5392,#5393,#5394);
#5392 = CARTESIAN_POINT('',(92.809999,-63.43,0.));
#5393 = DIRECTION('',(-0.,0.,-1.));
#5394 = DIRECTION('',(-0.,-1.,0.));
#5395 = FACE_BOUND('',#5396,.F.);
#5396 = EDGE_LOOP('',(#5397));
#5397 = ORIENTED_EDGE('',*,*,#5398,.T.);
#5398 = EDGE_CURVE('',#5399,#5399,#5401,.T.);
#5399 = VERTEX_POINT('',#5400);
#5400 = CARTESIAN_POINT('',(95.35,-63.93,0.));
#5401 = CIRCLE('',#5402,0.5);
#5402 = AXIS2_PLACEMENT_3D('',#5403,#5404,#5405);
#5403 = CARTESIAN_POINT('',(95.35,-63.43,0.));
#5404 = DIRECTION('',(-0.,0.,-1.));
#5405 = DIRECTION('',(-0.,-1.,0.));
#5406 = FACE_BOUND('',#5407,.F.);
#5407 = EDGE_LOOP('',(#5408));
#5408 = ORIENTED_EDGE('',*,*,#5409,.T.);
#5409 = EDGE_CURVE('',#5410,#5410,#5412,.T.);
#5410 = VERTEX_POINT('',#5411);
#5411 = CARTESIAN_POINT('',(97.89,-63.93,0.));
#5412 = CIRCLE('',#5413,0.5);
#5413 = AXIS2_PLACEMENT_3D('',#5414,#5415,#5416);
#5414 = CARTESIAN_POINT('',(97.89,-63.43,0.));
#5415 = DIRECTION('',(-0.,0.,-1.));
#5416 = DIRECTION('',(-0.,-1.,0.));
#5417 = FACE_BOUND('',#5418,.F.);
#5418 = EDGE_LOOP('',(#5419));
#5419 = ORIENTED_EDGE('',*,*,#5420,.T.);
#5420 = EDGE_CURVE('',#5421,#5421,#5423,.T.);
#5421 = VERTEX_POINT('',#5422);
#5422 = CARTESIAN_POINT('',(100.43,-63.93,0.));
#5423 = CIRCLE('',#5424,0.5);
#5424 = AXIS2_PLACEMENT_3D('',#5425,#5426,#5427);
#5425 = CARTESIAN_POINT('',(100.43,-63.43,0.));
#5426 = DIRECTION('',(-0.,0.,-1.));
#5427 = DIRECTION('',(-0.,-1.,0.));
#5428 = FACE_BOUND('',#5429,.F.);
#5429 = EDGE_LOOP('',(#5430));
#5430 = ORIENTED_EDGE('',*,*,#5431,.T.);
#5431 = EDGE_CURVE('',#5432,#5432,#5434,.T.);
#5432 = VERTEX_POINT('',#5433);
#5433 = CARTESIAN_POINT('',(90.269999,-61.39,0.));
#5434 = CIRCLE('',#5435,0.5);
#5435 = AXIS2_PLACEMENT_3D('',#5436,#5437,#5438);
#5436 = CARTESIAN_POINT('',(90.269999,-60.89,0.));
#5437 = DIRECTION('',(-0.,0.,-1.));
#5438 = DIRECTION('',(-0.,-1.,0.));
#5439 = FACE_BOUND('',#5440,.F.);
#5440 = EDGE_LOOP('',(#5441));
#5441 = ORIENTED_EDGE('',*,*,#5442,.T.);
#5442 = EDGE_CURVE('',#5443,#5443,#5445,.T.);
#5443 = VERTEX_POINT('',#5444);
#5444 = CARTESIAN_POINT('',(92.809999,-61.39,0.));
#5445 = CIRCLE('',#5446,0.5);
#5446 = AXIS2_PLACEMENT_3D('',#5447,#5448,#5449);
#5447 = CARTESIAN_POINT('',(92.809999,-60.89,0.));
#5448 = DIRECTION('',(-0.,0.,-1.));
#5449 = DIRECTION('',(-0.,-1.,0.));
#5450 = FACE_BOUND('',#5451,.F.);
#5451 = EDGE_LOOP('',(#5452));
#5452 = ORIENTED_EDGE('',*,*,#5453,.T.);
#5453 = EDGE_CURVE('',#5454,#5454,#5456,.T.);
#5454 = VERTEX_POINT('',#5455);
#5455 = CARTESIAN_POINT('',(95.35,-61.39,0.));
#5456 = CIRCLE('',#5457,0.5);
#5457 = AXIS2_PLACEMENT_3D('',#5458,#5459,#5460);
#5458 = CARTESIAN_POINT('',(95.35,-60.89,0.));
#5459 = DIRECTION('',(-0.,0.,-1.));
#5460 = DIRECTION('',(-0.,-1.,0.));
#5461 = FACE_BOUND('',#5462,.F.);
#5462 = EDGE_LOOP('',(#5463));
#5463 = ORIENTED_EDGE('',*,*,#5464,.T.);
#5464 = EDGE_CURVE('',#5465,#5465,#5467,.T.);
#5465 = VERTEX_POINT('',#5466);
#5466 = CARTESIAN_POINT('',(97.89,-61.39,0.));
#5467 = CIRCLE('',#5468,0.5);
#5468 = AXIS2_PLACEMENT_3D('',#5469,#5470,#5471);
#5469 = CARTESIAN_POINT('',(97.89,-60.89,0.));
#5470 = DIRECTION('',(-0.,0.,-1.));
#5471 = DIRECTION('',(-0.,-1.,0.));
#5472 = FACE_BOUND('',#5473,.F.);
#5473 = EDGE_LOOP('',(#5474));
#5474 = ORIENTED_EDGE('',*,*,#5475,.T.);
#5475 = EDGE_CURVE('',#5476,#5476,#5478,.T.);
#5476 = VERTEX_POINT('',#5477);
#5477 = CARTESIAN_POINT('',(100.43,-61.39,0.));
#5478 = CIRCLE('',#5479,0.5);
#5479 = AXIS2_PLACEMENT_3D('',#5480,#5481,#5482);
#5480 = CARTESIAN_POINT('',(100.43,-60.89,0.));
#5481 = DIRECTION('',(-0.,0.,-1.));
#5482 = DIRECTION('',(-0.,-1.,0.));
#5483 = FACE_BOUND('',#5484,.F.);
#5484 = EDGE_LOOP('',(#5485));
#5485 = ORIENTED_EDGE('',*,*,#5486,.T.);
#5486 = EDGE_CURVE('',#5487,#5487,#5489,.T.);
#5487 = VERTEX_POINT('',#5488);
#5488 = CARTESIAN_POINT('',(77.57,-58.85,0.));
#5489 = CIRCLE('',#5490,0.5);
#5490 = AXIS2_PLACEMENT_3D('',#5491,#5492,#5493);
#5491 = CARTESIAN_POINT('',(77.57,-58.35,0.));
#5492 = DIRECTION('',(-0.,0.,-1.));
#5493 = DIRECTION('',(-0.,-1.,0.));
#5494 = FACE_BOUND('',#5495,.F.);
#5495 = EDGE_LOOP('',(#5496));
#5496 = ORIENTED_EDGE('',*,*,#5497,.T.);
#5497 = EDGE_CURVE('',#5498,#5498,#5500,.T.);
#5498 = VERTEX_POINT('',#5499);
#5499 = CARTESIAN_POINT('',(80.11,-58.85,0.));
#5500 = CIRCLE('',#5501,0.5);
#5501 = AXIS2_PLACEMENT_3D('',#5502,#5503,#5504);
#5502 = CARTESIAN_POINT('',(80.11,-58.35,0.));
#5503 = DIRECTION('',(-0.,0.,-1.));
#5504 = DIRECTION('',(-0.,-1.,0.));
#5505 = FACE_BOUND('',#5506,.F.);
#5506 = EDGE_LOOP('',(#5507));
#5507 = ORIENTED_EDGE('',*,*,#5508,.T.);
#5508 = EDGE_CURVE('',#5509,#5509,#5511,.T.);
#5509 = VERTEX_POINT('',#5510);
#5510 = CARTESIAN_POINT('',(77.57,-56.309999,0.));
#5511 = CIRCLE('',#5512,0.5);
#5512 = AXIS2_PLACEMENT_3D('',#5513,#5514,#5515);
#5513 = CARTESIAN_POINT('',(77.57,-55.809999,0.));
#5514 = DIRECTION('',(-0.,0.,-1.));
#5515 = DIRECTION('',(-0.,-1.,0.));
#5516 = FACE_BOUND('',#5517,.F.);
#5517 = EDGE_LOOP('',(#5518));
#5518 = ORIENTED_EDGE('',*,*,#5519,.T.);
#5519 = EDGE_CURVE('',#5520,#5520,#5522,.T.);
#5520 = VERTEX_POINT('',#5521);
#5521 = CARTESIAN_POINT('',(80.11,-56.309999,0.));
#5522 = CIRCLE('',#5523,0.5);
#5523 = AXIS2_PLACEMENT_3D('',#5524,#5525,#5526);
#5524 = CARTESIAN_POINT('',(80.11,-55.809999,0.));
#5525 = DIRECTION('',(-0.,0.,-1.));
#5526 = DIRECTION('',(-0.,-1.,0.));
#5527 = FACE_BOUND('',#5528,.F.);
#5528 = EDGE_LOOP('',(#5529));
#5529 = ORIENTED_EDGE('',*,*,#5530,.T.);
#5530 = EDGE_CURVE('',#5531,#5531,#5533,.T.);
#5531 = VERTEX_POINT('',#5532);
#5532 = CARTESIAN_POINT('',(77.57,-53.769999,0.));
#5533 = CIRCLE('',#5534,0.5);
#5534 = AXIS2_PLACEMENT_3D('',#5535,#5536,#5537);
#5535 = CARTESIAN_POINT('',(77.57,-53.269999,0.));
#5536 = DIRECTION('',(-0.,0.,-1.));
#5537 = DIRECTION('',(-0.,-1.,0.));
#5538 = FACE_BOUND('',#5539,.F.);
#5539 = EDGE_LOOP('',(#5540));
#5540 = ORIENTED_EDGE('',*,*,#5541,.T.);
#5541 = EDGE_CURVE('',#5542,#5542,#5544,.T.);
#5542 = VERTEX_POINT('',#5543);
#5543 = CARTESIAN_POINT('',(80.11,-53.769999,0.));
#5544 = CIRCLE('',#5545,0.5);
#5545 = AXIS2_PLACEMENT_3D('',#5546,#5547,#5548);
#5546 = CARTESIAN_POINT('',(80.11,-53.269999,0.));
#5547 = DIRECTION('',(-0.,0.,-1.));
#5548 = DIRECTION('',(-0.,-1.,0.));
#5549 = FACE_BOUND('',#5550,.F.);
#5550 = EDGE_LOOP('',(#5551));
#5551 = ORIENTED_EDGE('',*,*,#5552,.T.);
#5552 = EDGE_CURVE('',#5553,#5553,#5555,.T.);
#5553 = VERTEX_POINT('',#5554);
#5554 = CARTESIAN_POINT('',(77.57,-51.23,0.));
#5555 = CIRCLE('',#5556,0.5);
#5556 = AXIS2_PLACEMENT_3D('',#5557,#5558,#5559);
#5557 = CARTESIAN_POINT('',(77.57,-50.73,0.));
#5558 = DIRECTION('',(-0.,0.,-1.));
#5559 = DIRECTION('',(-0.,-1.,0.));
#5560 = FACE_BOUND('',#5561,.F.);
#5561 = EDGE_LOOP('',(#5562));
#5562 = ORIENTED_EDGE('',*,*,#5563,.T.);
#5563 = EDGE_CURVE('',#5564,#5564,#5566,.T.);
#5564 = VERTEX_POINT('',#5565);
#5565 = CARTESIAN_POINT('',(80.11,-51.23,0.));
#5566 = CIRCLE('',#5567,0.5);
#5567 = AXIS2_PLACEMENT_3D('',#5568,#5569,#5570);
#5568 = CARTESIAN_POINT('',(80.11,-50.73,0.));
#5569 = DIRECTION('',(-0.,0.,-1.));
#5570 = DIRECTION('',(-0.,-1.,0.));
#5571 = FACE_BOUND('',#5572,.F.);
#5572 = EDGE_LOOP('',(#5573));
#5573 = ORIENTED_EDGE('',*,*,#5574,.T.);
#5574 = EDGE_CURVE('',#5575,#5575,#5577,.T.);
#5575 = VERTEX_POINT('',#5576);
#5576 = CARTESIAN_POINT('',(77.57,-48.69,0.));
#5577 = CIRCLE('',#5578,0.5);
#5578 = AXIS2_PLACEMENT_3D('',#5579,#5580,#5581);
#5579 = CARTESIAN_POINT('',(77.57,-48.19,0.));
#5580 = DIRECTION('',(-0.,0.,-1.));
#5581 = DIRECTION('',(-0.,-1.,0.));
#5582 = FACE_BOUND('',#5583,.F.);
#5583 = EDGE_LOOP('',(#5584));
#5584 = ORIENTED_EDGE('',*,*,#5585,.T.);
#5585 = EDGE_CURVE('',#5586,#5586,#5588,.T.);
#5586 = VERTEX_POINT('',#5587);
#5587 = CARTESIAN_POINT('',(80.11,-48.69,0.));
#5588 = CIRCLE('',#5589,0.5);
#5589 = AXIS2_PLACEMENT_3D('',#5590,#5591,#5592);
#5590 = CARTESIAN_POINT('',(80.11,-48.19,0.));
#5591 = DIRECTION('',(-0.,0.,-1.));
#5592 = DIRECTION('',(-0.,-1.,0.));
#5593 = FACE_BOUND('',#5594,.F.);
#5594 = EDGE_LOOP('',(#5595));
#5595 = ORIENTED_EDGE('',*,*,#5596,.T.);
#5596 = EDGE_CURVE('',#5597,#5597,#5599,.T.);
#5597 = VERTEX_POINT('',#5598);
#5598 = CARTESIAN_POINT('',(77.57,-46.15,0.));
#5599 = CIRCLE('',#5600,0.5);
#5600 = AXIS2_PLACEMENT_3D('',#5601,#5602,#5603);
#5601 = CARTESIAN_POINT('',(77.57,-45.65,0.));
#5602 = DIRECTION('',(-0.,0.,-1.));
#5603 = DIRECTION('',(-0.,-1.,0.));
#5604 = FACE_BOUND('',#5605,.F.);
#5605 = EDGE_LOOP('',(#5606));
#5606 = ORIENTED_EDGE('',*,*,#5607,.T.);
#5607 = EDGE_CURVE('',#5608,#5608,#5610,.T.);
#5608 = VERTEX_POINT('',#5609);
#5609 = CARTESIAN_POINT('',(80.11,-46.15,0.));
#5610 = CIRCLE('',#5611,0.5);
#5611 = AXIS2_PLACEMENT_3D('',#5612,#5613,#5614);
#5612 = CARTESIAN_POINT('',(80.11,-45.65,0.));
#5613 = DIRECTION('',(-0.,0.,-1.));
#5614 = DIRECTION('',(-0.,-1.,0.));
#5615 = FACE_BOUND('',#5616,.F.);
#5616 = EDGE_LOOP('',(#5617));
#5617 = ORIENTED_EDGE('',*,*,#5618,.T.);
#5618 = EDGE_CURVE('',#5619,#5619,#5621,.T.);
#5619 = VERTEX_POINT('',#5620);
#5620 = CARTESIAN_POINT('',(77.57,-43.61,0.));
#5621 = CIRCLE('',#5622,0.5);
#5622 = AXIS2_PLACEMENT_3D('',#5623,#5624,#5625);
#5623 = CARTESIAN_POINT('',(77.57,-43.11,0.));
#5624 = DIRECTION('',(-0.,0.,-1.));
#5625 = DIRECTION('',(-0.,-1.,0.));
#5626 = FACE_BOUND('',#5627,.F.);
#5627 = EDGE_LOOP('',(#5628));
#5628 = ORIENTED_EDGE('',*,*,#5629,.T.);
#5629 = EDGE_CURVE('',#5630,#5630,#5632,.T.);
#5630 = VERTEX_POINT('',#5631);
#5631 = CARTESIAN_POINT('',(80.11,-43.61,0.));
#5632 = CIRCLE('',#5633,0.5);
#5633 = AXIS2_PLACEMENT_3D('',#5634,#5635,#5636);
#5634 = CARTESIAN_POINT('',(80.11,-43.11,0.));
#5635 = DIRECTION('',(-0.,0.,-1.));
#5636 = DIRECTION('',(-0.,-1.,0.));
#5637 = FACE_BOUND('',#5638,.F.);
#5638 = EDGE_LOOP('',(#5639));
#5639 = ORIENTED_EDGE('',*,*,#5640,.T.);
#5640 = EDGE_CURVE('',#5641,#5641,#5643,.T.);
#5641 = VERTEX_POINT('',#5642);
#5642 = CARTESIAN_POINT('',(82.65,-43.61,0.));
#5643 = CIRCLE('',#5644,0.5);
#5644 = AXIS2_PLACEMENT_3D('',#5645,#5646,#5647);
#5645 = CARTESIAN_POINT('',(82.65,-43.11,0.));
#5646 = DIRECTION('',(-0.,0.,-1.));
#5647 = DIRECTION('',(-0.,-1.,0.));
#5648 = FACE_BOUND('',#5649,.F.);
#5649 = EDGE_LOOP('',(#5650));
#5650 = ORIENTED_EDGE('',*,*,#5651,.T.);
#5651 = EDGE_CURVE('',#5652,#5652,#5654,.T.);
#5652 = VERTEX_POINT('',#5653);
#5653 = CARTESIAN_POINT('',(85.190001,-43.61,0.));
#5654 = CIRCLE('',#5655,0.5);
#5655 = AXIS2_PLACEMENT_3D('',#5656,#5657,#5658);
#5656 = CARTESIAN_POINT('',(85.190001,-43.11,0.));
#5657 = DIRECTION('',(-0.,0.,-1.));
#5658 = DIRECTION('',(-0.,-1.,0.));
#5659 = FACE_BOUND('',#5660,.F.);
#5660 = EDGE_LOOP('',(#5661));
#5661 = ORIENTED_EDGE('',*,*,#5662,.T.);
#5662 = EDGE_CURVE('',#5663,#5663,#5665,.T.);
#5663 = VERTEX_POINT('',#5664);
#5664 = CARTESIAN_POINT('',(87.730001,-43.61,0.));
#5665 = CIRCLE('',#5666,0.5);
#5666 = AXIS2_PLACEMENT_3D('',#5667,#5668,#5669);
#5667 = CARTESIAN_POINT('',(87.730001,-43.11,0.));
#5668 = DIRECTION('',(-0.,0.,-1.));
#5669 = DIRECTION('',(-0.,-1.,0.));
#5670 = FACE_BOUND('',#5671,.F.);
#5671 = EDGE_LOOP('',(#5672));
#5672 = ORIENTED_EDGE('',*,*,#5673,.T.);
#5673 = EDGE_CURVE('',#5674,#5674,#5676,.T.);
#5674 = VERTEX_POINT('',#5675);
#5675 = CARTESIAN_POINT('',(24.,-25.35,0.));
#5676 = CIRCLE('',#5677,1.35);
#5677 = AXIS2_PLACEMENT_3D('',#5678,#5679,#5680);
#5678 = CARTESIAN_POINT('',(24.,-24.,0.));
#5679 = DIRECTION('',(-0.,0.,-1.));
#5680 = DIRECTION('',(-0.,-1.,0.));
#5681 = FACE_BOUND('',#5682,.F.);
#5682 = EDGE_LOOP('',(#5683));
#5683 = ORIENTED_EDGE('',*,*,#5684,.T.);
#5684 = EDGE_CURVE('',#5685,#5685,#5687,.T.);
#5685 = VERTEX_POINT('',#5686);
#5686 = CARTESIAN_POINT('',(77.57,-41.07,0.));
#5687 = CIRCLE('',#5688,0.5);
#5688 = AXIS2_PLACEMENT_3D('',#5689,#5690,#5691);
#5689 = CARTESIAN_POINT('',(77.57,-40.57,0.));
#5690 = DIRECTION('',(-0.,0.,-1.));
#5691 = DIRECTION('',(-0.,-1.,0.));
#5692 = FACE_BOUND('',#5693,.F.);
#5693 = EDGE_LOOP('',(#5694));
#5694 = ORIENTED_EDGE('',*,*,#5695,.T.);
#5695 = EDGE_CURVE('',#5696,#5696,#5698,.T.);
#5696 = VERTEX_POINT('',#5697);
#5697 = CARTESIAN_POINT('',(80.11,-41.07,0.));
#5698 = CIRCLE('',#5699,0.5);
#5699 = AXIS2_PLACEMENT_3D('',#5700,#5701,#5702);
#5700 = CARTESIAN_POINT('',(80.11,-40.57,0.));
#5701 = DIRECTION('',(-0.,0.,-1.));
#5702 = DIRECTION('',(-0.,-1.,0.));
#5703 = FACE_BOUND('',#5704,.F.);
#5704 = EDGE_LOOP('',(#5705));
#5705 = ORIENTED_EDGE('',*,*,#5706,.T.);
#5706 = EDGE_CURVE('',#5707,#5707,#5709,.T.);
#5707 = VERTEX_POINT('',#5708);
#5708 = CARTESIAN_POINT('',(82.65,-41.07,0.));
#5709 = CIRCLE('',#5710,0.5);
#5710 = AXIS2_PLACEMENT_3D('',#5711,#5712,#5713);
#5711 = CARTESIAN_POINT('',(82.65,-40.57,0.));
#5712 = DIRECTION('',(-0.,0.,-1.));
#5713 = DIRECTION('',(-0.,-1.,0.));
#5714 = FACE_BOUND('',#5715,.F.);
#5715 = EDGE_LOOP('',(#5716));
#5716 = ORIENTED_EDGE('',*,*,#5717,.T.);
#5717 = EDGE_CURVE('',#5718,#5718,#5720,.T.);
#5718 = VERTEX_POINT('',#5719);
#5719 = CARTESIAN_POINT('',(85.190001,-41.07,0.));
#5720 = CIRCLE('',#5721,0.5);
#5721 = AXIS2_PLACEMENT_3D('',#5722,#5723,#5724);
#5722 = CARTESIAN_POINT('',(85.190001,-40.57,0.));
#5723 = DIRECTION('',(-0.,0.,-1.));
#5724 = DIRECTION('',(-0.,-1.,0.));
#5725 = FACE_BOUND('',#5726,.F.);
#5726 = EDGE_LOOP('',(#5727));
#5727 = ORIENTED_EDGE('',*,*,#5728,.T.);
#5728 = EDGE_CURVE('',#5729,#5729,#5731,.T.);
#5729 = VERTEX_POINT('',#5730);
#5730 = CARTESIAN_POINT('',(87.730001,-41.07,0.));
#5731 = CIRCLE('',#5732,0.5);
#5732 = AXIS2_PLACEMENT_3D('',#5733,#5734,#5735);
#5733 = CARTESIAN_POINT('',(87.730001,-40.57,0.));
#5734 = DIRECTION('',(-0.,0.,-1.));
#5735 = DIRECTION('',(-0.,-1.,0.));
#5736 = FACE_BOUND('',#5737,.F.);
#5737 = EDGE_LOOP('',(#5738));
#5738 = ORIENTED_EDGE('',*,*,#5739,.T.);
#5739 = EDGE_CURVE('',#5740,#5740,#5742,.T.);
#5740 = VERTEX_POINT('',#5741);
#5741 = CARTESIAN_POINT('',(85.875,-23.3,0.));
#5742 = CIRCLE('',#5743,0.3);
#5743 = AXIS2_PLACEMENT_3D('',#5744,#5745,#5746);
#5744 = CARTESIAN_POINT('',(85.875,-23.,0.));
#5745 = DIRECTION('',(-0.,0.,-1.));
#5746 = DIRECTION('',(-0.,-1.,0.));
#5747 = FACE_BOUND('',#5748,.F.);
#5748 = EDGE_LOOP('',(#5749));
#5749 = ORIENTED_EDGE('',*,*,#5750,.T.);
#5750 = EDGE_CURVE('',#5751,#5751,#5753,.T.);
#5751 = VERTEX_POINT('',#5752);
#5752 = CARTESIAN_POINT('',(87.125,-23.3,0.));
#5753 = CIRCLE('',#5754,0.3);
#5754 = AXIS2_PLACEMENT_3D('',#5755,#5756,#5757);
#5755 = CARTESIAN_POINT('',(87.125,-23.,0.));
#5756 = DIRECTION('',(-0.,0.,-1.));
#5757 = DIRECTION('',(-0.,-1.,0.));
#5758 = FACE_BOUND('',#5759,.F.);
#5759 = EDGE_LOOP('',(#5760));
#5760 = ORIENTED_EDGE('',*,*,#5761,.T.);
#5761 = EDGE_CURVE('',#5762,#5762,#5764,.T.);
#5762 = VERTEX_POINT('',#5763);
#5763 = CARTESIAN_POINT('',(88.375,-23.3,0.));
#5764 = CIRCLE('',#5765,0.3);
#5765 = AXIS2_PLACEMENT_3D('',#5766,#5767,#5768);
#5766 = CARTESIAN_POINT('',(88.375,-23.,0.));
#5767 = DIRECTION('',(-0.,0.,-1.));
#5768 = DIRECTION('',(-0.,-1.,0.));
#5769 = FACE_BOUND('',#5770,.F.);
#5770 = EDGE_LOOP('',(#5771));
#5771 = ORIENTED_EDGE('',*,*,#5772,.T.);
#5772 = EDGE_CURVE('',#5773,#5773,#5775,.T.);
#5773 = VERTEX_POINT('',#5774);
#5774 = CARTESIAN_POINT('',(97.89,-58.85,0.));
#5775 = CIRCLE('',#5776,0.5);
#5776 = AXIS2_PLACEMENT_3D('',#5777,#5778,#5779);
#5777 = CARTESIAN_POINT('',(97.89,-58.35,0.));
#5778 = DIRECTION('',(-0.,0.,-1.));
#5779 = DIRECTION('',(-0.,-1.,0.));
#5780 = FACE_BOUND('',#5781,.F.);
#5781 = EDGE_LOOP('',(#5782));
#5782 = ORIENTED_EDGE('',*,*,#5783,.T.);
#5783 = EDGE_CURVE('',#5784,#5784,#5786,.T.);
#5784 = VERTEX_POINT('',#5785);
#5785 = CARTESIAN_POINT('',(100.43,-58.85,0.));
#5786 = CIRCLE('',#5787,0.5);
#5787 = AXIS2_PLACEMENT_3D('',#5788,#5789,#5790);
#5788 = CARTESIAN_POINT('',(100.43,-58.35,0.));
#5789 = DIRECTION('',(-0.,0.,-1.));
#5790 = DIRECTION('',(-0.,-1.,0.));
#5791 = FACE_BOUND('',#5792,.F.);
#5792 = EDGE_LOOP('',(#5793));
#5793 = ORIENTED_EDGE('',*,*,#5794,.T.);
#5794 = EDGE_CURVE('',#5795,#5795,#5797,.T.);
#5795 = VERTEX_POINT('',#5796);
#5796 = CARTESIAN_POINT('',(97.89,-56.31,0.));
#5797 = CIRCLE('',#5798,0.5);
#5798 = AXIS2_PLACEMENT_3D('',#5799,#5800,#5801);
#5799 = CARTESIAN_POINT('',(97.89,-55.81,0.));
#5800 = DIRECTION('',(-0.,0.,-1.));
#5801 = DIRECTION('',(-0.,-1.,0.));
#5802 = FACE_BOUND('',#5803,.F.);
#5803 = EDGE_LOOP('',(#5804));
#5804 = ORIENTED_EDGE('',*,*,#5805,.T.);
#5805 = EDGE_CURVE('',#5806,#5806,#5808,.T.);
#5806 = VERTEX_POINT('',#5807);
#5807 = CARTESIAN_POINT('',(100.43,-56.31,0.));
#5808 = CIRCLE('',#5809,0.5);
#5809 = AXIS2_PLACEMENT_3D('',#5810,#5811,#5812);
#5810 = CARTESIAN_POINT('',(100.43,-55.81,0.));
#5811 = DIRECTION('',(-0.,0.,-1.));
#5812 = DIRECTION('',(-0.,-1.,0.));
#5813 = FACE_BOUND('',#5814,.F.);
#5814 = EDGE_LOOP('',(#5815));
#5815 = ORIENTED_EDGE('',*,*,#5816,.T.);
#5816 = EDGE_CURVE('',#5817,#5817,#5819,.T.);
#5817 = VERTEX_POINT('',#5818);
#5818 = CARTESIAN_POINT('',(97.89,-53.77,0.));
#5819 = CIRCLE('',#5820,0.5);
#5820 = AXIS2_PLACEMENT_3D('',#5821,#5822,#5823);
#5821 = CARTESIAN_POINT('',(97.89,-53.27,0.));
#5822 = DIRECTION('',(-0.,0.,-1.));
#5823 = DIRECTION('',(-0.,-1.,0.));
#5824 = FACE_BOUND('',#5825,.F.);
#5825 = EDGE_LOOP('',(#5826));
#5826 = ORIENTED_EDGE('',*,*,#5827,.T.);
#5827 = EDGE_CURVE('',#5828,#5828,#5830,.T.);
#5828 = VERTEX_POINT('',#5829);
#5829 = CARTESIAN_POINT('',(100.43,-53.77,0.));
#5830 = CIRCLE('',#5831,0.5);
#5831 = AXIS2_PLACEMENT_3D('',#5832,#5833,#5834);
#5832 = CARTESIAN_POINT('',(100.43,-53.27,0.));
#5833 = DIRECTION('',(-0.,0.,-1.));
#5834 = DIRECTION('',(-0.,-1.,0.));
#5835 = FACE_BOUND('',#5836,.F.);
#5836 = EDGE_LOOP('',(#5837));
#5837 = ORIENTED_EDGE('',*,*,#5838,.T.);
#5838 = EDGE_CURVE('',#5839,#5839,#5841,.T.);
#5839 = VERTEX_POINT('',#5840);
#5840 = CARTESIAN_POINT('',(97.89,-51.230001,0.));
#5841 = CIRCLE('',#5842,0.5);
#5842 = AXIS2_PLACEMENT_3D('',#5843,#5844,#5845);
#5843 = CARTESIAN_POINT('',(97.89,-50.730001,0.));
#5844 = DIRECTION('',(-0.,0.,-1.));
#5845 = DIRECTION('',(-0.,-1.,0.));
#5846 = FACE_BOUND('',#5847,.F.);
#5847 = EDGE_LOOP('',(#5848));
#5848 = ORIENTED_EDGE('',*,*,#5849,.T.);
#5849 = EDGE_CURVE('',#5850,#5850,#5852,.T.);
#5850 = VERTEX_POINT('',#5851);
#5851 = CARTESIAN_POINT('',(100.43,-51.230001,0.));
#5852 = CIRCLE('',#5853,0.5);
#5853 = AXIS2_PLACEMENT_3D('',#5854,#5855,#5856);
#5854 = CARTESIAN_POINT('',(100.43,-50.730001,0.));
#5855 = DIRECTION('',(-0.,0.,-1.));
#5856 = DIRECTION('',(-0.,-1.,0.));
#5857 = FACE_BOUND('',#5858,.F.);
#5858 = EDGE_LOOP('',(#5859));
#5859 = ORIENTED_EDGE('',*,*,#5860,.T.);
#5860 = EDGE_CURVE('',#5861,#5861,#5863,.T.);
#5861 = VERTEX_POINT('',#5862);
#5862 = CARTESIAN_POINT('',(97.89,-48.690001,0.));
#5863 = CIRCLE('',#5864,0.5);
#5864 = AXIS2_PLACEMENT_3D('',#5865,#5866,#5867);
#5865 = CARTESIAN_POINT('',(97.89,-48.190001,0.));
#5866 = DIRECTION('',(-0.,0.,-1.));
#5867 = DIRECTION('',(-0.,-1.,0.));
#5868 = FACE_BOUND('',#5869,.F.);
#5869 = EDGE_LOOP('',(#5870));
#5870 = ORIENTED_EDGE('',*,*,#5871,.T.);
#5871 = EDGE_CURVE('',#5872,#5872,#5874,.T.);
#5872 = VERTEX_POINT('',#5873);
#5873 = CARTESIAN_POINT('',(100.43,-48.690001,0.));
#5874 = CIRCLE('',#5875,0.5);
#5875 = AXIS2_PLACEMENT_3D('',#5876,#5877,#5878);
#5876 = CARTESIAN_POINT('',(100.43,-48.190001,0.));
#5877 = DIRECTION('',(-0.,0.,-1.));
#5878 = DIRECTION('',(-0.,-1.,0.));
#5879 = FACE_BOUND('',#5880,.F.);
#5880 = EDGE_LOOP('',(#5881));
#5881 = ORIENTED_EDGE('',*,*,#5882,.T.);
#5882 = EDGE_CURVE('',#5883,#5883,#5885,.T.);
#5883 = VERTEX_POINT('',#5884);
#5884 = CARTESIAN_POINT('',(97.89,-46.15,0.));
#5885 = CIRCLE('',#5886,0.5);
#5886 = AXIS2_PLACEMENT_3D('',#5887,#5888,#5889);
#5887 = CARTESIAN_POINT('',(97.89,-45.65,0.));
#5888 = DIRECTION('',(-0.,0.,-1.));
#5889 = DIRECTION('',(-0.,-1.,0.));
#5890 = FACE_BOUND('',#5891,.F.);
#5891 = EDGE_LOOP('',(#5892));
#5892 = ORIENTED_EDGE('',*,*,#5893,.T.);
#5893 = EDGE_CURVE('',#5894,#5894,#5896,.T.);
#5894 = VERTEX_POINT('',#5895);
#5895 = CARTESIAN_POINT('',(100.43,-46.15,0.));
#5896 = CIRCLE('',#5897,0.5);
#5897 = AXIS2_PLACEMENT_3D('',#5898,#5899,#5900);
#5898 = CARTESIAN_POINT('',(100.43,-45.65,0.));
#5899 = DIRECTION('',(-0.,0.,-1.));
#5900 = DIRECTION('',(-0.,-1.,0.));
#5901 = FACE_BOUND('',#5902,.F.);
#5902 = EDGE_LOOP('',(#5903));
#5903 = ORIENTED_EDGE('',*,*,#5904,.T.);
#5904 = EDGE_CURVE('',#5905,#5905,#5907,.T.);
#5905 = VERTEX_POINT('',#5906);
#5906 = CARTESIAN_POINT('',(90.27,-43.61,0.));
#5907 = CIRCLE('',#5908,0.5);
#5908 = AXIS2_PLACEMENT_3D('',#5909,#5910,#5911);
#5909 = CARTESIAN_POINT('',(90.27,-43.11,0.));
#5910 = DIRECTION('',(-0.,0.,-1.));
#5911 = DIRECTION('',(-0.,-1.,0.));
#5912 = FACE_BOUND('',#5913,.F.);
#5913 = EDGE_LOOP('',(#5914));
#5914 = ORIENTED_EDGE('',*,*,#5915,.T.);
#5915 = EDGE_CURVE('',#5916,#5916,#5918,.T.);
#5916 = VERTEX_POINT('',#5917);
#5917 = CARTESIAN_POINT('',(92.81,-43.61,0.));
#5918 = CIRCLE('',#5919,0.5);
#5919 = AXIS2_PLACEMENT_3D('',#5920,#5921,#5922);
#5920 = CARTESIAN_POINT('',(92.81,-43.11,0.));
#5921 = DIRECTION('',(-0.,0.,-1.));
#5922 = DIRECTION('',(-0.,-1.,0.));
#5923 = FACE_BOUND('',#5924,.F.);
#5924 = EDGE_LOOP('',(#5925));
#5925 = ORIENTED_EDGE('',*,*,#5926,.T.);
#5926 = EDGE_CURVE('',#5927,#5927,#5929,.T.);
#5927 = VERTEX_POINT('',#5928);
#5928 = CARTESIAN_POINT('',(95.35,-43.61,0.));
#5929 = CIRCLE('',#5930,0.5);
#5930 = AXIS2_PLACEMENT_3D('',#5931,#5932,#5933);
#5931 = CARTESIAN_POINT('',(95.35,-43.11,0.));
#5932 = DIRECTION('',(-0.,0.,-1.));
#5933 = DIRECTION('',(-0.,-1.,0.));
#5934 = FACE_BOUND('',#5935,.F.);
#5935 = EDGE_LOOP('',(#5936));
#5936 = ORIENTED_EDGE('',*,*,#5937,.T.);
#5937 = EDGE_CURVE('',#5938,#5938,#5940,.T.);
#5938 = VERTEX_POINT('',#5939);
#5939 = CARTESIAN_POINT('',(97.89,-43.61,0.));
#5940 = CIRCLE('',#5941,0.5);
#5941 = AXIS2_PLACEMENT_3D('',#5942,#5943,#5944);
#5942 = CARTESIAN_POINT('',(97.89,-43.11,0.));
#5943 = DIRECTION('',(-0.,0.,-1.));
#5944 = DIRECTION('',(-0.,-1.,0.));
#5945 = FACE_BOUND('',#5946,.F.);
#5946 = EDGE_LOOP('',(#5947));
#5947 = ORIENTED_EDGE('',*,*,#5948,.T.);
#5948 = EDGE_CURVE('',#5949,#5949,#5951,.T.);
#5949 = VERTEX_POINT('',#5950);
#5950 = CARTESIAN_POINT('',(100.43,-43.61,0.));
#5951 = CIRCLE('',#5952,0.5);
#5952 = AXIS2_PLACEMENT_3D('',#5953,#5954,#5955);
#5953 = CARTESIAN_POINT('',(100.43,-43.11,0.));
#5954 = DIRECTION('',(-0.,0.,-1.));
#5955 = DIRECTION('',(-0.,-1.,0.));
#5956 = FACE_BOUND('',#5957,.F.);
#5957 = EDGE_LOOP('',(#5958));
#5958 = ORIENTED_EDGE('',*,*,#5959,.T.);
#5959 = EDGE_CURVE('',#5960,#5960,#5962,.T.);
#5960 = VERTEX_POINT('',#5961);
#5961 = CARTESIAN_POINT('',(90.27,-41.07,0.));
#5962 = CIRCLE('',#5963,0.5);
#5963 = AXIS2_PLACEMENT_3D('',#5964,#5965,#5966);
#5964 = CARTESIAN_POINT('',(90.27,-40.57,0.));
#5965 = DIRECTION('',(-0.,0.,-1.));
#5966 = DIRECTION('',(-0.,-1.,0.));
#5967 = FACE_BOUND('',#5968,.F.);
#5968 = EDGE_LOOP('',(#5969));
#5969 = ORIENTED_EDGE('',*,*,#5970,.T.);
#5970 = EDGE_CURVE('',#5971,#5971,#5973,.T.);
#5971 = VERTEX_POINT('',#5972);
#5972 = CARTESIAN_POINT('',(92.81,-41.07,0.));
#5973 = CIRCLE('',#5974,0.5);
#5974 = AXIS2_PLACEMENT_3D('',#5975,#5976,#5977);
#5975 = CARTESIAN_POINT('',(92.81,-40.57,0.));
#5976 = DIRECTION('',(-0.,0.,-1.));
#5977 = DIRECTION('',(-0.,-1.,0.));
#5978 = FACE_BOUND('',#5979,.F.);
#5979 = EDGE_LOOP('',(#5980));
#5980 = ORIENTED_EDGE('',*,*,#5981,.T.);
#5981 = EDGE_CURVE('',#5982,#5982,#5984,.T.);
#5982 = VERTEX_POINT('',#5983);
#5983 = CARTESIAN_POINT('',(95.35,-41.07,0.));
#5984 = CIRCLE('',#5985,0.5);
#5985 = AXIS2_PLACEMENT_3D('',#5986,#5987,#5988);
#5986 = CARTESIAN_POINT('',(95.35,-40.57,0.));
#5987 = DIRECTION('',(-0.,0.,-1.));
#5988 = DIRECTION('',(-0.,-1.,0.));
#5989 = FACE_BOUND('',#5990,.F.);
#5990 = EDGE_LOOP('',(#5991));
#5991 = ORIENTED_EDGE('',*,*,#5992,.T.);
#5992 = EDGE_CURVE('',#5993,#5993,#5995,.T.);
#5993 = VERTEX_POINT('',#5994);
#5994 = CARTESIAN_POINT('',(97.89,-41.07,0.));
#5995 = CIRCLE('',#5996,0.5);
#5996 = AXIS2_PLACEMENT_3D('',#5997,#5998,#5999);
#5997 = CARTESIAN_POINT('',(97.89,-40.57,0.));
#5998 = DIRECTION('',(-0.,0.,-1.));
#5999 = DIRECTION('',(-0.,-1.,0.));
#6000 = FACE_BOUND('',#6001,.F.);
#6001 = EDGE_LOOP('',(#6002));
#6002 = ORIENTED_EDGE('',*,*,#6003,.T.);
#6003 = EDGE_CURVE('',#6004,#6004,#6006,.T.);
#6004 = VERTEX_POINT('',#6005);
#6005 = CARTESIAN_POINT('',(100.43,-41.07,0.));
#6006 = CIRCLE('',#6007,0.5);
#6007 = AXIS2_PLACEMENT_3D('',#6008,#6009,#6010);
#6008 = CARTESIAN_POINT('',(100.43,-40.57,0.));
#6009 = DIRECTION('',(-0.,0.,-1.));
#6010 = DIRECTION('',(-0.,-1.,0.));
#6011 = FACE_BOUND('',#6012,.F.);
#6012 = EDGE_LOOP('',(#6013));
#6013 = ORIENTED_EDGE('',*,*,#6014,.T.);
#6014 = EDGE_CURVE('',#6015,#6015,#6017,.T.);
#6015 = VERTEX_POINT('',#6016);
#6016 = CARTESIAN_POINT('',(89.625,-23.3,0.));
#6017 = CIRCLE('',#6018,0.3);
#6018 = AXIS2_PLACEMENT_3D('',#6019,#6020,#6021);
#6019 = CARTESIAN_POINT('',(89.625,-23.,0.));
#6020 = DIRECTION('',(-0.,0.,-1.));
#6021 = DIRECTION('',(-0.,-1.,0.));
#6022 = FACE_BOUND('',#6023,.F.);
#6023 = EDGE_LOOP('',(#6024));
#6024 = ORIENTED_EDGE('',*,*,#6025,.T.);
#6025 = EDGE_CURVE('',#6026,#6026,#6028,.T.);
#6026 = VERTEX_POINT('',#6027);
#6027 = CARTESIAN_POINT('',(90.875,-23.3,0.));
#6028 = CIRCLE('',#6029,0.3);
#6029 = AXIS2_PLACEMENT_3D('',#6030,#6031,#6032);
#6030 = CARTESIAN_POINT('',(90.875,-23.,0.));
#6031 = DIRECTION('',(-0.,0.,-1.));
#6032 = DIRECTION('',(-0.,-1.,0.));
#6033 = FACE_BOUND('',#6034,.F.);
#6034 = EDGE_LOOP('',(#6035));
#6035 = ORIENTED_EDGE('',*,*,#6036,.T.);
#6036 = EDGE_CURVE('',#6037,#6037,#6039,.T.);
#6037 = VERTEX_POINT('',#6038);
#6038 = CARTESIAN_POINT('',(92.125,-23.3,0.));
#6039 = CIRCLE('',#6040,0.3);
#6040 = AXIS2_PLACEMENT_3D('',#6041,#6042,#6043);
#6041 = CARTESIAN_POINT('',(92.125,-23.,0.));
#6042 = DIRECTION('',(-0.,0.,-1.));
#6043 = DIRECTION('',(-0.,-1.,0.));
#6044 = FACE_BOUND('',#6045,.F.);
#6045 = EDGE_LOOP('',(#6046));
#6046 = ORIENTED_EDGE('',*,*,#6047,.T.);
#6047 = EDGE_CURVE('',#6048,#6048,#6050,.T.);
#6048 = VERTEX_POINT('',#6049);
#6049 = CARTESIAN_POINT('',(154.,-25.35,0.));
#6050 = CIRCLE('',#6051,1.35);
#6051 = AXIS2_PLACEMENT_3D('',#6052,#6053,#6054);
#6052 = CARTESIAN_POINT('',(154.,-24.,0.));
#6053 = DIRECTION('',(-0.,0.,-1.));
#6054 = DIRECTION('',(-0.,-1.,0.));
#6055 = PLANE('',#6056);
#6056 = AXIS2_PLACEMENT_3D('',#6057,#6058,#6059);
#6057 = CARTESIAN_POINT('',(0.,0.,0.));
#6058 = DIRECTION('',(0.,0.,1.));
#6059 = DIRECTION('',(1.,0.,-0.));
#6060 = ADVANCED_FACE('',(#6061,#6072,#6083,#6094,#6105,#6116,#6127,
    #6138,#6149,#6160,#6171,#6182,#6193,#6204,#6215,#6226,#6237,#6248,
    #6259,#6270,#6281,#6292,#6303,#6314,#6325,#6336,#6347,#6358,#6369,
    #6380,#6391,#6402,#6413,#6424,#6435,#6446,#6457,#6468,#6479,#6490,
    #6501,#6512,#6523,#6534,#6545,#6556,#6567,#6578,#6589,#6600,#6611,
    #6622,#6633,#6644,#6655,#6666,#6677,#6688,#6699,#6710,#6721,#6732,
    #6743,#6754,#6765,#6776,#6787,#6798,#6809,#6820,#6831,#6842,#6853,
    #6864,#6875,#6886,#6897,#6908,#6919,#6930,#6941,#6952,#6963,#6974,
    #6985,#6996,#7007,#7018,#7029),#7040,.T.);
#6061 = FACE_BOUND('',#6062,.T.);
#6062 = EDGE_LOOP('',(#6063,#6064,#6065,#6071));
#6063 = ORIENTED_EDGE('',*,*,#4987,.F.);
#6064 = ORIENTED_EDGE('',*,*,#5027,.F.);
#6065 = ORIENTED_EDGE('',*,*,#6066,.F.);
#6066 = EDGE_CURVE('',#5050,#5020,#6067,.T.);
#6067 = LINE('',#6068,#6069);
#6068 = CARTESIAN_POINT('',(20.,-20.,1.51));
#6069 = VECTOR('',#6070,1.);
#6070 = DIRECTION('',(1.,0.,0.));
#6071 = ORIENTED_EDGE('',*,*,#5049,.F.);
#6072 = FACE_BOUND('',#6073,.T.);
#6073 = EDGE_LOOP('',(#6074));
#6074 = ORIENTED_EDGE('',*,*,#6075,.T.);
#6075 = EDGE_CURVE('',#6076,#6076,#6078,.T.);
#6076 = VERTEX_POINT('',#6077);
#6077 = CARTESIAN_POINT('',(24.,-93.35,1.51));
#6078 = CIRCLE('',#6079,1.35);
#6079 = AXIS2_PLACEMENT_3D('',#6080,#6081,#6082);
#6080 = CARTESIAN_POINT('',(24.,-92.,1.51));
#6081 = DIRECTION('',(-0.,0.,-1.));
#6082 = DIRECTION('',(-0.,-1.,0.));
#6083 = FACE_BOUND('',#6084,.T.);
#6084 = EDGE_LOOP('',(#6085));
#6085 = ORIENTED_EDGE('',*,*,#6086,.T.);
#6086 = EDGE_CURVE('',#6087,#6087,#6089,.T.);
#6087 = VERTEX_POINT('',#6088);
#6088 = CARTESIAN_POINT('',(77.57,-63.93,1.51));
#6089 = CIRCLE('',#6090,0.5);
#6090 = AXIS2_PLACEMENT_3D('',#6091,#6092,#6093);
#6091 = CARTESIAN_POINT('',(77.57,-63.43,1.51));
#6092 = DIRECTION('',(-0.,0.,-1.));
#6093 = DIRECTION('',(-0.,-1.,0.));
#6094 = FACE_BOUND('',#6095,.T.);
#6095 = EDGE_LOOP('',(#6096));
#6096 = ORIENTED_EDGE('',*,*,#6097,.T.);
#6097 = EDGE_CURVE('',#6098,#6098,#6100,.T.);
#6098 = VERTEX_POINT('',#6099);
#6099 = CARTESIAN_POINT('',(80.11,-63.93,1.51));
#6100 = CIRCLE('',#6101,0.5);
#6101 = AXIS2_PLACEMENT_3D('',#6102,#6103,#6104);
#6102 = CARTESIAN_POINT('',(80.11,-63.43,1.51));
#6103 = DIRECTION('',(-0.,0.,-1.));
#6104 = DIRECTION('',(-0.,-1.,0.));
#6105 = FACE_BOUND('',#6106,.T.);
#6106 = EDGE_LOOP('',(#6107));
#6107 = ORIENTED_EDGE('',*,*,#6108,.T.);
#6108 = EDGE_CURVE('',#6109,#6109,#6111,.T.);
#6109 = VERTEX_POINT('',#6110);
#6110 = CARTESIAN_POINT('',(82.65,-63.93,1.51));
#6111 = CIRCLE('',#6112,0.5);
#6112 = AXIS2_PLACEMENT_3D('',#6113,#6114,#6115);
#6113 = CARTESIAN_POINT('',(82.65,-63.43,1.51));
#6114 = DIRECTION('',(-0.,0.,-1.));
#6115 = DIRECTION('',(-0.,-1.,0.));
#6116 = FACE_BOUND('',#6117,.T.);
#6117 = EDGE_LOOP('',(#6118));
#6118 = ORIENTED_EDGE('',*,*,#6119,.T.);
#6119 = EDGE_CURVE('',#6120,#6120,#6122,.T.);
#6120 = VERTEX_POINT('',#6121);
#6121 = CARTESIAN_POINT('',(85.19,-63.93,1.51));
#6122 = CIRCLE('',#6123,0.5);
#6123 = AXIS2_PLACEMENT_3D('',#6124,#6125,#6126);
#6124 = CARTESIAN_POINT('',(85.19,-63.43,1.51));
#6125 = DIRECTION('',(-0.,0.,-1.));
#6126 = DIRECTION('',(-0.,-1.,0.));
#6127 = FACE_BOUND('',#6128,.T.);
#6128 = EDGE_LOOP('',(#6129));
#6129 = ORIENTED_EDGE('',*,*,#6130,.T.);
#6130 = EDGE_CURVE('',#6131,#6131,#6133,.T.);
#6131 = VERTEX_POINT('',#6132);
#6132 = CARTESIAN_POINT('',(87.73,-63.93,1.51));
#6133 = CIRCLE('',#6134,0.5);
#6134 = AXIS2_PLACEMENT_3D('',#6135,#6136,#6137);
#6135 = CARTESIAN_POINT('',(87.73,-63.43,1.51));
#6136 = DIRECTION('',(-0.,0.,-1.));
#6137 = DIRECTION('',(-0.,-1.,0.));
#6138 = FACE_BOUND('',#6139,.T.);
#6139 = EDGE_LOOP('',(#6140));
#6140 = ORIENTED_EDGE('',*,*,#6141,.T.);
#6141 = EDGE_CURVE('',#6142,#6142,#6144,.T.);
#6142 = VERTEX_POINT('',#6143);
#6143 = CARTESIAN_POINT('',(77.57,-61.39,1.51));
#6144 = CIRCLE('',#6145,0.5);
#6145 = AXIS2_PLACEMENT_3D('',#6146,#6147,#6148);
#6146 = CARTESIAN_POINT('',(77.57,-60.89,1.51));
#6147 = DIRECTION('',(-0.,0.,-1.));
#6148 = DIRECTION('',(-0.,-1.,0.));
#6149 = FACE_BOUND('',#6150,.T.);
#6150 = EDGE_LOOP('',(#6151));
#6151 = ORIENTED_EDGE('',*,*,#6152,.T.);
#6152 = EDGE_CURVE('',#6153,#6153,#6155,.T.);
#6153 = VERTEX_POINT('',#6154);
#6154 = CARTESIAN_POINT('',(80.11,-61.39,1.51));
#6155 = CIRCLE('',#6156,0.5);
#6156 = AXIS2_PLACEMENT_3D('',#6157,#6158,#6159);
#6157 = CARTESIAN_POINT('',(80.11,-60.89,1.51));
#6158 = DIRECTION('',(-0.,0.,-1.));
#6159 = DIRECTION('',(-0.,-1.,0.));
#6160 = FACE_BOUND('',#6161,.T.);
#6161 = EDGE_LOOP('',(#6162));
#6162 = ORIENTED_EDGE('',*,*,#6163,.T.);
#6163 = EDGE_CURVE('',#6164,#6164,#6166,.T.);
#6164 = VERTEX_POINT('',#6165);
#6165 = CARTESIAN_POINT('',(82.65,-61.39,1.51));
#6166 = CIRCLE('',#6167,0.5);
#6167 = AXIS2_PLACEMENT_3D('',#6168,#6169,#6170);
#6168 = CARTESIAN_POINT('',(82.65,-60.89,1.51));
#6169 = DIRECTION('',(-0.,0.,-1.));
#6170 = DIRECTION('',(-0.,-1.,0.));
#6171 = FACE_BOUND('',#6172,.T.);
#6172 = EDGE_LOOP('',(#6173));
#6173 = ORIENTED_EDGE('',*,*,#6174,.T.);
#6174 = EDGE_CURVE('',#6175,#6175,#6177,.T.);
#6175 = VERTEX_POINT('',#6176);
#6176 = CARTESIAN_POINT('',(85.19,-61.39,1.51));
#6177 = CIRCLE('',#6178,0.5);
#6178 = AXIS2_PLACEMENT_3D('',#6179,#6180,#6181);
#6179 = CARTESIAN_POINT('',(85.19,-60.89,1.51));
#6180 = DIRECTION('',(-0.,0.,-1.));
#6181 = DIRECTION('',(-0.,-1.,0.));
#6182 = FACE_BOUND('',#6183,.T.);
#6183 = EDGE_LOOP('',(#6184));
#6184 = ORIENTED_EDGE('',*,*,#6185,.T.);
#6185 = EDGE_CURVE('',#6186,#6186,#6188,.T.);
#6186 = VERTEX_POINT('',#6187);
#6187 = CARTESIAN_POINT('',(87.73,-61.39,1.51));
#6188 = CIRCLE('',#6189,0.5);
#6189 = AXIS2_PLACEMENT_3D('',#6190,#6191,#6192);
#6190 = CARTESIAN_POINT('',(87.73,-60.89,1.51));
#6191 = DIRECTION('',(-0.,0.,-1.));
#6192 = DIRECTION('',(-0.,-1.,0.));
#6193 = FACE_BOUND('',#6194,.T.);
#6194 = EDGE_LOOP('',(#6195));
#6195 = ORIENTED_EDGE('',*,*,#6196,.T.);
#6196 = EDGE_CURVE('',#6197,#6197,#6199,.T.);
#6197 = VERTEX_POINT('',#6198);
#6198 = CARTESIAN_POINT('',(110.,-94.425,1.51));
#6199 = CIRCLE('',#6200,0.3);
#6200 = AXIS2_PLACEMENT_3D('',#6201,#6202,#6203);
#6201 = CARTESIAN_POINT('',(110.,-94.125,1.51));
#6202 = DIRECTION('',(-0.,0.,-1.));
#6203 = DIRECTION('',(-0.,-1.,0.));
#6204 = FACE_BOUND('',#6205,.T.);
#6205 = EDGE_LOOP('',(#6206));
#6206 = ORIENTED_EDGE('',*,*,#6207,.T.);
#6207 = EDGE_CURVE('',#6208,#6208,#6210,.T.);
#6208 = VERTEX_POINT('',#6209);
#6209 = CARTESIAN_POINT('',(110.,-93.175,1.51));
#6210 = CIRCLE('',#6211,0.3);
#6211 = AXIS2_PLACEMENT_3D('',#6212,#6213,#6214);
#6212 = CARTESIAN_POINT('',(110.,-92.875,1.51));
#6213 = DIRECTION('',(-0.,0.,-1.));
#6214 = DIRECTION('',(-0.,-1.,0.));
#6215 = FACE_BOUND('',#6216,.T.);
#6216 = EDGE_LOOP('',(#6217));
#6217 = ORIENTED_EDGE('',*,*,#6218,.T.);
#6218 = EDGE_CURVE('',#6219,#6219,#6221,.T.);
#6219 = VERTEX_POINT('',#6220);
#6220 = CARTESIAN_POINT('',(110.,-91.925,1.51));
#6221 = CIRCLE('',#6222,0.3);
#6222 = AXIS2_PLACEMENT_3D('',#6223,#6224,#6225);
#6223 = CARTESIAN_POINT('',(110.,-91.625,1.51));
#6224 = DIRECTION('',(-0.,0.,-1.));
#6225 = DIRECTION('',(-0.,-1.,0.));
#6226 = FACE_BOUND('',#6227,.T.);
#6227 = EDGE_LOOP('',(#6228));
#6228 = ORIENTED_EDGE('',*,*,#6229,.T.);
#6229 = EDGE_CURVE('',#6230,#6230,#6232,.T.);
#6230 = VERTEX_POINT('',#6231);
#6231 = CARTESIAN_POINT('',(110.,-90.675,1.51));
#6232 = CIRCLE('',#6233,0.3);
#6233 = AXIS2_PLACEMENT_3D('',#6234,#6235,#6236);
#6234 = CARTESIAN_POINT('',(110.,-90.375,1.51));
#6235 = DIRECTION('',(-0.,0.,-1.));
#6236 = DIRECTION('',(-0.,-1.,0.));
#6237 = FACE_BOUND('',#6238,.T.);
#6238 = EDGE_LOOP('',(#6239));
#6239 = ORIENTED_EDGE('',*,*,#6240,.T.);
#6240 = EDGE_CURVE('',#6241,#6241,#6243,.T.);
#6241 = VERTEX_POINT('',#6242);
#6242 = CARTESIAN_POINT('',(110.,-89.425,1.51));
#6243 = CIRCLE('',#6244,0.3);
#6244 = AXIS2_PLACEMENT_3D('',#6245,#6246,#6247);
#6245 = CARTESIAN_POINT('',(110.,-89.125,1.51));
#6246 = DIRECTION('',(-0.,0.,-1.));
#6247 = DIRECTION('',(-0.,-1.,0.));
#6248 = FACE_BOUND('',#6249,.T.);
#6249 = EDGE_LOOP('',(#6250));
#6250 = ORIENTED_EDGE('',*,*,#6251,.T.);
#6251 = EDGE_CURVE('',#6252,#6252,#6254,.T.);
#6252 = VERTEX_POINT('',#6253);
#6253 = CARTESIAN_POINT('',(110.,-88.175,1.51));
#6254 = CIRCLE('',#6255,0.3);
#6255 = AXIS2_PLACEMENT_3D('',#6256,#6257,#6258);
#6256 = CARTESIAN_POINT('',(110.,-87.875,1.51));
#6257 = DIRECTION('',(-0.,0.,-1.));
#6258 = DIRECTION('',(-0.,-1.,0.));
#6259 = FACE_BOUND('',#6260,.T.);
#6260 = EDGE_LOOP('',(#6261));
#6261 = ORIENTED_EDGE('',*,*,#6262,.T.);
#6262 = EDGE_CURVE('',#6263,#6263,#6265,.T.);
#6263 = VERTEX_POINT('',#6264);
#6264 = CARTESIAN_POINT('',(110.,-86.925,1.51));
#6265 = CIRCLE('',#6266,0.3);
#6266 = AXIS2_PLACEMENT_3D('',#6267,#6268,#6269);
#6267 = CARTESIAN_POINT('',(110.,-86.625,1.51));
#6268 = DIRECTION('',(-0.,0.,-1.));
#6269 = DIRECTION('',(-0.,-1.,0.));
#6270 = FACE_BOUND('',#6271,.T.);
#6271 = EDGE_LOOP('',(#6272));
#6272 = ORIENTED_EDGE('',*,*,#6273,.T.);
#6273 = EDGE_CURVE('',#6274,#6274,#6276,.T.);
#6274 = VERTEX_POINT('',#6275);
#6275 = CARTESIAN_POINT('',(110.,-85.675,1.51));
#6276 = CIRCLE('',#6277,0.3);
#6277 = AXIS2_PLACEMENT_3D('',#6278,#6279,#6280);
#6278 = CARTESIAN_POINT('',(110.,-85.375,1.51));
#6279 = DIRECTION('',(-0.,0.,-1.));
#6280 = DIRECTION('',(-0.,-1.,0.));
#6281 = FACE_BOUND('',#6282,.T.);
#6282 = EDGE_LOOP('',(#6283));
#6283 = ORIENTED_EDGE('',*,*,#6284,.T.);
#6284 = EDGE_CURVE('',#6285,#6285,#6287,.T.);
#6285 = VERTEX_POINT('',#6286);
#6286 = CARTESIAN_POINT('',(110.,-84.425,1.51));
#6287 = CIRCLE('',#6288,0.3);
#6288 = AXIS2_PLACEMENT_3D('',#6289,#6290,#6291);
#6289 = CARTESIAN_POINT('',(110.,-84.125,1.51));
#6290 = DIRECTION('',(-0.,0.,-1.));
#6291 = DIRECTION('',(-0.,-1.,0.));
#6292 = FACE_BOUND('',#6293,.T.);
#6293 = EDGE_LOOP('',(#6294));
#6294 = ORIENTED_EDGE('',*,*,#6295,.T.);
#6295 = EDGE_CURVE('',#6296,#6296,#6298,.T.);
#6296 = VERTEX_POINT('',#6297);
#6297 = CARTESIAN_POINT('',(110.,-83.175,1.51));
#6298 = CIRCLE('',#6299,0.3);
#6299 = AXIS2_PLACEMENT_3D('',#6300,#6301,#6302);
#6300 = CARTESIAN_POINT('',(110.,-82.875,1.51));
#6301 = DIRECTION('',(-0.,0.,-1.));
#6302 = DIRECTION('',(-0.,-1.,0.));
#6303 = FACE_BOUND('',#6304,.T.);
#6304 = EDGE_LOOP('',(#6305));
#6305 = ORIENTED_EDGE('',*,*,#6306,.T.);
#6306 = EDGE_CURVE('',#6307,#6307,#6309,.T.);
#6307 = VERTEX_POINT('',#6308);
#6308 = CARTESIAN_POINT('',(110.,-81.925,1.51));
#6309 = CIRCLE('',#6310,0.3);
#6310 = AXIS2_PLACEMENT_3D('',#6311,#6312,#6313);
#6311 = CARTESIAN_POINT('',(110.,-81.625,1.51));
#6312 = DIRECTION('',(-0.,0.,-1.));
#6313 = DIRECTION('',(-0.,-1.,0.));
#6314 = FACE_BOUND('',#6315,.T.);
#6315 = EDGE_LOOP('',(#6316));
#6316 = ORIENTED_EDGE('',*,*,#6317,.T.);
#6317 = EDGE_CURVE('',#6318,#6318,#6320,.T.);
#6318 = VERTEX_POINT('',#6319);
#6319 = CARTESIAN_POINT('',(110.,-80.675,1.51));
#6320 = CIRCLE('',#6321,0.3);
#6321 = AXIS2_PLACEMENT_3D('',#6322,#6323,#6324);
#6322 = CARTESIAN_POINT('',(110.,-80.375,1.51));
#6323 = DIRECTION('',(-0.,0.,-1.));
#6324 = DIRECTION('',(-0.,-1.,0.));
#6325 = FACE_BOUND('',#6326,.T.);
#6326 = EDGE_LOOP('',(#6327));
#6327 = ORIENTED_EDGE('',*,*,#6328,.T.);
#6328 = EDGE_CURVE('',#6329,#6329,#6331,.T.);
#6329 = VERTEX_POINT('',#6330);
#6330 = CARTESIAN_POINT('',(110.,-79.425,1.51));
#6331 = CIRCLE('',#6332,0.3);
#6332 = AXIS2_PLACEMENT_3D('',#6333,#6334,#6335);
#6333 = CARTESIAN_POINT('',(110.,-79.125,1.51));
#6334 = DIRECTION('',(-0.,0.,-1.));
#6335 = DIRECTION('',(-0.,-1.,0.));
#6336 = FACE_BOUND('',#6337,.T.);
#6337 = EDGE_LOOP('',(#6338));
#6338 = ORIENTED_EDGE('',*,*,#6339,.T.);
#6339 = EDGE_CURVE('',#6340,#6340,#6342,.T.);
#6340 = VERTEX_POINT('',#6341);
#6341 = CARTESIAN_POINT('',(110.,-78.175,1.51));
#6342 = CIRCLE('',#6343,0.3);
#6343 = AXIS2_PLACEMENT_3D('',#6344,#6345,#6346);
#6344 = CARTESIAN_POINT('',(110.,-77.875,1.51));
#6345 = DIRECTION('',(-0.,0.,-1.));
#6346 = DIRECTION('',(-0.,-1.,0.));
#6347 = FACE_BOUND('',#6348,.T.);
#6348 = EDGE_LOOP('',(#6349));
#6349 = ORIENTED_EDGE('',*,*,#6350,.T.);
#6350 = EDGE_CURVE('',#6351,#6351,#6353,.T.);
#6351 = VERTEX_POINT('',#6352);
#6352 = CARTESIAN_POINT('',(154.,-93.35,1.51));
#6353 = CIRCLE('',#6354,1.35);
#6354 = AXIS2_PLACEMENT_3D('',#6355,#6356,#6357);
#6355 = CARTESIAN_POINT('',(154.,-92.,1.51));
#6356 = DIRECTION('',(-0.,0.,-1.));
#6357 = DIRECTION('',(-0.,-1.,0.));
#6358 = FACE_BOUND('',#6359,.T.);
#6359 = EDGE_LOOP('',(#6360));
#6360 = ORIENTED_EDGE('',*,*,#6361,.T.);
#6361 = EDGE_CURVE('',#6362,#6362,#6364,.T.);
#6362 = VERTEX_POINT('',#6363);
#6363 = CARTESIAN_POINT('',(90.269999,-63.93,1.51));
#6364 = CIRCLE('',#6365,0.5);
#6365 = AXIS2_PLACEMENT_3D('',#6366,#6367,#6368);
#6366 = CARTESIAN_POINT('',(90.269999,-63.43,1.51));
#6367 = DIRECTION('',(-0.,0.,-1.));
#6368 = DIRECTION('',(-0.,-1.,0.));
#6369 = FACE_BOUND('',#6370,.T.);
#6370 = EDGE_LOOP('',(#6371));
#6371 = ORIENTED_EDGE('',*,*,#6372,.T.);
#6372 = EDGE_CURVE('',#6373,#6373,#6375,.T.);
#6373 = VERTEX_POINT('',#6374);
#6374 = CARTESIAN_POINT('',(92.809999,-63.93,1.51));
#6375 = CIRCLE('',#6376,0.5);
#6376 = AXIS2_PLACEMENT_3D('',#6377,#6378,#6379);
#6377 = CARTESIAN_POINT('',(92.809999,-63.43,1.51));
#6378 = DIRECTION('',(-0.,0.,-1.));
#6379 = DIRECTION('',(-0.,-1.,0.));
#6380 = FACE_BOUND('',#6381,.T.);
#6381 = EDGE_LOOP('',(#6382));
#6382 = ORIENTED_EDGE('',*,*,#6383,.T.);
#6383 = EDGE_CURVE('',#6384,#6384,#6386,.T.);
#6384 = VERTEX_POINT('',#6385);
#6385 = CARTESIAN_POINT('',(95.35,-63.93,1.51));
#6386 = CIRCLE('',#6387,0.5);
#6387 = AXIS2_PLACEMENT_3D('',#6388,#6389,#6390);
#6388 = CARTESIAN_POINT('',(95.35,-63.43,1.51));
#6389 = DIRECTION('',(-0.,0.,-1.));
#6390 = DIRECTION('',(-0.,-1.,0.));
#6391 = FACE_BOUND('',#6392,.T.);
#6392 = EDGE_LOOP('',(#6393));
#6393 = ORIENTED_EDGE('',*,*,#6394,.T.);
#6394 = EDGE_CURVE('',#6395,#6395,#6397,.T.);
#6395 = VERTEX_POINT('',#6396);
#6396 = CARTESIAN_POINT('',(97.89,-63.93,1.51));
#6397 = CIRCLE('',#6398,0.5);
#6398 = AXIS2_PLACEMENT_3D('',#6399,#6400,#6401);
#6399 = CARTESIAN_POINT('',(97.89,-63.43,1.51));
#6400 = DIRECTION('',(-0.,0.,-1.));
#6401 = DIRECTION('',(-0.,-1.,0.));
#6402 = FACE_BOUND('',#6403,.T.);
#6403 = EDGE_LOOP('',(#6404));
#6404 = ORIENTED_EDGE('',*,*,#6405,.T.);
#6405 = EDGE_CURVE('',#6406,#6406,#6408,.T.);
#6406 = VERTEX_POINT('',#6407);
#6407 = CARTESIAN_POINT('',(100.43,-63.93,1.51));
#6408 = CIRCLE('',#6409,0.5);
#6409 = AXIS2_PLACEMENT_3D('',#6410,#6411,#6412);
#6410 = CARTESIAN_POINT('',(100.43,-63.43,1.51));
#6411 = DIRECTION('',(-0.,0.,-1.));
#6412 = DIRECTION('',(-0.,-1.,0.));
#6413 = FACE_BOUND('',#6414,.T.);
#6414 = EDGE_LOOP('',(#6415));
#6415 = ORIENTED_EDGE('',*,*,#6416,.T.);
#6416 = EDGE_CURVE('',#6417,#6417,#6419,.T.);
#6417 = VERTEX_POINT('',#6418);
#6418 = CARTESIAN_POINT('',(90.269999,-61.39,1.51));
#6419 = CIRCLE('',#6420,0.5);
#6420 = AXIS2_PLACEMENT_3D('',#6421,#6422,#6423);
#6421 = CARTESIAN_POINT('',(90.269999,-60.89,1.51));
#6422 = DIRECTION('',(-0.,0.,-1.));
#6423 = DIRECTION('',(-0.,-1.,0.));
#6424 = FACE_BOUND('',#6425,.T.);
#6425 = EDGE_LOOP('',(#6426));
#6426 = ORIENTED_EDGE('',*,*,#6427,.T.);
#6427 = EDGE_CURVE('',#6428,#6428,#6430,.T.);
#6428 = VERTEX_POINT('',#6429);
#6429 = CARTESIAN_POINT('',(92.809999,-61.39,1.51));
#6430 = CIRCLE('',#6431,0.5);
#6431 = AXIS2_PLACEMENT_3D('',#6432,#6433,#6434);
#6432 = CARTESIAN_POINT('',(92.809999,-60.89,1.51));
#6433 = DIRECTION('',(-0.,0.,-1.));
#6434 = DIRECTION('',(-0.,-1.,0.));
#6435 = FACE_BOUND('',#6436,.T.);
#6436 = EDGE_LOOP('',(#6437));
#6437 = ORIENTED_EDGE('',*,*,#6438,.T.);
#6438 = EDGE_CURVE('',#6439,#6439,#6441,.T.);
#6439 = VERTEX_POINT('',#6440);
#6440 = CARTESIAN_POINT('',(95.35,-61.39,1.51));
#6441 = CIRCLE('',#6442,0.5);
#6442 = AXIS2_PLACEMENT_3D('',#6443,#6444,#6445);
#6443 = CARTESIAN_POINT('',(95.35,-60.89,1.51));
#6444 = DIRECTION('',(-0.,0.,-1.));
#6445 = DIRECTION('',(-0.,-1.,0.));
#6446 = FACE_BOUND('',#6447,.T.);
#6447 = EDGE_LOOP('',(#6448));
#6448 = ORIENTED_EDGE('',*,*,#6449,.T.);
#6449 = EDGE_CURVE('',#6450,#6450,#6452,.T.);
#6450 = VERTEX_POINT('',#6451);
#6451 = CARTESIAN_POINT('',(97.89,-61.39,1.51));
#6452 = CIRCLE('',#6453,0.5);
#6453 = AXIS2_PLACEMENT_3D('',#6454,#6455,#6456);
#6454 = CARTESIAN_POINT('',(97.89,-60.89,1.51));
#6455 = DIRECTION('',(-0.,0.,-1.));
#6456 = DIRECTION('',(-0.,-1.,0.));
#6457 = FACE_BOUND('',#6458,.T.);
#6458 = EDGE_LOOP('',(#6459));
#6459 = ORIENTED_EDGE('',*,*,#6460,.T.);
#6460 = EDGE_CURVE('',#6461,#6461,#6463,.T.);
#6461 = VERTEX_POINT('',#6462);
#6462 = CARTESIAN_POINT('',(100.43,-61.39,1.51));
#6463 = CIRCLE('',#6464,0.5);
#6464 = AXIS2_PLACEMENT_3D('',#6465,#6466,#6467);
#6465 = CARTESIAN_POINT('',(100.43,-60.89,1.51));
#6466 = DIRECTION('',(-0.,0.,-1.));
#6467 = DIRECTION('',(-0.,-1.,0.));
#6468 = FACE_BOUND('',#6469,.T.);
#6469 = EDGE_LOOP('',(#6470));
#6470 = ORIENTED_EDGE('',*,*,#6471,.T.);
#6471 = EDGE_CURVE('',#6472,#6472,#6474,.T.);
#6472 = VERTEX_POINT('',#6473);
#6473 = CARTESIAN_POINT('',(77.57,-58.85,1.51));
#6474 = CIRCLE('',#6475,0.5);
#6475 = AXIS2_PLACEMENT_3D('',#6476,#6477,#6478);
#6476 = CARTESIAN_POINT('',(77.57,-58.35,1.51));
#6477 = DIRECTION('',(-0.,0.,-1.));
#6478 = DIRECTION('',(-0.,-1.,0.));
#6479 = FACE_BOUND('',#6480,.T.);
#6480 = EDGE_LOOP('',(#6481));
#6481 = ORIENTED_EDGE('',*,*,#6482,.T.);
#6482 = EDGE_CURVE('',#6483,#6483,#6485,.T.);
#6483 = VERTEX_POINT('',#6484);
#6484 = CARTESIAN_POINT('',(80.11,-58.85,1.51));
#6485 = CIRCLE('',#6486,0.5);
#6486 = AXIS2_PLACEMENT_3D('',#6487,#6488,#6489);
#6487 = CARTESIAN_POINT('',(80.11,-58.35,1.51));
#6488 = DIRECTION('',(-0.,0.,-1.));
#6489 = DIRECTION('',(-0.,-1.,0.));
#6490 = FACE_BOUND('',#6491,.T.);
#6491 = EDGE_LOOP('',(#6492));
#6492 = ORIENTED_EDGE('',*,*,#6493,.T.);
#6493 = EDGE_CURVE('',#6494,#6494,#6496,.T.);
#6494 = VERTEX_POINT('',#6495);
#6495 = CARTESIAN_POINT('',(77.57,-56.309999,1.51));
#6496 = CIRCLE('',#6497,0.5);
#6497 = AXIS2_PLACEMENT_3D('',#6498,#6499,#6500);
#6498 = CARTESIAN_POINT('',(77.57,-55.809999,1.51));
#6499 = DIRECTION('',(-0.,0.,-1.));
#6500 = DIRECTION('',(-0.,-1.,0.));
#6501 = FACE_BOUND('',#6502,.T.);
#6502 = EDGE_LOOP('',(#6503));
#6503 = ORIENTED_EDGE('',*,*,#6504,.T.);
#6504 = EDGE_CURVE('',#6505,#6505,#6507,.T.);
#6505 = VERTEX_POINT('',#6506);
#6506 = CARTESIAN_POINT('',(80.11,-56.309999,1.51));
#6507 = CIRCLE('',#6508,0.5);
#6508 = AXIS2_PLACEMENT_3D('',#6509,#6510,#6511);
#6509 = CARTESIAN_POINT('',(80.11,-55.809999,1.51));
#6510 = DIRECTION('',(-0.,0.,-1.));
#6511 = DIRECTION('',(-0.,-1.,0.));
#6512 = FACE_BOUND('',#6513,.T.);
#6513 = EDGE_LOOP('',(#6514));
#6514 = ORIENTED_EDGE('',*,*,#6515,.T.);
#6515 = EDGE_CURVE('',#6516,#6516,#6518,.T.);
#6516 = VERTEX_POINT('',#6517);
#6517 = CARTESIAN_POINT('',(77.57,-53.769999,1.51));
#6518 = CIRCLE('',#6519,0.5);
#6519 = AXIS2_PLACEMENT_3D('',#6520,#6521,#6522);
#6520 = CARTESIAN_POINT('',(77.57,-53.269999,1.51));
#6521 = DIRECTION('',(-0.,0.,-1.));
#6522 = DIRECTION('',(-0.,-1.,0.));
#6523 = FACE_BOUND('',#6524,.T.);
#6524 = EDGE_LOOP('',(#6525));
#6525 = ORIENTED_EDGE('',*,*,#6526,.T.);
#6526 = EDGE_CURVE('',#6527,#6527,#6529,.T.);
#6527 = VERTEX_POINT('',#6528);
#6528 = CARTESIAN_POINT('',(80.11,-53.769999,1.51));
#6529 = CIRCLE('',#6530,0.5);
#6530 = AXIS2_PLACEMENT_3D('',#6531,#6532,#6533);
#6531 = CARTESIAN_POINT('',(80.11,-53.269999,1.51));
#6532 = DIRECTION('',(-0.,0.,-1.));
#6533 = DIRECTION('',(-0.,-1.,0.));
#6534 = FACE_BOUND('',#6535,.T.);
#6535 = EDGE_LOOP('',(#6536));
#6536 = ORIENTED_EDGE('',*,*,#6537,.T.);
#6537 = EDGE_CURVE('',#6538,#6538,#6540,.T.);
#6538 = VERTEX_POINT('',#6539);
#6539 = CARTESIAN_POINT('',(77.57,-51.23,1.51));
#6540 = CIRCLE('',#6541,0.5);
#6541 = AXIS2_PLACEMENT_3D('',#6542,#6543,#6544);
#6542 = CARTESIAN_POINT('',(77.57,-50.73,1.51));
#6543 = DIRECTION('',(-0.,0.,-1.));
#6544 = DIRECTION('',(-0.,-1.,0.));
#6545 = FACE_BOUND('',#6546,.T.);
#6546 = EDGE_LOOP('',(#6547));
#6547 = ORIENTED_EDGE('',*,*,#6548,.T.);
#6548 = EDGE_CURVE('',#6549,#6549,#6551,.T.);
#6549 = VERTEX_POINT('',#6550);
#6550 = CARTESIAN_POINT('',(80.11,-51.23,1.51));
#6551 = CIRCLE('',#6552,0.5);
#6552 = AXIS2_PLACEMENT_3D('',#6553,#6554,#6555);
#6553 = CARTESIAN_POINT('',(80.11,-50.73,1.51));
#6554 = DIRECTION('',(-0.,0.,-1.));
#6555 = DIRECTION('',(-0.,-1.,0.));
#6556 = FACE_BOUND('',#6557,.T.);
#6557 = EDGE_LOOP('',(#6558));
#6558 = ORIENTED_EDGE('',*,*,#6559,.T.);
#6559 = EDGE_CURVE('',#6560,#6560,#6562,.T.);
#6560 = VERTEX_POINT('',#6561);
#6561 = CARTESIAN_POINT('',(77.57,-48.69,1.51));
#6562 = CIRCLE('',#6563,0.5);
#6563 = AXIS2_PLACEMENT_3D('',#6564,#6565,#6566);
#6564 = CARTESIAN_POINT('',(77.57,-48.19,1.51));
#6565 = DIRECTION('',(-0.,0.,-1.));
#6566 = DIRECTION('',(-0.,-1.,0.));
#6567 = FACE_BOUND('',#6568,.T.);
#6568 = EDGE_LOOP('',(#6569));
#6569 = ORIENTED_EDGE('',*,*,#6570,.T.);
#6570 = EDGE_CURVE('',#6571,#6571,#6573,.T.);
#6571 = VERTEX_POINT('',#6572);
#6572 = CARTESIAN_POINT('',(80.11,-48.69,1.51));
#6573 = CIRCLE('',#6574,0.5);
#6574 = AXIS2_PLACEMENT_3D('',#6575,#6576,#6577);
#6575 = CARTESIAN_POINT('',(80.11,-48.19,1.51));
#6576 = DIRECTION('',(-0.,0.,-1.));
#6577 = DIRECTION('',(-0.,-1.,0.));
#6578 = FACE_BOUND('',#6579,.T.);
#6579 = EDGE_LOOP('',(#6580));
#6580 = ORIENTED_EDGE('',*,*,#6581,.T.);
#6581 = EDGE_CURVE('',#6582,#6582,#6584,.T.);
#6582 = VERTEX_POINT('',#6583);
#6583 = CARTESIAN_POINT('',(77.57,-46.15,1.51));
#6584 = CIRCLE('',#6585,0.5);
#6585 = AXIS2_PLACEMENT_3D('',#6586,#6587,#6588);
#6586 = CARTESIAN_POINT('',(77.57,-45.65,1.51));
#6587 = DIRECTION('',(-0.,0.,-1.));
#6588 = DIRECTION('',(-0.,-1.,0.));
#6589 = FACE_BOUND('',#6590,.T.);
#6590 = EDGE_LOOP('',(#6591));
#6591 = ORIENTED_EDGE('',*,*,#6592,.T.);
#6592 = EDGE_CURVE('',#6593,#6593,#6595,.T.);
#6593 = VERTEX_POINT('',#6594);
#6594 = CARTESIAN_POINT('',(80.11,-46.15,1.51));
#6595 = CIRCLE('',#6596,0.5);
#6596 = AXIS2_PLACEMENT_3D('',#6597,#6598,#6599);
#6597 = CARTESIAN_POINT('',(80.11,-45.65,1.51));
#6598 = DIRECTION('',(-0.,0.,-1.));
#6599 = DIRECTION('',(-0.,-1.,0.));
#6600 = FACE_BOUND('',#6601,.T.);
#6601 = EDGE_LOOP('',(#6602));
#6602 = ORIENTED_EDGE('',*,*,#6603,.T.);
#6603 = EDGE_CURVE('',#6604,#6604,#6606,.T.);
#6604 = VERTEX_POINT('',#6605);
#6605 = CARTESIAN_POINT('',(77.57,-43.61,1.51));
#6606 = CIRCLE('',#6607,0.5);
#6607 = AXIS2_PLACEMENT_3D('',#6608,#6609,#6610);
#6608 = CARTESIAN_POINT('',(77.57,-43.11,1.51));
#6609 = DIRECTION('',(-0.,0.,-1.));
#6610 = DIRECTION('',(-0.,-1.,0.));
#6611 = FACE_BOUND('',#6612,.T.);
#6612 = EDGE_LOOP('',(#6613));
#6613 = ORIENTED_EDGE('',*,*,#6614,.T.);
#6614 = EDGE_CURVE('',#6615,#6615,#6617,.T.);
#6615 = VERTEX_POINT('',#6616);
#6616 = CARTESIAN_POINT('',(80.11,-43.61,1.51));
#6617 = CIRCLE('',#6618,0.5);
#6618 = AXIS2_PLACEMENT_3D('',#6619,#6620,#6621);
#6619 = CARTESIAN_POINT('',(80.11,-43.11,1.51));
#6620 = DIRECTION('',(-0.,0.,-1.));
#6621 = DIRECTION('',(-0.,-1.,0.));
#6622 = FACE_BOUND('',#6623,.T.);
#6623 = EDGE_LOOP('',(#6624));
#6624 = ORIENTED_EDGE('',*,*,#6625,.T.);
#6625 = EDGE_CURVE('',#6626,#6626,#6628,.T.);
#6626 = VERTEX_POINT('',#6627);
#6627 = CARTESIAN_POINT('',(82.65,-43.61,1.51));
#6628 = CIRCLE('',#6629,0.5);
#6629 = AXIS2_PLACEMENT_3D('',#6630,#6631,#6632);
#6630 = CARTESIAN_POINT('',(82.65,-43.11,1.51));
#6631 = DIRECTION('',(-0.,0.,-1.));
#6632 = DIRECTION('',(-0.,-1.,0.));
#6633 = FACE_BOUND('',#6634,.T.);
#6634 = EDGE_LOOP('',(#6635));
#6635 = ORIENTED_EDGE('',*,*,#6636,.T.);
#6636 = EDGE_CURVE('',#6637,#6637,#6639,.T.);
#6637 = VERTEX_POINT('',#6638);
#6638 = CARTESIAN_POINT('',(85.190001,-43.61,1.51));
#6639 = CIRCLE('',#6640,0.5);
#6640 = AXIS2_PLACEMENT_3D('',#6641,#6642,#6643);
#6641 = CARTESIAN_POINT('',(85.190001,-43.11,1.51));
#6642 = DIRECTION('',(-0.,0.,-1.));
#6643 = DIRECTION('',(-0.,-1.,0.));
#6644 = FACE_BOUND('',#6645,.T.);
#6645 = EDGE_LOOP('',(#6646));
#6646 = ORIENTED_EDGE('',*,*,#6647,.T.);
#6647 = EDGE_CURVE('',#6648,#6648,#6650,.T.);
#6648 = VERTEX_POINT('',#6649);
#6649 = CARTESIAN_POINT('',(87.730001,-43.61,1.51));
#6650 = CIRCLE('',#6651,0.5);
#6651 = AXIS2_PLACEMENT_3D('',#6652,#6653,#6654);
#6652 = CARTESIAN_POINT('',(87.730001,-43.11,1.51));
#6653 = DIRECTION('',(-0.,0.,-1.));
#6654 = DIRECTION('',(-0.,-1.,0.));
#6655 = FACE_BOUND('',#6656,.T.);
#6656 = EDGE_LOOP('',(#6657));
#6657 = ORIENTED_EDGE('',*,*,#6658,.T.);
#6658 = EDGE_CURVE('',#6659,#6659,#6661,.T.);
#6659 = VERTEX_POINT('',#6660);
#6660 = CARTESIAN_POINT('',(24.,-25.35,1.51));
#6661 = CIRCLE('',#6662,1.35);
#6662 = AXIS2_PLACEMENT_3D('',#6663,#6664,#6665);
#6663 = CARTESIAN_POINT('',(24.,-24.,1.51));
#6664 = DIRECTION('',(-0.,0.,-1.));
#6665 = DIRECTION('',(-0.,-1.,0.));
#6666 = FACE_BOUND('',#6667,.T.);
#6667 = EDGE_LOOP('',(#6668));
#6668 = ORIENTED_EDGE('',*,*,#6669,.T.);
#6669 = EDGE_CURVE('',#6670,#6670,#6672,.T.);
#6670 = VERTEX_POINT('',#6671);
#6671 = CARTESIAN_POINT('',(77.57,-41.07,1.51));
#6672 = CIRCLE('',#6673,0.5);
#6673 = AXIS2_PLACEMENT_3D('',#6674,#6675,#6676);
#6674 = CARTESIAN_POINT('',(77.57,-40.57,1.51));
#6675 = DIRECTION('',(-0.,0.,-1.));
#6676 = DIRECTION('',(-0.,-1.,0.));
#6677 = FACE_BOUND('',#6678,.T.);
#6678 = EDGE_LOOP('',(#6679));
#6679 = ORIENTED_EDGE('',*,*,#6680,.T.);
#6680 = EDGE_CURVE('',#6681,#6681,#6683,.T.);
#6681 = VERTEX_POINT('',#6682);
#6682 = CARTESIAN_POINT('',(80.11,-41.07,1.51));
#6683 = CIRCLE('',#6684,0.5);
#6684 = AXIS2_PLACEMENT_3D('',#6685,#6686,#6687);
#6685 = CARTESIAN_POINT('',(80.11,-40.57,1.51));
#6686 = DIRECTION('',(-0.,0.,-1.));
#6687 = DIRECTION('',(-0.,-1.,0.));
#6688 = FACE_BOUND('',#6689,.T.);
#6689 = EDGE_LOOP('',(#6690));
#6690 = ORIENTED_EDGE('',*,*,#6691,.T.);
#6691 = EDGE_CURVE('',#6692,#6692,#6694,.T.);
#6692 = VERTEX_POINT('',#6693);
#6693 = CARTESIAN_POINT('',(82.65,-41.07,1.51));
#6694 = CIRCLE('',#6695,0.5);
#6695 = AXIS2_PLACEMENT_3D('',#6696,#6697,#6698);
#6696 = CARTESIAN_POINT('',(82.65,-40.57,1.51));
#6697 = DIRECTION('',(-0.,0.,-1.));
#6698 = DIRECTION('',(-0.,-1.,0.));
#6699 = FACE_BOUND('',#6700,.T.);
#6700 = EDGE_LOOP('',(#6701));
#6701 = ORIENTED_EDGE('',*,*,#6702,.T.);
#6702 = EDGE_CURVE('',#6703,#6703,#6705,.T.);
#6703 = VERTEX_POINT('',#6704);
#6704 = CARTESIAN_POINT('',(85.190001,-41.07,1.51));
#6705 = CIRCLE('',#6706,0.5);
#6706 = AXIS2_PLACEMENT_3D('',#6707,#6708,#6709);
#6707 = CARTESIAN_POINT('',(85.190001,-40.57,1.51));
#6708 = DIRECTION('',(-0.,0.,-1.));
#6709 = DIRECTION('',(-0.,-1.,0.));
#6710 = FACE_BOUND('',#6711,.T.);
#6711 = EDGE_LOOP('',(#6712));
#6712 = ORIENTED_EDGE('',*,*,#6713,.T.);
#6713 = EDGE_CURVE('',#6714,#6714,#6716,.T.);
#6714 = VERTEX_POINT('',#6715);
#6715 = CARTESIAN_POINT('',(87.730001,-41.07,1.51));
#6716 = CIRCLE('',#6717,0.5);
#6717 = AXIS2_PLACEMENT_3D('',#6718,#6719,#6720);
#6718 = CARTESIAN_POINT('',(87.730001,-40.57,1.51));
#6719 = DIRECTION('',(-0.,0.,-1.));
#6720 = DIRECTION('',(-0.,-1.,0.));
#6721 = FACE_BOUND('',#6722,.T.);
#6722 = EDGE_LOOP('',(#6723));
#6723 = ORIENTED_EDGE('',*,*,#6724,.T.);
#6724 = EDGE_CURVE('',#6725,#6725,#6727,.T.);
#6725 = VERTEX_POINT('',#6726);
#6726 = CARTESIAN_POINT('',(85.875,-23.3,1.51));
#6727 = CIRCLE('',#6728,0.3);
#6728 = AXIS2_PLACEMENT_3D('',#6729,#6730,#6731);
#6729 = CARTESIAN_POINT('',(85.875,-23.,1.51));
#6730 = DIRECTION('',(-0.,0.,-1.));
#6731 = DIRECTION('',(-0.,-1.,0.));
#6732 = FACE_BOUND('',#6733,.T.);
#6733 = EDGE_LOOP('',(#6734));
#6734 = ORIENTED_EDGE('',*,*,#6735,.T.);
#6735 = EDGE_CURVE('',#6736,#6736,#6738,.T.);
#6736 = VERTEX_POINT('',#6737);
#6737 = CARTESIAN_POINT('',(87.125,-23.3,1.51));
#6738 = CIRCLE('',#6739,0.3);
#6739 = AXIS2_PLACEMENT_3D('',#6740,#6741,#6742);
#6740 = CARTESIAN_POINT('',(87.125,-23.,1.51));
#6741 = DIRECTION('',(-0.,0.,-1.));
#6742 = DIRECTION('',(-0.,-1.,0.));
#6743 = FACE_BOUND('',#6744,.T.);
#6744 = EDGE_LOOP('',(#6745));
#6745 = ORIENTED_EDGE('',*,*,#6746,.T.);
#6746 = EDGE_CURVE('',#6747,#6747,#6749,.T.);
#6747 = VERTEX_POINT('',#6748);
#6748 = CARTESIAN_POINT('',(88.375,-23.3,1.51));
#6749 = CIRCLE('',#6750,0.3);
#6750 = AXIS2_PLACEMENT_3D('',#6751,#6752,#6753);
#6751 = CARTESIAN_POINT('',(88.375,-23.,1.51));
#6752 = DIRECTION('',(-0.,0.,-1.));
#6753 = DIRECTION('',(-0.,-1.,0.));
#6754 = FACE_BOUND('',#6755,.T.);
#6755 = EDGE_LOOP('',(#6756));
#6756 = ORIENTED_EDGE('',*,*,#6757,.T.);
#6757 = EDGE_CURVE('',#6758,#6758,#6760,.T.);
#6758 = VERTEX_POINT('',#6759);
#6759 = CARTESIAN_POINT('',(97.89,-58.85,1.51));
#6760 = CIRCLE('',#6761,0.5);
#6761 = AXIS2_PLACEMENT_3D('',#6762,#6763,#6764);
#6762 = CARTESIAN_POINT('',(97.89,-58.35,1.51));
#6763 = DIRECTION('',(-0.,0.,-1.));
#6764 = DIRECTION('',(-0.,-1.,0.));
#6765 = FACE_BOUND('',#6766,.T.);
#6766 = EDGE_LOOP('',(#6767));
#6767 = ORIENTED_EDGE('',*,*,#6768,.T.);
#6768 = EDGE_CURVE('',#6769,#6769,#6771,.T.);
#6769 = VERTEX_POINT('',#6770);
#6770 = CARTESIAN_POINT('',(100.43,-58.85,1.51));
#6771 = CIRCLE('',#6772,0.5);
#6772 = AXIS2_PLACEMENT_3D('',#6773,#6774,#6775);
#6773 = CARTESIAN_POINT('',(100.43,-58.35,1.51));
#6774 = DIRECTION('',(-0.,0.,-1.));
#6775 = DIRECTION('',(-0.,-1.,0.));
#6776 = FACE_BOUND('',#6777,.T.);
#6777 = EDGE_LOOP('',(#6778));
#6778 = ORIENTED_EDGE('',*,*,#6779,.T.);
#6779 = EDGE_CURVE('',#6780,#6780,#6782,.T.);
#6780 = VERTEX_POINT('',#6781);
#6781 = CARTESIAN_POINT('',(97.89,-56.31,1.51));
#6782 = CIRCLE('',#6783,0.5);
#6783 = AXIS2_PLACEMENT_3D('',#6784,#6785,#6786);
#6784 = CARTESIAN_POINT('',(97.89,-55.81,1.51));
#6785 = DIRECTION('',(-0.,0.,-1.));
#6786 = DIRECTION('',(-0.,-1.,0.));
#6787 = FACE_BOUND('',#6788,.T.);
#6788 = EDGE_LOOP('',(#6789));
#6789 = ORIENTED_EDGE('',*,*,#6790,.T.);
#6790 = EDGE_CURVE('',#6791,#6791,#6793,.T.);
#6791 = VERTEX_POINT('',#6792);
#6792 = CARTESIAN_POINT('',(100.43,-56.31,1.51));
#6793 = CIRCLE('',#6794,0.5);
#6794 = AXIS2_PLACEMENT_3D('',#6795,#6796,#6797);
#6795 = CARTESIAN_POINT('',(100.43,-55.81,1.51));
#6796 = DIRECTION('',(-0.,0.,-1.));
#6797 = DIRECTION('',(-0.,-1.,0.));
#6798 = FACE_BOUND('',#6799,.T.);
#6799 = EDGE_LOOP('',(#6800));
#6800 = ORIENTED_EDGE('',*,*,#6801,.T.);
#6801 = EDGE_CURVE('',#6802,#6802,#6804,.T.);
#6802 = VERTEX_POINT('',#6803);
#6803 = CARTESIAN_POINT('',(97.89,-53.77,1.51));
#6804 = CIRCLE('',#6805,0.5);
#6805 = AXIS2_PLACEMENT_3D('',#6806,#6807,#6808);
#6806 = CARTESIAN_POINT('',(97.89,-53.27,1.51));
#6807 = DIRECTION('',(-0.,0.,-1.));
#6808 = DIRECTION('',(-0.,-1.,0.));
#6809 = FACE_BOUND('',#6810,.T.);
#6810 = EDGE_LOOP('',(#6811));
#6811 = ORIENTED_EDGE('',*,*,#6812,.T.);
#6812 = EDGE_CURVE('',#6813,#6813,#6815,.T.);
#6813 = VERTEX_POINT('',#6814);
#6814 = CARTESIAN_POINT('',(100.43,-53.77,1.51));
#6815 = CIRCLE('',#6816,0.5);
#6816 = AXIS2_PLACEMENT_3D('',#6817,#6818,#6819);
#6817 = CARTESIAN_POINT('',(100.43,-53.27,1.51));
#6818 = DIRECTION('',(-0.,0.,-1.));
#6819 = DIRECTION('',(-0.,-1.,0.));
#6820 = FACE_BOUND('',#6821,.T.);
#6821 = EDGE_LOOP('',(#6822));
#6822 = ORIENTED_EDGE('',*,*,#6823,.T.);
#6823 = EDGE_CURVE('',#6824,#6824,#6826,.T.);
#6824 = VERTEX_POINT('',#6825);
#6825 = CARTESIAN_POINT('',(97.89,-51.230001,1.51));
#6826 = CIRCLE('',#6827,0.5);
#6827 = AXIS2_PLACEMENT_3D('',#6828,#6829,#6830);
#6828 = CARTESIAN_POINT('',(97.89,-50.730001,1.51));
#6829 = DIRECTION('',(-0.,0.,-1.));
#6830 = DIRECTION('',(-0.,-1.,0.));
#6831 = FACE_BOUND('',#6832,.T.);
#6832 = EDGE_LOOP('',(#6833));
#6833 = ORIENTED_EDGE('',*,*,#6834,.T.);
#6834 = EDGE_CURVE('',#6835,#6835,#6837,.T.);
#6835 = VERTEX_POINT('',#6836);
#6836 = CARTESIAN_POINT('',(100.43,-51.230001,1.51));
#6837 = CIRCLE('',#6838,0.5);
#6838 = AXIS2_PLACEMENT_3D('',#6839,#6840,#6841);
#6839 = CARTESIAN_POINT('',(100.43,-50.730001,1.51));
#6840 = DIRECTION('',(-0.,0.,-1.));
#6841 = DIRECTION('',(-0.,-1.,0.));
#6842 = FACE_BOUND('',#6843,.T.);
#6843 = EDGE_LOOP('',(#6844));
#6844 = ORIENTED_EDGE('',*,*,#6845,.T.);
#6845 = EDGE_CURVE('',#6846,#6846,#6848,.T.);
#6846 = VERTEX_POINT('',#6847);
#6847 = CARTESIAN_POINT('',(97.89,-48.690001,1.51));
#6848 = CIRCLE('',#6849,0.5);
#6849 = AXIS2_PLACEMENT_3D('',#6850,#6851,#6852);
#6850 = CARTESIAN_POINT('',(97.89,-48.190001,1.51));
#6851 = DIRECTION('',(-0.,0.,-1.));
#6852 = DIRECTION('',(-0.,-1.,0.));
#6853 = FACE_BOUND('',#6854,.T.);
#6854 = EDGE_LOOP('',(#6855));
#6855 = ORIENTED_EDGE('',*,*,#6856,.T.);
#6856 = EDGE_CURVE('',#6857,#6857,#6859,.T.);
#6857 = VERTEX_POINT('',#6858);
#6858 = CARTESIAN_POINT('',(100.43,-48.690001,1.51));
#6859 = CIRCLE('',#6860,0.5);
#6860 = AXIS2_PLACEMENT_3D('',#6861,#6862,#6863);
#6861 = CARTESIAN_POINT('',(100.43,-48.190001,1.51));
#6862 = DIRECTION('',(-0.,0.,-1.));
#6863 = DIRECTION('',(-0.,-1.,0.));
#6864 = FACE_BOUND('',#6865,.T.);
#6865 = EDGE_LOOP('',(#6866));
#6866 = ORIENTED_EDGE('',*,*,#6867,.T.);
#6867 = EDGE_CURVE('',#6868,#6868,#6870,.T.);
#6868 = VERTEX_POINT('',#6869);
#6869 = CARTESIAN_POINT('',(97.89,-46.15,1.51));
#6870 = CIRCLE('',#6871,0.5);
#6871 = AXIS2_PLACEMENT_3D('',#6872,#6873,#6874);
#6872 = CARTESIAN_POINT('',(97.89,-45.65,1.51));
#6873 = DIRECTION('',(-0.,0.,-1.));
#6874 = DIRECTION('',(-0.,-1.,0.));
#6875 = FACE_BOUND('',#6876,.T.);
#6876 = EDGE_LOOP('',(#6877));
#6877 = ORIENTED_EDGE('',*,*,#6878,.T.);
#6878 = EDGE_CURVE('',#6879,#6879,#6881,.T.);
#6879 = VERTEX_POINT('',#6880);
#6880 = CARTESIAN_POINT('',(100.43,-46.15,1.51));
#6881 = CIRCLE('',#6882,0.5);
#6882 = AXIS2_PLACEMENT_3D('',#6883,#6884,#6885);
#6883 = CARTESIAN_POINT('',(100.43,-45.65,1.51));
#6884 = DIRECTION('',(-0.,0.,-1.));
#6885 = DIRECTION('',(-0.,-1.,0.));
#6886 = FACE_BOUND('',#6887,.T.);
#6887 = EDGE_LOOP('',(#6888));
#6888 = ORIENTED_EDGE('',*,*,#6889,.T.);
#6889 = EDGE_CURVE('',#6890,#6890,#6892,.T.);
#6890 = VERTEX_POINT('',#6891);
#6891 = CARTESIAN_POINT('',(90.27,-43.61,1.51));
#6892 = CIRCLE('',#6893,0.5);
#6893 = AXIS2_PLACEMENT_3D('',#6894,#6895,#6896);
#6894 = CARTESIAN_POINT('',(90.27,-43.11,1.51));
#6895 = DIRECTION('',(-0.,0.,-1.));
#6896 = DIRECTION('',(-0.,-1.,0.));
#6897 = FACE_BOUND('',#6898,.T.);
#6898 = EDGE_LOOP('',(#6899));
#6899 = ORIENTED_EDGE('',*,*,#6900,.T.);
#6900 = EDGE_CURVE('',#6901,#6901,#6903,.T.);
#6901 = VERTEX_POINT('',#6902);
#6902 = CARTESIAN_POINT('',(92.81,-43.61,1.51));
#6903 = CIRCLE('',#6904,0.5);
#6904 = AXIS2_PLACEMENT_3D('',#6905,#6906,#6907);
#6905 = CARTESIAN_POINT('',(92.81,-43.11,1.51));
#6906 = DIRECTION('',(-0.,0.,-1.));
#6907 = DIRECTION('',(-0.,-1.,0.));
#6908 = FACE_BOUND('',#6909,.T.);
#6909 = EDGE_LOOP('',(#6910));
#6910 = ORIENTED_EDGE('',*,*,#6911,.T.);
#6911 = EDGE_CURVE('',#6912,#6912,#6914,.T.);
#6912 = VERTEX_POINT('',#6913);
#6913 = CARTESIAN_POINT('',(95.35,-43.61,1.51));
#6914 = CIRCLE('',#6915,0.5);
#6915 = AXIS2_PLACEMENT_3D('',#6916,#6917,#6918);
#6916 = CARTESIAN_POINT('',(95.35,-43.11,1.51));
#6917 = DIRECTION('',(-0.,0.,-1.));
#6918 = DIRECTION('',(-0.,-1.,0.));
#6919 = FACE_BOUND('',#6920,.T.);
#6920 = EDGE_LOOP('',(#6921));
#6921 = ORIENTED_EDGE('',*,*,#6922,.T.);
#6922 = EDGE_CURVE('',#6923,#6923,#6925,.T.);
#6923 = VERTEX_POINT('',#6924);
#6924 = CARTESIAN_POINT('',(97.89,-43.61,1.51));
#6925 = CIRCLE('',#6926,0.5);
#6926 = AXIS2_PLACEMENT_3D('',#6927,#6928,#6929);
#6927 = CARTESIAN_POINT('',(97.89,-43.11,1.51));
#6928 = DIRECTION('',(-0.,0.,-1.));
#6929 = DIRECTION('',(-0.,-1.,0.));
#6930 = FACE_BOUND('',#6931,.T.);
#6931 = EDGE_LOOP('',(#6932));
#6932 = ORIENTED_EDGE('',*,*,#6933,.T.);
#6933 = EDGE_CURVE('',#6934,#6934,#6936,.T.);
#6934 = VERTEX_POINT('',#6935);
#6935 = CARTESIAN_POINT('',(100.43,-43.61,1.51));
#6936 = CIRCLE('',#6937,0.5);
#6937 = AXIS2_PLACEMENT_3D('',#6938,#6939,#6940);
#6938 = CARTESIAN_POINT('',(100.43,-43.11,1.51));
#6939 = DIRECTION('',(-0.,0.,-1.));
#6940 = DIRECTION('',(-0.,-1.,0.));
#6941 = FACE_BOUND('',#6942,.T.);
#6942 = EDGE_LOOP('',(#6943));
#6943 = ORIENTED_EDGE('',*,*,#6944,.T.);
#6944 = EDGE_CURVE('',#6945,#6945,#6947,.T.);
#6945 = VERTEX_POINT('',#6946);
#6946 = CARTESIAN_POINT('',(90.27,-41.07,1.51));
#6947 = CIRCLE('',#6948,0.5);
#6948 = AXIS2_PLACEMENT_3D('',#6949,#6950,#6951);
#6949 = CARTESIAN_POINT('',(90.27,-40.57,1.51));
#6950 = DIRECTION('',(-0.,0.,-1.));
#6951 = DIRECTION('',(-0.,-1.,0.));
#6952 = FACE_BOUND('',#6953,.T.);
#6953 = EDGE_LOOP('',(#6954));
#6954 = ORIENTED_EDGE('',*,*,#6955,.T.);
#6955 = EDGE_CURVE('',#6956,#6956,#6958,.T.);
#6956 = VERTEX_POINT('',#6957);
#6957 = CARTESIAN_POINT('',(92.81,-41.07,1.51));
#6958 = CIRCLE('',#6959,0.5);
#6959 = AXIS2_PLACEMENT_3D('',#6960,#6961,#6962);
#6960 = CARTESIAN_POINT('',(92.81,-40.57,1.51));
#6961 = DIRECTION('',(-0.,0.,-1.));
#6962 = DIRECTION('',(-0.,-1.,0.));
#6963 = FACE_BOUND('',#6964,.T.);
#6964 = EDGE_LOOP('',(#6965));
#6965 = ORIENTED_EDGE('',*,*,#6966,.T.);
#6966 = EDGE_CURVE('',#6967,#6967,#6969,.T.);
#6967 = VERTEX_POINT('',#6968);
#6968 = CARTESIAN_POINT('',(95.35,-41.07,1.51));
#6969 = CIRCLE('',#6970,0.5);
#6970 = AXIS2_PLACEMENT_3D('',#6971,#6972,#6973);
#6971 = CARTESIAN_POINT('',(95.35,-40.57,1.51));
#6972 = DIRECTION('',(-0.,0.,-1.));
#6973 = DIRECTION('',(-0.,-1.,0.));
#6974 = FACE_BOUND('',#6975,.T.);
#6975 = EDGE_LOOP('',(#6976));
#6976 = ORIENTED_EDGE('',*,*,#6977,.T.);
#6977 = EDGE_CURVE('',#6978,#6978,#6980,.T.);
#6978 = VERTEX_POINT('',#6979);
#6979 = CARTESIAN_POINT('',(97.89,-41.07,1.51));
#6980 = CIRCLE('',#6981,0.5);
#6981 = AXIS2_PLACEMENT_3D('',#6982,#6983,#6984);
#6982 = CARTESIAN_POINT('',(97.89,-40.57,1.51));
#6983 = DIRECTION('',(-0.,0.,-1.));
#6984 = DIRECTION('',(-0.,-1.,0.));
#6985 = FACE_BOUND('',#6986,.T.);
#6986 = EDGE_LOOP('',(#6987));
#6987 = ORIENTED_EDGE('',*,*,#6988,.T.);
#6988 = EDGE_CURVE('',#6989,#6989,#6991,.T.);
#6989 = VERTEX_POINT('',#6990);
#6990 = CARTESIAN_POINT('',(100.43,-41.07,1.51));
#6991 = CIRCLE('',#6992,0.5);
#6992 = AXIS2_PLACEMENT_3D('',#6993,#6994,#6995);
#6993 = CARTESIAN_POINT('',(100.43,-40.57,1.51));
#6994 = DIRECTION('',(-0.,0.,-1.));
#6995 = DIRECTION('',(-0.,-1.,0.));
#6996 = FACE_BOUND('',#6997,.T.);
#6997 = EDGE_LOOP('',(#6998));
#6998 = ORIENTED_EDGE('',*,*,#6999,.T.);
#6999 = EDGE_CURVE('',#7000,#7000,#7002,.T.);
#7000 = VERTEX_POINT('',#7001);
#7001 = CARTESIAN_POINT('',(89.625,-23.3,1.51));
#7002 = CIRCLE('',#7003,0.3);
#7003 = AXIS2_PLACEMENT_3D('',#7004,#7005,#7006);
#7004 = CARTESIAN_POINT('',(89.625,-23.,1.51));
#7005 = DIRECTION('',(-0.,0.,-1.));
#7006 = DIRECTION('',(-0.,-1.,0.));
#7007 = FACE_BOUND('',#7008,.T.);
#7008 = EDGE_LOOP('',(#7009));
#7009 = ORIENTED_EDGE('',*,*,#7010,.T.);
#7010 = EDGE_CURVE('',#7011,#7011,#7013,.T.);
#7011 = VERTEX_POINT('',#7012);
#7012 = CARTESIAN_POINT('',(90.875,-23.3,1.51));
#7013 = CIRCLE('',#7014,0.3);
#7014 = AXIS2_PLACEMENT_3D('',#7015,#7016,#7017);
#7015 = CARTESIAN_POINT('',(90.875,-23.,1.51));
#7016 = DIRECTION('',(-0.,0.,-1.));
#7017 = DIRECTION('',(-0.,-1.,0.));
#7018 = FACE_BOUND('',#7019,.T.);
#7019 = EDGE_LOOP('',(#7020));
#7020 = ORIENTED_EDGE('',*,*,#7021,.T.);
#7021 = EDGE_CURVE('',#7022,#7022,#7024,.T.);
#7022 = VERTEX_POINT('',#7023);
#7023 = CARTESIAN_POINT('',(92.125,-23.3,1.51));
#7024 = CIRCLE('',#7025,0.3);
#7025 = AXIS2_PLACEMENT_3D('',#7026,#7027,#7028);
#7026 = CARTESIAN_POINT('',(92.125,-23.,1.51));
#7027 = DIRECTION('',(-0.,0.,-1.));
#7028 = DIRECTION('',(-0.,-1.,0.));
#7029 = FACE_BOUND('',#7030,.T.);
#7030 = EDGE_LOOP('',(#7031));
#7031 = ORIENTED_EDGE('',*,*,#7032,.T.);
#7032 = EDGE_CURVE('',#7033,#7033,#7035,.T.);
#7033 = VERTEX_POINT('',#7034);
#7034 = CARTESIAN_POINT('',(154.,-25.35,1.51));
#7035 = CIRCLE('',#7036,1.35);
#7036 = AXIS2_PLACEMENT_3D('',#7037,#7038,#7039);
#7037 = CARTESIAN_POINT('',(154.,-24.,1.51));
#7038 = DIRECTION('',(-0.,0.,-1.));
#7039 = DIRECTION('',(-0.,-1.,0.));
#7040 = PLANE('',#7041);
#7041 = AXIS2_PLACEMENT_3D('',#7042,#7043,#7044);
#7042 = CARTESIAN_POINT('',(0.,0.,1.51));
#7043 = DIRECTION('',(0.,0.,1.));
#7044 = DIRECTION('',(1.,0.,-0.));
#7045 = ADVANCED_FACE('',(#7046),#7052,.T.);
#7046 = FACE_BOUND('',#7047,.T.);
#7047 = EDGE_LOOP('',(#7048,#7049,#7050,#7051));
#7048 = ORIENTED_EDGE('',*,*,#5057,.T.);
#7049 = ORIENTED_EDGE('',*,*,#6066,.T.);
#7050 = ORIENTED_EDGE('',*,*,#5017,.F.);
#7051 = ORIENTED_EDGE('',*,*,#5081,.F.);
#7052 = PLANE('',#7053);
#7053 = AXIS2_PLACEMENT_3D('',#7054,#7055,#7056);
#7054 = CARTESIAN_POINT('',(20.,-20.,0.));
#7055 = DIRECTION('',(0.,1.,0.));
#7056 = DIRECTION('',(1.,0.,0.));
#7057 = ADVANCED_FACE('',(#7058),#7069,.F.);
#7058 = FACE_BOUND('',#7059,.T.);
#7059 = EDGE_LOOP('',(#7060,#7061,#7067,#7068));
#7060 = ORIENTED_EDGE('',*,*,#5090,.T.);
#7061 = ORIENTED_EDGE('',*,*,#7062,.T.);
#7062 = EDGE_CURVE('',#5091,#6076,#7063,.T.);
#7063 = LINE('',#7064,#7065);
#7064 = CARTESIAN_POINT('',(24.,-93.35,-4.6E-02));
#7065 = VECTOR('',#7066,1.);
#7066 = DIRECTION('',(0.,0.,1.));
#7067 = ORIENTED_EDGE('',*,*,#6075,.F.);
#7068 = ORIENTED_EDGE('',*,*,#7062,.F.);
#7069 = CYLINDRICAL_SURFACE('',#7070,1.35);
#7070 = AXIS2_PLACEMENT_3D('',#7071,#7072,#7073);
#7071 = CARTESIAN_POINT('',(24.,-92.,-4.6E-02));
#7072 = DIRECTION('',(-0.,-0.,-1.));
#7073 = DIRECTION('',(-0.,-1.,0.));
#7074 = ADVANCED_FACE('',(#7075),#7086,.F.);
#7075 = FACE_BOUND('',#7076,.T.);
#7076 = EDGE_LOOP('',(#7077,#7078,#7084,#7085));
#7077 = ORIENTED_EDGE('',*,*,#5101,.T.);
#7078 = ORIENTED_EDGE('',*,*,#7079,.T.);
#7079 = EDGE_CURVE('',#5102,#6087,#7080,.T.);
#7080 = LINE('',#7081,#7082);
#7081 = CARTESIAN_POINT('',(77.57,-63.93,-4.6E-02));
#7082 = VECTOR('',#7083,1.);
#7083 = DIRECTION('',(0.,0.,1.));
#7084 = ORIENTED_EDGE('',*,*,#6086,.F.);
#7085 = ORIENTED_EDGE('',*,*,#7079,.F.);
#7086 = CYLINDRICAL_SURFACE('',#7087,0.5);
#7087 = AXIS2_PLACEMENT_3D('',#7088,#7089,#7090);
#7088 = CARTESIAN_POINT('',(77.57,-63.43,-4.6E-02));
#7089 = DIRECTION('',(-0.,-0.,-1.));
#7090 = DIRECTION('',(-0.,-1.,0.));
#7091 = ADVANCED_FACE('',(#7092),#7103,.F.);
#7092 = FACE_BOUND('',#7093,.T.);
#7093 = EDGE_LOOP('',(#7094,#7095,#7101,#7102));
#7094 = ORIENTED_EDGE('',*,*,#5112,.T.);
#7095 = ORIENTED_EDGE('',*,*,#7096,.T.);
#7096 = EDGE_CURVE('',#5113,#6098,#7097,.T.);
#7097 = LINE('',#7098,#7099);
#7098 = CARTESIAN_POINT('',(80.11,-63.93,-4.6E-02));
#7099 = VECTOR('',#7100,1.);
#7100 = DIRECTION('',(0.,0.,1.));
#7101 = ORIENTED_EDGE('',*,*,#6097,.F.);
#7102 = ORIENTED_EDGE('',*,*,#7096,.F.);
#7103 = CYLINDRICAL_SURFACE('',#7104,0.5);
#7104 = AXIS2_PLACEMENT_3D('',#7105,#7106,#7107);
#7105 = CARTESIAN_POINT('',(80.11,-63.43,-4.6E-02));
#7106 = DIRECTION('',(-0.,-0.,-1.));
#7107 = DIRECTION('',(-0.,-1.,0.));
#7108 = ADVANCED_FACE('',(#7109),#7120,.F.);
#7109 = FACE_BOUND('',#7110,.T.);
#7110 = EDGE_LOOP('',(#7111,#7112,#7118,#7119));
#7111 = ORIENTED_EDGE('',*,*,#5123,.T.);
#7112 = ORIENTED_EDGE('',*,*,#7113,.T.);
#7113 = EDGE_CURVE('',#5124,#6109,#7114,.T.);
#7114 = LINE('',#7115,#7116);
#7115 = CARTESIAN_POINT('',(82.65,-63.93,-4.6E-02));
#7116 = VECTOR('',#7117,1.);
#7117 = DIRECTION('',(0.,0.,1.));
#7118 = ORIENTED_EDGE('',*,*,#6108,.F.);
#7119 = ORIENTED_EDGE('',*,*,#7113,.F.);
#7120 = CYLINDRICAL_SURFACE('',#7121,0.5);
#7121 = AXIS2_PLACEMENT_3D('',#7122,#7123,#7124);
#7122 = CARTESIAN_POINT('',(82.65,-63.43,-4.6E-02));
#7123 = DIRECTION('',(-0.,-0.,-1.));
#7124 = DIRECTION('',(-0.,-1.,0.));
#7125 = ADVANCED_FACE('',(#7126),#7137,.F.);
#7126 = FACE_BOUND('',#7127,.T.);
#7127 = EDGE_LOOP('',(#7128,#7129,#7135,#7136));
#7128 = ORIENTED_EDGE('',*,*,#5134,.T.);
#7129 = ORIENTED_EDGE('',*,*,#7130,.T.);
#7130 = EDGE_CURVE('',#5135,#6120,#7131,.T.);
#7131 = LINE('',#7132,#7133);
#7132 = CARTESIAN_POINT('',(85.19,-63.93,-4.6E-02));
#7133 = VECTOR('',#7134,1.);
#7134 = DIRECTION('',(0.,0.,1.));
#7135 = ORIENTED_EDGE('',*,*,#6119,.F.);
#7136 = ORIENTED_EDGE('',*,*,#7130,.F.);
#7137 = CYLINDRICAL_SURFACE('',#7138,0.5);
#7138 = AXIS2_PLACEMENT_3D('',#7139,#7140,#7141);
#7139 = CARTESIAN_POINT('',(85.19,-63.43,-4.6E-02));
#7140 = DIRECTION('',(-0.,-0.,-1.));
#7141 = DIRECTION('',(-0.,-1.,0.));
#7142 = ADVANCED_FACE('',(#7143),#7154,.F.);
#7143 = FACE_BOUND('',#7144,.T.);
#7144 = EDGE_LOOP('',(#7145,#7146,#7152,#7153));
#7145 = ORIENTED_EDGE('',*,*,#5145,.T.);
#7146 = ORIENTED_EDGE('',*,*,#7147,.T.);
#7147 = EDGE_CURVE('',#5146,#6131,#7148,.T.);
#7148 = LINE('',#7149,#7150);
#7149 = CARTESIAN_POINT('',(87.73,-63.93,-4.6E-02));
#7150 = VECTOR('',#7151,1.);
#7151 = DIRECTION('',(0.,0.,1.));
#7152 = ORIENTED_EDGE('',*,*,#6130,.F.);
#7153 = ORIENTED_EDGE('',*,*,#7147,.F.);
#7154 = CYLINDRICAL_SURFACE('',#7155,0.5);
#7155 = AXIS2_PLACEMENT_3D('',#7156,#7157,#7158);
#7156 = CARTESIAN_POINT('',(87.73,-63.43,-4.6E-02));
#7157 = DIRECTION('',(-0.,-0.,-1.));
#7158 = DIRECTION('',(-0.,-1.,0.));
#7159 = ADVANCED_FACE('',(#7160),#7171,.F.);
#7160 = FACE_BOUND('',#7161,.T.);
#7161 = EDGE_LOOP('',(#7162,#7163,#7169,#7170));
#7162 = ORIENTED_EDGE('',*,*,#5156,.T.);
#7163 = ORIENTED_EDGE('',*,*,#7164,.T.);
#7164 = EDGE_CURVE('',#5157,#6142,#7165,.T.);
#7165 = LINE('',#7166,#7167);
#7166 = CARTESIAN_POINT('',(77.57,-61.39,-4.6E-02));
#7167 = VECTOR('',#7168,1.);
#7168 = DIRECTION('',(0.,0.,1.));
#7169 = ORIENTED_EDGE('',*,*,#6141,.F.);
#7170 = ORIENTED_EDGE('',*,*,#7164,.F.);
#7171 = CYLINDRICAL_SURFACE('',#7172,0.5);
#7172 = AXIS2_PLACEMENT_3D('',#7173,#7174,#7175);
#7173 = CARTESIAN_POINT('',(77.57,-60.89,-4.6E-02));
#7174 = DIRECTION('',(-0.,-0.,-1.));
#7175 = DIRECTION('',(-0.,-1.,0.));
#7176 = ADVANCED_FACE('',(#7177),#7188,.F.);
#7177 = FACE_BOUND('',#7178,.T.);
#7178 = EDGE_LOOP('',(#7179,#7180,#7186,#7187));
#7179 = ORIENTED_EDGE('',*,*,#5167,.T.);
#7180 = ORIENTED_EDGE('',*,*,#7181,.T.);
#7181 = EDGE_CURVE('',#5168,#6153,#7182,.T.);
#7182 = LINE('',#7183,#7184);
#7183 = CARTESIAN_POINT('',(80.11,-61.39,-4.6E-02));
#7184 = VECTOR('',#7185,1.);
#7185 = DIRECTION('',(0.,0.,1.));
#7186 = ORIENTED_EDGE('',*,*,#6152,.F.);
#7187 = ORIENTED_EDGE('',*,*,#7181,.F.);
#7188 = CYLINDRICAL_SURFACE('',#7189,0.5);
#7189 = AXIS2_PLACEMENT_3D('',#7190,#7191,#7192);
#7190 = CARTESIAN_POINT('',(80.11,-60.89,-4.6E-02));
#7191 = DIRECTION('',(-0.,-0.,-1.));
#7192 = DIRECTION('',(-0.,-1.,0.));
#7193 = ADVANCED_FACE('',(#7194),#7205,.F.);
#7194 = FACE_BOUND('',#7195,.T.);
#7195 = EDGE_LOOP('',(#7196,#7197,#7203,#7204));
#7196 = ORIENTED_EDGE('',*,*,#5178,.T.);
#7197 = ORIENTED_EDGE('',*,*,#7198,.T.);
#7198 = EDGE_CURVE('',#5179,#6164,#7199,.T.);
#7199 = LINE('',#7200,#7201);
#7200 = CARTESIAN_POINT('',(82.65,-61.39,-4.6E-02));
#7201 = VECTOR('',#7202,1.);
#7202 = DIRECTION('',(0.,0.,1.));
#7203 = ORIENTED_EDGE('',*,*,#6163,.F.);
#7204 = ORIENTED_EDGE('',*,*,#7198,.F.);
#7205 = CYLINDRICAL_SURFACE('',#7206,0.5);
#7206 = AXIS2_PLACEMENT_3D('',#7207,#7208,#7209);
#7207 = CARTESIAN_POINT('',(82.65,-60.89,-4.6E-02));
#7208 = DIRECTION('',(-0.,-0.,-1.));
#7209 = DIRECTION('',(-0.,-1.,0.));
#7210 = ADVANCED_FACE('',(#7211),#7222,.F.);
#7211 = FACE_BOUND('',#7212,.T.);
#7212 = EDGE_LOOP('',(#7213,#7214,#7220,#7221));
#7213 = ORIENTED_EDGE('',*,*,#5189,.T.);
#7214 = ORIENTED_EDGE('',*,*,#7215,.T.);
#7215 = EDGE_CURVE('',#5190,#6175,#7216,.T.);
#7216 = LINE('',#7217,#7218);
#7217 = CARTESIAN_POINT('',(85.19,-61.39,-4.6E-02));
#7218 = VECTOR('',#7219,1.);
#7219 = DIRECTION('',(0.,0.,1.));
#7220 = ORIENTED_EDGE('',*,*,#6174,.F.);
#7221 = ORIENTED_EDGE('',*,*,#7215,.F.);
#7222 = CYLINDRICAL_SURFACE('',#7223,0.5);
#7223 = AXIS2_PLACEMENT_3D('',#7224,#7225,#7226);
#7224 = CARTESIAN_POINT('',(85.19,-60.89,-4.6E-02));
#7225 = DIRECTION('',(-0.,-0.,-1.));
#7226 = DIRECTION('',(-0.,-1.,0.));
#7227 = ADVANCED_FACE('',(#7228),#7239,.F.);
#7228 = FACE_BOUND('',#7229,.T.);
#7229 = EDGE_LOOP('',(#7230,#7231,#7237,#7238));
#7230 = ORIENTED_EDGE('',*,*,#5200,.T.);
#7231 = ORIENTED_EDGE('',*,*,#7232,.T.);
#7232 = EDGE_CURVE('',#5201,#6186,#7233,.T.);
#7233 = LINE('',#7234,#7235);
#7234 = CARTESIAN_POINT('',(87.73,-61.39,-4.6E-02));
#7235 = VECTOR('',#7236,1.);
#7236 = DIRECTION('',(0.,0.,1.));
#7237 = ORIENTED_EDGE('',*,*,#6185,.F.);
#7238 = ORIENTED_EDGE('',*,*,#7232,.F.);
#7239 = CYLINDRICAL_SURFACE('',#7240,0.5);
#7240 = AXIS2_PLACEMENT_3D('',#7241,#7242,#7243);
#7241 = CARTESIAN_POINT('',(87.73,-60.89,-4.6E-02));
#7242 = DIRECTION('',(-0.,-0.,-1.));
#7243 = DIRECTION('',(-0.,-1.,0.));
#7244 = ADVANCED_FACE('',(#7245),#7256,.F.);
#7245 = FACE_BOUND('',#7246,.T.);
#7246 = EDGE_LOOP('',(#7247,#7248,#7254,#7255));
#7247 = ORIENTED_EDGE('',*,*,#5211,.T.);
#7248 = ORIENTED_EDGE('',*,*,#7249,.T.);
#7249 = EDGE_CURVE('',#5212,#6197,#7250,.T.);
#7250 = LINE('',#7251,#7252);
#7251 = CARTESIAN_POINT('',(110.,-94.425,-4.6E-02));
#7252 = VECTOR('',#7253,1.);
#7253 = DIRECTION('',(0.,0.,1.));
#7254 = ORIENTED_EDGE('',*,*,#6196,.F.);
#7255 = ORIENTED_EDGE('',*,*,#7249,.F.);
#7256 = CYLINDRICAL_SURFACE('',#7257,0.3);
#7257 = AXIS2_PLACEMENT_3D('',#7258,#7259,#7260);
#7258 = CARTESIAN_POINT('',(110.,-94.125,-4.6E-02));
#7259 = DIRECTION('',(-0.,-0.,-1.));
#7260 = DIRECTION('',(-0.,-1.,0.));
#7261 = ADVANCED_FACE('',(#7262),#7273,.F.);
#7262 = FACE_BOUND('',#7263,.T.);
#7263 = EDGE_LOOP('',(#7264,#7265,#7271,#7272));
#7264 = ORIENTED_EDGE('',*,*,#5222,.T.);
#7265 = ORIENTED_EDGE('',*,*,#7266,.T.);
#7266 = EDGE_CURVE('',#5223,#6208,#7267,.T.);
#7267 = LINE('',#7268,#7269);
#7268 = CARTESIAN_POINT('',(110.,-93.175,-4.6E-02));
#7269 = VECTOR('',#7270,1.);
#7270 = DIRECTION('',(0.,0.,1.));
#7271 = ORIENTED_EDGE('',*,*,#6207,.F.);
#7272 = ORIENTED_EDGE('',*,*,#7266,.F.);
#7273 = CYLINDRICAL_SURFACE('',#7274,0.3);
#7274 = AXIS2_PLACEMENT_3D('',#7275,#7276,#7277);
#7275 = CARTESIAN_POINT('',(110.,-92.875,-4.6E-02));
#7276 = DIRECTION('',(-0.,-0.,-1.));
#7277 = DIRECTION('',(-0.,-1.,0.));
#7278 = ADVANCED_FACE('',(#7279),#7290,.F.);
#7279 = FACE_BOUND('',#7280,.T.);
#7280 = EDGE_LOOP('',(#7281,#7282,#7288,#7289));
#7281 = ORIENTED_EDGE('',*,*,#5233,.T.);
#7282 = ORIENTED_EDGE('',*,*,#7283,.T.);
#7283 = EDGE_CURVE('',#5234,#6219,#7284,.T.);
#7284 = LINE('',#7285,#7286);
#7285 = CARTESIAN_POINT('',(110.,-91.925,-4.6E-02));
#7286 = VECTOR('',#7287,1.);
#7287 = DIRECTION('',(0.,0.,1.));
#7288 = ORIENTED_EDGE('',*,*,#6218,.F.);
#7289 = ORIENTED_EDGE('',*,*,#7283,.F.);
#7290 = CYLINDRICAL_SURFACE('',#7291,0.3);
#7291 = AXIS2_PLACEMENT_3D('',#7292,#7293,#7294);
#7292 = CARTESIAN_POINT('',(110.,-91.625,-4.6E-02));
#7293 = DIRECTION('',(-0.,-0.,-1.));
#7294 = DIRECTION('',(-0.,-1.,0.));
#7295 = ADVANCED_FACE('',(#7296),#7307,.F.);
#7296 = FACE_BOUND('',#7297,.T.);
#7297 = EDGE_LOOP('',(#7298,#7299,#7305,#7306));
#7298 = ORIENTED_EDGE('',*,*,#5244,.T.);
#7299 = ORIENTED_EDGE('',*,*,#7300,.T.);
#7300 = EDGE_CURVE('',#5245,#6230,#7301,.T.);
#7301 = LINE('',#7302,#7303);
#7302 = CARTESIAN_POINT('',(110.,-90.675,-4.6E-02));
#7303 = VECTOR('',#7304,1.);
#7304 = DIRECTION('',(0.,0.,1.));
#7305 = ORIENTED_EDGE('',*,*,#6229,.F.);
#7306 = ORIENTED_EDGE('',*,*,#7300,.F.);
#7307 = CYLINDRICAL_SURFACE('',#7308,0.3);
#7308 = AXIS2_PLACEMENT_3D('',#7309,#7310,#7311);
#7309 = CARTESIAN_POINT('',(110.,-90.375,-4.6E-02));
#7310 = DIRECTION('',(-0.,-0.,-1.));
#7311 = DIRECTION('',(-0.,-1.,0.));
#7312 = ADVANCED_FACE('',(#7313),#7324,.F.);
#7313 = FACE_BOUND('',#7314,.T.);
#7314 = EDGE_LOOP('',(#7315,#7316,#7322,#7323));
#7315 = ORIENTED_EDGE('',*,*,#5255,.T.);
#7316 = ORIENTED_EDGE('',*,*,#7317,.T.);
#7317 = EDGE_CURVE('',#5256,#6241,#7318,.T.);
#7318 = LINE('',#7319,#7320);
#7319 = CARTESIAN_POINT('',(110.,-89.425,-4.6E-02));
#7320 = VECTOR('',#7321,1.);
#7321 = DIRECTION('',(0.,0.,1.));
#7322 = ORIENTED_EDGE('',*,*,#6240,.F.);
#7323 = ORIENTED_EDGE('',*,*,#7317,.F.);
#7324 = CYLINDRICAL_SURFACE('',#7325,0.3);
#7325 = AXIS2_PLACEMENT_3D('',#7326,#7327,#7328);
#7326 = CARTESIAN_POINT('',(110.,-89.125,-4.6E-02));
#7327 = DIRECTION('',(-0.,-0.,-1.));
#7328 = DIRECTION('',(-0.,-1.,0.));
#7329 = ADVANCED_FACE('',(#7330),#7341,.F.);
#7330 = FACE_BOUND('',#7331,.T.);
#7331 = EDGE_LOOP('',(#7332,#7333,#7339,#7340));
#7332 = ORIENTED_EDGE('',*,*,#5266,.T.);
#7333 = ORIENTED_EDGE('',*,*,#7334,.T.);
#7334 = EDGE_CURVE('',#5267,#6252,#7335,.T.);
#7335 = LINE('',#7336,#7337);
#7336 = CARTESIAN_POINT('',(110.,-88.175,-4.6E-02));
#7337 = VECTOR('',#7338,1.);
#7338 = DIRECTION('',(0.,0.,1.));
#7339 = ORIENTED_EDGE('',*,*,#6251,.F.);
#7340 = ORIENTED_EDGE('',*,*,#7334,.F.);
#7341 = CYLINDRICAL_SURFACE('',#7342,0.3);
#7342 = AXIS2_PLACEMENT_3D('',#7343,#7344,#7345);
#7343 = CARTESIAN_POINT('',(110.,-87.875,-4.6E-02));
#7344 = DIRECTION('',(-0.,-0.,-1.));
#7345 = DIRECTION('',(-0.,-1.,0.));
#7346 = ADVANCED_FACE('',(#7347),#7358,.F.);
#7347 = FACE_BOUND('',#7348,.T.);
#7348 = EDGE_LOOP('',(#7349,#7350,#7356,#7357));
#7349 = ORIENTED_EDGE('',*,*,#5277,.T.);
#7350 = ORIENTED_EDGE('',*,*,#7351,.T.);
#7351 = EDGE_CURVE('',#5278,#6263,#7352,.T.);
#7352 = LINE('',#7353,#7354);
#7353 = CARTESIAN_POINT('',(110.,-86.925,-4.6E-02));
#7354 = VECTOR('',#7355,1.);
#7355 = DIRECTION('',(0.,0.,1.));
#7356 = ORIENTED_EDGE('',*,*,#6262,.F.);
#7357 = ORIENTED_EDGE('',*,*,#7351,.F.);
#7358 = CYLINDRICAL_SURFACE('',#7359,0.3);
#7359 = AXIS2_PLACEMENT_3D('',#7360,#7361,#7362);
#7360 = CARTESIAN_POINT('',(110.,-86.625,-4.6E-02));
#7361 = DIRECTION('',(-0.,-0.,-1.));
#7362 = DIRECTION('',(-0.,-1.,0.));
#7363 = ADVANCED_FACE('',(#7364),#7375,.F.);
#7364 = FACE_BOUND('',#7365,.T.);
#7365 = EDGE_LOOP('',(#7366,#7367,#7373,#7374));
#7366 = ORIENTED_EDGE('',*,*,#5288,.T.);
#7367 = ORIENTED_EDGE('',*,*,#7368,.T.);
#7368 = EDGE_CURVE('',#5289,#6274,#7369,.T.);
#7369 = LINE('',#7370,#7371);
#7370 = CARTESIAN_POINT('',(110.,-85.675,-4.6E-02));
#7371 = VECTOR('',#7372,1.);
#7372 = DIRECTION('',(0.,0.,1.));
#7373 = ORIENTED_EDGE('',*,*,#6273,.F.);
#7374 = ORIENTED_EDGE('',*,*,#7368,.F.);
#7375 = CYLINDRICAL_SURFACE('',#7376,0.3);
#7376 = AXIS2_PLACEMENT_3D('',#7377,#7378,#7379);
#7377 = CARTESIAN_POINT('',(110.,-85.375,-4.6E-02));
#7378 = DIRECTION('',(-0.,-0.,-1.));
#7379 = DIRECTION('',(-0.,-1.,0.));
#7380 = ADVANCED_FACE('',(#7381),#7392,.F.);
#7381 = FACE_BOUND('',#7382,.T.);
#7382 = EDGE_LOOP('',(#7383,#7384,#7390,#7391));
#7383 = ORIENTED_EDGE('',*,*,#5299,.T.);
#7384 = ORIENTED_EDGE('',*,*,#7385,.T.);
#7385 = EDGE_CURVE('',#5300,#6285,#7386,.T.);
#7386 = LINE('',#7387,#7388);
#7387 = CARTESIAN_POINT('',(110.,-84.425,-4.6E-02));
#7388 = VECTOR('',#7389,1.);
#7389 = DIRECTION('',(0.,0.,1.));
#7390 = ORIENTED_EDGE('',*,*,#6284,.F.);
#7391 = ORIENTED_EDGE('',*,*,#7385,.F.);
#7392 = CYLINDRICAL_SURFACE('',#7393,0.3);
#7393 = AXIS2_PLACEMENT_3D('',#7394,#7395,#7396);
#7394 = CARTESIAN_POINT('',(110.,-84.125,-4.6E-02));
#7395 = DIRECTION('',(-0.,-0.,-1.));
#7396 = DIRECTION('',(-0.,-1.,0.));
#7397 = ADVANCED_FACE('',(#7398),#7409,.F.);
#7398 = FACE_BOUND('',#7399,.T.);
#7399 = EDGE_LOOP('',(#7400,#7401,#7407,#7408));
#7400 = ORIENTED_EDGE('',*,*,#5310,.T.);
#7401 = ORIENTED_EDGE('',*,*,#7402,.T.);
#7402 = EDGE_CURVE('',#5311,#6296,#7403,.T.);
#7403 = LINE('',#7404,#7405);
#7404 = CARTESIAN_POINT('',(110.,-83.175,-4.6E-02));
#7405 = VECTOR('',#7406,1.);
#7406 = DIRECTION('',(0.,0.,1.));
#7407 = ORIENTED_EDGE('',*,*,#6295,.F.);
#7408 = ORIENTED_EDGE('',*,*,#7402,.F.);
#7409 = CYLINDRICAL_SURFACE('',#7410,0.3);
#7410 = AXIS2_PLACEMENT_3D('',#7411,#7412,#7413);
#7411 = CARTESIAN_POINT('',(110.,-82.875,-4.6E-02));
#7412 = DIRECTION('',(-0.,-0.,-1.));
#7413 = DIRECTION('',(-0.,-1.,0.));
#7414 = ADVANCED_FACE('',(#7415),#7426,.F.);
#7415 = FACE_BOUND('',#7416,.T.);
#7416 = EDGE_LOOP('',(#7417,#7418,#7424,#7425));
#7417 = ORIENTED_EDGE('',*,*,#5321,.T.);
#7418 = ORIENTED_EDGE('',*,*,#7419,.T.);
#7419 = EDGE_CURVE('',#5322,#6307,#7420,.T.);
#7420 = LINE('',#7421,#7422);
#7421 = CARTESIAN_POINT('',(110.,-81.925,-4.6E-02));
#7422 = VECTOR('',#7423,1.);
#7423 = DIRECTION('',(0.,0.,1.));
#7424 = ORIENTED_EDGE('',*,*,#6306,.F.);
#7425 = ORIENTED_EDGE('',*,*,#7419,.F.);
#7426 = CYLINDRICAL_SURFACE('',#7427,0.3);
#7427 = AXIS2_PLACEMENT_3D('',#7428,#7429,#7430);
#7428 = CARTESIAN_POINT('',(110.,-81.625,-4.6E-02));
#7429 = DIRECTION('',(-0.,-0.,-1.));
#7430 = DIRECTION('',(-0.,-1.,0.));
#7431 = ADVANCED_FACE('',(#7432),#7443,.F.);
#7432 = FACE_BOUND('',#7433,.T.);
#7433 = EDGE_LOOP('',(#7434,#7435,#7441,#7442));
#7434 = ORIENTED_EDGE('',*,*,#5332,.T.);
#7435 = ORIENTED_EDGE('',*,*,#7436,.T.);
#7436 = EDGE_CURVE('',#5333,#6318,#7437,.T.);
#7437 = LINE('',#7438,#7439);
#7438 = CARTESIAN_POINT('',(110.,-80.675,-4.6E-02));
#7439 = VECTOR('',#7440,1.);
#7440 = DIRECTION('',(0.,0.,1.));
#7441 = ORIENTED_EDGE('',*,*,#6317,.F.);
#7442 = ORIENTED_EDGE('',*,*,#7436,.F.);
#7443 = CYLINDRICAL_SURFACE('',#7444,0.3);
#7444 = AXIS2_PLACEMENT_3D('',#7445,#7446,#7447);
#7445 = CARTESIAN_POINT('',(110.,-80.375,-4.6E-02));
#7446 = DIRECTION('',(-0.,-0.,-1.));
#7447 = DIRECTION('',(-0.,-1.,0.));
#7448 = ADVANCED_FACE('',(#7449),#7460,.F.);
#7449 = FACE_BOUND('',#7450,.T.);
#7450 = EDGE_LOOP('',(#7451,#7452,#7458,#7459));
#7451 = ORIENTED_EDGE('',*,*,#5343,.T.);
#7452 = ORIENTED_EDGE('',*,*,#7453,.T.);
#7453 = EDGE_CURVE('',#5344,#6329,#7454,.T.);
#7454 = LINE('',#7455,#7456);
#7455 = CARTESIAN_POINT('',(110.,-79.425,-4.6E-02));
#7456 = VECTOR('',#7457,1.);
#7457 = DIRECTION('',(0.,0.,1.));
#7458 = ORIENTED_EDGE('',*,*,#6328,.F.);
#7459 = ORIENTED_EDGE('',*,*,#7453,.F.);
#7460 = CYLINDRICAL_SURFACE('',#7461,0.3);
#7461 = AXIS2_PLACEMENT_3D('',#7462,#7463,#7464);
#7462 = CARTESIAN_POINT('',(110.,-79.125,-4.6E-02));
#7463 = DIRECTION('',(-0.,-0.,-1.));
#7464 = DIRECTION('',(-0.,-1.,0.));
#7465 = ADVANCED_FACE('',(#7466),#7477,.F.);
#7466 = FACE_BOUND('',#7467,.T.);
#7467 = EDGE_LOOP('',(#7468,#7469,#7475,#7476));
#7468 = ORIENTED_EDGE('',*,*,#5354,.T.);
#7469 = ORIENTED_EDGE('',*,*,#7470,.T.);
#7470 = EDGE_CURVE('',#5355,#6340,#7471,.T.);
#7471 = LINE('',#7472,#7473);
#7472 = CARTESIAN_POINT('',(110.,-78.175,-4.6E-02));
#7473 = VECTOR('',#7474,1.);
#7474 = DIRECTION('',(0.,0.,1.));
#7475 = ORIENTED_EDGE('',*,*,#6339,.F.);
#7476 = ORIENTED_EDGE('',*,*,#7470,.F.);
#7477 = CYLINDRICAL_SURFACE('',#7478,0.3);
#7478 = AXIS2_PLACEMENT_3D('',#7479,#7480,#7481);
#7479 = CARTESIAN_POINT('',(110.,-77.875,-4.6E-02));
#7480 = DIRECTION('',(-0.,-0.,-1.));
#7481 = DIRECTION('',(-0.,-1.,0.));
#7482 = ADVANCED_FACE('',(#7483),#7494,.F.);
#7483 = FACE_BOUND('',#7484,.T.);
#7484 = EDGE_LOOP('',(#7485,#7486,#7492,#7493));
#7485 = ORIENTED_EDGE('',*,*,#5365,.T.);
#7486 = ORIENTED_EDGE('',*,*,#7487,.T.);
#7487 = EDGE_CURVE('',#5366,#6351,#7488,.T.);
#7488 = LINE('',#7489,#7490);
#7489 = CARTESIAN_POINT('',(154.,-93.35,-4.6E-02));
#7490 = VECTOR('',#7491,1.);
#7491 = DIRECTION('',(0.,0.,1.));
#7492 = ORIENTED_EDGE('',*,*,#6350,.F.);
#7493 = ORIENTED_EDGE('',*,*,#7487,.F.);
#7494 = CYLINDRICAL_SURFACE('',#7495,1.35);
#7495 = AXIS2_PLACEMENT_3D('',#7496,#7497,#7498);
#7496 = CARTESIAN_POINT('',(154.,-92.,-4.6E-02));
#7497 = DIRECTION('',(-0.,-0.,-1.));
#7498 = DIRECTION('',(-0.,-1.,0.));
#7499 = ADVANCED_FACE('',(#7500),#7511,.F.);
#7500 = FACE_BOUND('',#7501,.T.);
#7501 = EDGE_LOOP('',(#7502,#7503,#7509,#7510));
#7502 = ORIENTED_EDGE('',*,*,#5376,.T.);
#7503 = ORIENTED_EDGE('',*,*,#7504,.T.);
#7504 = EDGE_CURVE('',#5377,#6362,#7505,.T.);
#7505 = LINE('',#7506,#7507);
#7506 = CARTESIAN_POINT('',(90.269999,-63.93,-4.6E-02));
#7507 = VECTOR('',#7508,1.);
#7508 = DIRECTION('',(0.,0.,1.));
#7509 = ORIENTED_EDGE('',*,*,#6361,.F.);
#7510 = ORIENTED_EDGE('',*,*,#7504,.F.);
#7511 = CYLINDRICAL_SURFACE('',#7512,0.5);
#7512 = AXIS2_PLACEMENT_3D('',#7513,#7514,#7515);
#7513 = CARTESIAN_POINT('',(90.269999,-63.43,-4.6E-02));
#7514 = DIRECTION('',(-0.,-0.,-1.));
#7515 = DIRECTION('',(-0.,-1.,0.));
#7516 = ADVANCED_FACE('',(#7517),#7528,.F.);
#7517 = FACE_BOUND('',#7518,.T.);
#7518 = EDGE_LOOP('',(#7519,#7520,#7526,#7527));
#7519 = ORIENTED_EDGE('',*,*,#5387,.T.);
#7520 = ORIENTED_EDGE('',*,*,#7521,.T.);
#7521 = EDGE_CURVE('',#5388,#6373,#7522,.T.);
#7522 = LINE('',#7523,#7524);
#7523 = CARTESIAN_POINT('',(92.809999,-63.93,-4.6E-02));
#7524 = VECTOR('',#7525,1.);
#7525 = DIRECTION('',(0.,0.,1.));
#7526 = ORIENTED_EDGE('',*,*,#6372,.F.);
#7527 = ORIENTED_EDGE('',*,*,#7521,.F.);
#7528 = CYLINDRICAL_SURFACE('',#7529,0.5);
#7529 = AXIS2_PLACEMENT_3D('',#7530,#7531,#7532);
#7530 = CARTESIAN_POINT('',(92.809999,-63.43,-4.6E-02));
#7531 = DIRECTION('',(-0.,-0.,-1.));
#7532 = DIRECTION('',(-0.,-1.,0.));
#7533 = ADVANCED_FACE('',(#7534),#7545,.F.);
#7534 = FACE_BOUND('',#7535,.T.);
#7535 = EDGE_LOOP('',(#7536,#7537,#7543,#7544));
#7536 = ORIENTED_EDGE('',*,*,#5398,.T.);
#7537 = ORIENTED_EDGE('',*,*,#7538,.T.);
#7538 = EDGE_CURVE('',#5399,#6384,#7539,.T.);
#7539 = LINE('',#7540,#7541);
#7540 = CARTESIAN_POINT('',(95.35,-63.93,-4.6E-02));
#7541 = VECTOR('',#7542,1.);
#7542 = DIRECTION('',(0.,0.,1.));
#7543 = ORIENTED_EDGE('',*,*,#6383,.F.);
#7544 = ORIENTED_EDGE('',*,*,#7538,.F.);
#7545 = CYLINDRICAL_SURFACE('',#7546,0.5);
#7546 = AXIS2_PLACEMENT_3D('',#7547,#7548,#7549);
#7547 = CARTESIAN_POINT('',(95.35,-63.43,-4.6E-02));
#7548 = DIRECTION('',(-0.,-0.,-1.));
#7549 = DIRECTION('',(-0.,-1.,0.));
#7550 = ADVANCED_FACE('',(#7551),#7562,.F.);
#7551 = FACE_BOUND('',#7552,.T.);
#7552 = EDGE_LOOP('',(#7553,#7554,#7560,#7561));
#7553 = ORIENTED_EDGE('',*,*,#5409,.T.);
#7554 = ORIENTED_EDGE('',*,*,#7555,.T.);
#7555 = EDGE_CURVE('',#5410,#6395,#7556,.T.);
#7556 = LINE('',#7557,#7558);
#7557 = CARTESIAN_POINT('',(97.89,-63.93,-4.6E-02));
#7558 = VECTOR('',#7559,1.);
#7559 = DIRECTION('',(0.,0.,1.));
#7560 = ORIENTED_EDGE('',*,*,#6394,.F.);
#7561 = ORIENTED_EDGE('',*,*,#7555,.F.);
#7562 = CYLINDRICAL_SURFACE('',#7563,0.5);
#7563 = AXIS2_PLACEMENT_3D('',#7564,#7565,#7566);
#7564 = CARTESIAN_POINT('',(97.89,-63.43,-4.6E-02));
#7565 = DIRECTION('',(-0.,-0.,-1.));
#7566 = DIRECTION('',(-0.,-1.,0.));
#7567 = ADVANCED_FACE('',(#7568),#7579,.F.);
#7568 = FACE_BOUND('',#7569,.T.);
#7569 = EDGE_LOOP('',(#7570,#7571,#7577,#7578));
#7570 = ORIENTED_EDGE('',*,*,#5420,.T.);
#7571 = ORIENTED_EDGE('',*,*,#7572,.T.);
#7572 = EDGE_CURVE('',#5421,#6406,#7573,.T.);
#7573 = LINE('',#7574,#7575);
#7574 = CARTESIAN_POINT('',(100.43,-63.93,-4.6E-02));
#7575 = VECTOR('',#7576,1.);
#7576 = DIRECTION('',(0.,0.,1.));
#7577 = ORIENTED_EDGE('',*,*,#6405,.F.);
#7578 = ORIENTED_EDGE('',*,*,#7572,.F.);
#7579 = CYLINDRICAL_SURFACE('',#7580,0.5);
#7580 = AXIS2_PLACEMENT_3D('',#7581,#7582,#7583);
#7581 = CARTESIAN_POINT('',(100.43,-63.43,-4.6E-02));
#7582 = DIRECTION('',(-0.,-0.,-1.));
#7583 = DIRECTION('',(-0.,-1.,0.));
#7584 = ADVANCED_FACE('',(#7585),#7596,.F.);
#7585 = FACE_BOUND('',#7586,.T.);
#7586 = EDGE_LOOP('',(#7587,#7588,#7594,#7595));
#7587 = ORIENTED_EDGE('',*,*,#5431,.T.);
#7588 = ORIENTED_EDGE('',*,*,#7589,.T.);
#7589 = EDGE_CURVE('',#5432,#6417,#7590,.T.);
#7590 = LINE('',#7591,#7592);
#7591 = CARTESIAN_POINT('',(90.269999,-61.39,-4.6E-02));
#7592 = VECTOR('',#7593,1.);
#7593 = DIRECTION('',(0.,0.,1.));
#7594 = ORIENTED_EDGE('',*,*,#6416,.F.);
#7595 = ORIENTED_EDGE('',*,*,#7589,.F.);
#7596 = CYLINDRICAL_SURFACE('',#7597,0.5);
#7597 = AXIS2_PLACEMENT_3D('',#7598,#7599,#7600);
#7598 = CARTESIAN_POINT('',(90.269999,-60.89,-4.6E-02));
#7599 = DIRECTION('',(-0.,-0.,-1.));
#7600 = DIRECTION('',(-0.,-1.,0.));
#7601 = ADVANCED_FACE('',(#7602),#7613,.F.);
#7602 = FACE_BOUND('',#7603,.T.);
#7603 = EDGE_LOOP('',(#7604,#7605,#7611,#7612));
#7604 = ORIENTED_EDGE('',*,*,#5442,.T.);
#7605 = ORIENTED_EDGE('',*,*,#7606,.T.);
#7606 = EDGE_CURVE('',#5443,#6428,#7607,.T.);
#7607 = LINE('',#7608,#7609);
#7608 = CARTESIAN_POINT('',(92.809999,-61.39,-4.6E-02));
#7609 = VECTOR('',#7610,1.);
#7610 = DIRECTION('',(0.,0.,1.));
#7611 = ORIENTED_EDGE('',*,*,#6427,.F.);
#7612 = ORIENTED_EDGE('',*,*,#7606,.F.);
#7613 = CYLINDRICAL_SURFACE('',#7614,0.5);
#7614 = AXIS2_PLACEMENT_3D('',#7615,#7616,#7617);
#7615 = CARTESIAN_POINT('',(92.809999,-60.89,-4.6E-02));
#7616 = DIRECTION('',(-0.,-0.,-1.));
#7617 = DIRECTION('',(-0.,-1.,0.));
#7618 = ADVANCED_FACE('',(#7619),#7630,.F.);
#7619 = FACE_BOUND('',#7620,.T.);
#7620 = EDGE_LOOP('',(#7621,#7622,#7628,#7629));
#7621 = ORIENTED_EDGE('',*,*,#5453,.T.);
#7622 = ORIENTED_EDGE('',*,*,#7623,.T.);
#7623 = EDGE_CURVE('',#5454,#6439,#7624,.T.);
#7624 = LINE('',#7625,#7626);
#7625 = CARTESIAN_POINT('',(95.35,-61.39,-4.6E-02));
#7626 = VECTOR('',#7627,1.);
#7627 = DIRECTION('',(0.,0.,1.));
#7628 = ORIENTED_EDGE('',*,*,#6438,.F.);
#7629 = ORIENTED_EDGE('',*,*,#7623,.F.);
#7630 = CYLINDRICAL_SURFACE('',#7631,0.5);
#7631 = AXIS2_PLACEMENT_3D('',#7632,#7633,#7634);
#7632 = CARTESIAN_POINT('',(95.35,-60.89,-4.6E-02));
#7633 = DIRECTION('',(-0.,-0.,-1.));
#7634 = DIRECTION('',(-0.,-1.,0.));
#7635 = ADVANCED_FACE('',(#7636),#7647,.F.);
#7636 = FACE_BOUND('',#7637,.T.);
#7637 = EDGE_LOOP('',(#7638,#7639,#7645,#7646));
#7638 = ORIENTED_EDGE('',*,*,#5464,.T.);
#7639 = ORIENTED_EDGE('',*,*,#7640,.T.);
#7640 = EDGE_CURVE('',#5465,#6450,#7641,.T.);
#7641 = LINE('',#7642,#7643);
#7642 = CARTESIAN_POINT('',(97.89,-61.39,-4.6E-02));
#7643 = VECTOR('',#7644,1.);
#7644 = DIRECTION('',(0.,0.,1.));
#7645 = ORIENTED_EDGE('',*,*,#6449,.F.);
#7646 = ORIENTED_EDGE('',*,*,#7640,.F.);
#7647 = CYLINDRICAL_SURFACE('',#7648,0.5);
#7648 = AXIS2_PLACEMENT_3D('',#7649,#7650,#7651);
#7649 = CARTESIAN_POINT('',(97.89,-60.89,-4.6E-02));
#7650 = DIRECTION('',(-0.,-0.,-1.));
#7651 = DIRECTION('',(-0.,-1.,0.));
#7652 = ADVANCED_FACE('',(#7653),#7664,.F.);
#7653 = FACE_BOUND('',#7654,.T.);
#7654 = EDGE_LOOP('',(#7655,#7656,#7662,#7663));
#7655 = ORIENTED_EDGE('',*,*,#5475,.T.);
#7656 = ORIENTED_EDGE('',*,*,#7657,.T.);
#7657 = EDGE_CURVE('',#5476,#6461,#7658,.T.);
#7658 = LINE('',#7659,#7660);
#7659 = CARTESIAN_POINT('',(100.43,-61.39,-4.6E-02));
#7660 = VECTOR('',#7661,1.);
#7661 = DIRECTION('',(0.,0.,1.));
#7662 = ORIENTED_EDGE('',*,*,#6460,.F.);
#7663 = ORIENTED_EDGE('',*,*,#7657,.F.);
#7664 = CYLINDRICAL_SURFACE('',#7665,0.5);
#7665 = AXIS2_PLACEMENT_3D('',#7666,#7667,#7668);
#7666 = CARTESIAN_POINT('',(100.43,-60.89,-4.6E-02));
#7667 = DIRECTION('',(-0.,-0.,-1.));
#7668 = DIRECTION('',(-0.,-1.,0.));
#7669 = ADVANCED_FACE('',(#7670),#7681,.F.);
#7670 = FACE_BOUND('',#7671,.T.);
#7671 = EDGE_LOOP('',(#7672,#7673,#7679,#7680));
#7672 = ORIENTED_EDGE('',*,*,#5486,.T.);
#7673 = ORIENTED_EDGE('',*,*,#7674,.T.);
#7674 = EDGE_CURVE('',#5487,#6472,#7675,.T.);
#7675 = LINE('',#7676,#7677);
#7676 = CARTESIAN_POINT('',(77.57,-58.85,-4.6E-02));
#7677 = VECTOR('',#7678,1.);
#7678 = DIRECTION('',(0.,0.,1.));
#7679 = ORIENTED_EDGE('',*,*,#6471,.F.);
#7680 = ORIENTED_EDGE('',*,*,#7674,.F.);
#7681 = CYLINDRICAL_SURFACE('',#7682,0.5);
#7682 = AXIS2_PLACEMENT_3D('',#7683,#7684,#7685);
#7683 = CARTESIAN_POINT('',(77.57,-58.35,-4.6E-02));
#7684 = DIRECTION('',(-0.,-0.,-1.));
#7685 = DIRECTION('',(-0.,-1.,0.));
#7686 = ADVANCED_FACE('',(#7687),#7698,.F.);
#7687 = FACE_BOUND('',#7688,.T.);
#7688 = EDGE_LOOP('',(#7689,#7690,#7696,#7697));
#7689 = ORIENTED_EDGE('',*,*,#5497,.T.);
#7690 = ORIENTED_EDGE('',*,*,#7691,.T.);
#7691 = EDGE_CURVE('',#5498,#6483,#7692,.T.);
#7692 = LINE('',#7693,#7694);
#7693 = CARTESIAN_POINT('',(80.11,-58.85,-4.6E-02));
#7694 = VECTOR('',#7695,1.);
#7695 = DIRECTION('',(0.,0.,1.));
#7696 = ORIENTED_EDGE('',*,*,#6482,.F.);
#7697 = ORIENTED_EDGE('',*,*,#7691,.F.);
#7698 = CYLINDRICAL_SURFACE('',#7699,0.5);
#7699 = AXIS2_PLACEMENT_3D('',#7700,#7701,#7702);
#7700 = CARTESIAN_POINT('',(80.11,-58.35,-4.6E-02));
#7701 = DIRECTION('',(-0.,-0.,-1.));
#7702 = DIRECTION('',(-0.,-1.,0.));
#7703 = ADVANCED_FACE('',(#7704),#7715,.F.);
#7704 = FACE_BOUND('',#7705,.T.);
#7705 = EDGE_LOOP('',(#7706,#7707,#7713,#7714));
#7706 = ORIENTED_EDGE('',*,*,#5508,.T.);
#7707 = ORIENTED_EDGE('',*,*,#7708,.T.);
#7708 = EDGE_CURVE('',#5509,#6494,#7709,.T.);
#7709 = LINE('',#7710,#7711);
#7710 = CARTESIAN_POINT('',(77.57,-56.309999,-4.6E-02));
#7711 = VECTOR('',#7712,1.);
#7712 = DIRECTION('',(0.,0.,1.));
#7713 = ORIENTED_EDGE('',*,*,#6493,.F.);
#7714 = ORIENTED_EDGE('',*,*,#7708,.F.);
#7715 = CYLINDRICAL_SURFACE('',#7716,0.5);
#7716 = AXIS2_PLACEMENT_3D('',#7717,#7718,#7719);
#7717 = CARTESIAN_POINT('',(77.57,-55.809999,-4.6E-02));
#7718 = DIRECTION('',(-0.,-0.,-1.));
#7719 = DIRECTION('',(-0.,-1.,0.));
#7720 = ADVANCED_FACE('',(#7721),#7732,.F.);
#7721 = FACE_BOUND('',#7722,.T.);
#7722 = EDGE_LOOP('',(#7723,#7724,#7730,#7731));
#7723 = ORIENTED_EDGE('',*,*,#5519,.T.);
#7724 = ORIENTED_EDGE('',*,*,#7725,.T.);
#7725 = EDGE_CURVE('',#5520,#6505,#7726,.T.);
#7726 = LINE('',#7727,#7728);
#7727 = CARTESIAN_POINT('',(80.11,-56.309999,-4.6E-02));
#7728 = VECTOR('',#7729,1.);
#7729 = DIRECTION('',(0.,0.,1.));
#7730 = ORIENTED_EDGE('',*,*,#6504,.F.);
#7731 = ORIENTED_EDGE('',*,*,#7725,.F.);
#7732 = CYLINDRICAL_SURFACE('',#7733,0.5);
#7733 = AXIS2_PLACEMENT_3D('',#7734,#7735,#7736);
#7734 = CARTESIAN_POINT('',(80.11,-55.809999,-4.6E-02));
#7735 = DIRECTION('',(-0.,-0.,-1.));
#7736 = DIRECTION('',(-0.,-1.,0.));
#7737 = ADVANCED_FACE('',(#7738),#7749,.F.);
#7738 = FACE_BOUND('',#7739,.T.);
#7739 = EDGE_LOOP('',(#7740,#7741,#7747,#7748));
#7740 = ORIENTED_EDGE('',*,*,#5530,.T.);
#7741 = ORIENTED_EDGE('',*,*,#7742,.T.);
#7742 = EDGE_CURVE('',#5531,#6516,#7743,.T.);
#7743 = LINE('',#7744,#7745);
#7744 = CARTESIAN_POINT('',(77.57,-53.769999,-4.6E-02));
#7745 = VECTOR('',#7746,1.);
#7746 = DIRECTION('',(0.,0.,1.));
#7747 = ORIENTED_EDGE('',*,*,#6515,.F.);
#7748 = ORIENTED_EDGE('',*,*,#7742,.F.);
#7749 = CYLINDRICAL_SURFACE('',#7750,0.5);
#7750 = AXIS2_PLACEMENT_3D('',#7751,#7752,#7753);
#7751 = CARTESIAN_POINT('',(77.57,-53.269999,-4.6E-02));
#7752 = DIRECTION('',(-0.,-0.,-1.));
#7753 = DIRECTION('',(-0.,-1.,0.));
#7754 = ADVANCED_FACE('',(#7755),#7766,.F.);
#7755 = FACE_BOUND('',#7756,.T.);
#7756 = EDGE_LOOP('',(#7757,#7758,#7764,#7765));
#7757 = ORIENTED_EDGE('',*,*,#5541,.T.);
#7758 = ORIENTED_EDGE('',*,*,#7759,.T.);
#7759 = EDGE_CURVE('',#5542,#6527,#7760,.T.);
#7760 = LINE('',#7761,#7762);
#7761 = CARTESIAN_POINT('',(80.11,-53.769999,-4.6E-02));
#7762 = VECTOR('',#7763,1.);
#7763 = DIRECTION('',(0.,0.,1.));
#7764 = ORIENTED_EDGE('',*,*,#6526,.F.);
#7765 = ORIENTED_EDGE('',*,*,#7759,.F.);
#7766 = CYLINDRICAL_SURFACE('',#7767,0.5);
#7767 = AXIS2_PLACEMENT_3D('',#7768,#7769,#7770);
#7768 = CARTESIAN_POINT('',(80.11,-53.269999,-4.6E-02));
#7769 = DIRECTION('',(-0.,-0.,-1.));
#7770 = DIRECTION('',(-0.,-1.,0.));
#7771 = ADVANCED_FACE('',(#7772),#7783,.F.);
#7772 = FACE_BOUND('',#7773,.T.);
#7773 = EDGE_LOOP('',(#7774,#7775,#7781,#7782));
#7774 = ORIENTED_EDGE('',*,*,#5552,.T.);
#7775 = ORIENTED_EDGE('',*,*,#7776,.T.);
#7776 = EDGE_CURVE('',#5553,#6538,#7777,.T.);
#7777 = LINE('',#7778,#7779);
#7778 = CARTESIAN_POINT('',(77.57,-51.23,-4.6E-02));
#7779 = VECTOR('',#7780,1.);
#7780 = DIRECTION('',(0.,0.,1.));
#7781 = ORIENTED_EDGE('',*,*,#6537,.F.);
#7782 = ORIENTED_EDGE('',*,*,#7776,.F.);
#7783 = CYLINDRICAL_SURFACE('',#7784,0.5);
#7784 = AXIS2_PLACEMENT_3D('',#7785,#7786,#7787);
#7785 = CARTESIAN_POINT('',(77.57,-50.73,-4.6E-02));
#7786 = DIRECTION('',(-0.,-0.,-1.));
#7787 = DIRECTION('',(-0.,-1.,0.));
#7788 = ADVANCED_FACE('',(#7789),#7800,.F.);
#7789 = FACE_BOUND('',#7790,.T.);
#7790 = EDGE_LOOP('',(#7791,#7792,#7798,#7799));
#7791 = ORIENTED_EDGE('',*,*,#5563,.T.);
#7792 = ORIENTED_EDGE('',*,*,#7793,.T.);
#7793 = EDGE_CURVE('',#5564,#6549,#7794,.T.);
#7794 = LINE('',#7795,#7796);
#7795 = CARTESIAN_POINT('',(80.11,-51.23,-4.6E-02));
#7796 = VECTOR('',#7797,1.);
#7797 = DIRECTION('',(0.,0.,1.));
#7798 = ORIENTED_EDGE('',*,*,#6548,.F.);
#7799 = ORIENTED_EDGE('',*,*,#7793,.F.);
#7800 = CYLINDRICAL_SURFACE('',#7801,0.5);
#7801 = AXIS2_PLACEMENT_3D('',#7802,#7803,#7804);
#7802 = CARTESIAN_POINT('',(80.11,-50.73,-4.6E-02));
#7803 = DIRECTION('',(-0.,-0.,-1.));
#7804 = DIRECTION('',(-0.,-1.,0.));
#7805 = ADVANCED_FACE('',(#7806),#7817,.F.);
#7806 = FACE_BOUND('',#7807,.T.);
#7807 = EDGE_LOOP('',(#7808,#7809,#7815,#7816));
#7808 = ORIENTED_EDGE('',*,*,#5574,.T.);
#7809 = ORIENTED_EDGE('',*,*,#7810,.T.);
#7810 = EDGE_CURVE('',#5575,#6560,#7811,.T.);
#7811 = LINE('',#7812,#7813);
#7812 = CARTESIAN_POINT('',(77.57,-48.69,-4.6E-02));
#7813 = VECTOR('',#7814,1.);
#7814 = DIRECTION('',(0.,0.,1.));
#7815 = ORIENTED_EDGE('',*,*,#6559,.F.);
#7816 = ORIENTED_EDGE('',*,*,#7810,.F.);
#7817 = CYLINDRICAL_SURFACE('',#7818,0.5);
#7818 = AXIS2_PLACEMENT_3D('',#7819,#7820,#7821);
#7819 = CARTESIAN_POINT('',(77.57,-48.19,-4.6E-02));
#7820 = DIRECTION('',(-0.,-0.,-1.));
#7821 = DIRECTION('',(-0.,-1.,0.));
#7822 = ADVANCED_FACE('',(#7823),#7834,.F.);
#7823 = FACE_BOUND('',#7824,.T.);
#7824 = EDGE_LOOP('',(#7825,#7826,#7832,#7833));
#7825 = ORIENTED_EDGE('',*,*,#5585,.T.);
#7826 = ORIENTED_EDGE('',*,*,#7827,.T.);
#7827 = EDGE_CURVE('',#5586,#6571,#7828,.T.);
#7828 = LINE('',#7829,#7830);
#7829 = CARTESIAN_POINT('',(80.11,-48.69,-4.6E-02));
#7830 = VECTOR('',#7831,1.);
#7831 = DIRECTION('',(0.,0.,1.));
#7832 = ORIENTED_EDGE('',*,*,#6570,.F.);
#7833 = ORIENTED_EDGE('',*,*,#7827,.F.);
#7834 = CYLINDRICAL_SURFACE('',#7835,0.5);
#7835 = AXIS2_PLACEMENT_3D('',#7836,#7837,#7838);
#7836 = CARTESIAN_POINT('',(80.11,-48.19,-4.6E-02));
#7837 = DIRECTION('',(-0.,-0.,-1.));
#7838 = DIRECTION('',(-0.,-1.,0.));
#7839 = ADVANCED_FACE('',(#7840),#7851,.F.);
#7840 = FACE_BOUND('',#7841,.T.);
#7841 = EDGE_LOOP('',(#7842,#7843,#7849,#7850));
#7842 = ORIENTED_EDGE('',*,*,#5596,.T.);
#7843 = ORIENTED_EDGE('',*,*,#7844,.T.);
#7844 = EDGE_CURVE('',#5597,#6582,#7845,.T.);
#7845 = LINE('',#7846,#7847);
#7846 = CARTESIAN_POINT('',(77.57,-46.15,-4.6E-02));
#7847 = VECTOR('',#7848,1.);
#7848 = DIRECTION('',(0.,0.,1.));
#7849 = ORIENTED_EDGE('',*,*,#6581,.F.);
#7850 = ORIENTED_EDGE('',*,*,#7844,.F.);
#7851 = CYLINDRICAL_SURFACE('',#7852,0.5);
#7852 = AXIS2_PLACEMENT_3D('',#7853,#7854,#7855);
#7853 = CARTESIAN_POINT('',(77.57,-45.65,-4.6E-02));
#7854 = DIRECTION('',(-0.,-0.,-1.));
#7855 = DIRECTION('',(-0.,-1.,0.));
#7856 = ADVANCED_FACE('',(#7857),#7868,.F.);
#7857 = FACE_BOUND('',#7858,.T.);
#7858 = EDGE_LOOP('',(#7859,#7860,#7866,#7867));
#7859 = ORIENTED_EDGE('',*,*,#5607,.T.);
#7860 = ORIENTED_EDGE('',*,*,#7861,.T.);
#7861 = EDGE_CURVE('',#5608,#6593,#7862,.T.);
#7862 = LINE('',#7863,#7864);
#7863 = CARTESIAN_POINT('',(80.11,-46.15,-4.6E-02));
#7864 = VECTOR('',#7865,1.);
#7865 = DIRECTION('',(0.,0.,1.));
#7866 = ORIENTED_EDGE('',*,*,#6592,.F.);
#7867 = ORIENTED_EDGE('',*,*,#7861,.F.);
#7868 = CYLINDRICAL_SURFACE('',#7869,0.5);
#7869 = AXIS2_PLACEMENT_3D('',#7870,#7871,#7872);
#7870 = CARTESIAN_POINT('',(80.11,-45.65,-4.6E-02));
#7871 = DIRECTION('',(-0.,-0.,-1.));
#7872 = DIRECTION('',(-0.,-1.,0.));
#7873 = ADVANCED_FACE('',(#7874),#7885,.F.);
#7874 = FACE_BOUND('',#7875,.T.);
#7875 = EDGE_LOOP('',(#7876,#7877,#7883,#7884));
#7876 = ORIENTED_EDGE('',*,*,#5618,.T.);
#7877 = ORIENTED_EDGE('',*,*,#7878,.T.);
#7878 = EDGE_CURVE('',#5619,#6604,#7879,.T.);
#7879 = LINE('',#7880,#7881);
#7880 = CARTESIAN_POINT('',(77.57,-43.61,-4.6E-02));
#7881 = VECTOR('',#7882,1.);
#7882 = DIRECTION('',(0.,0.,1.));
#7883 = ORIENTED_EDGE('',*,*,#6603,.F.);
#7884 = ORIENTED_EDGE('',*,*,#7878,.F.);
#7885 = CYLINDRICAL_SURFACE('',#7886,0.5);
#7886 = AXIS2_PLACEMENT_3D('',#7887,#7888,#7889);
#7887 = CARTESIAN_POINT('',(77.57,-43.11,-4.6E-02));
#7888 = DIRECTION('',(-0.,-0.,-1.));
#7889 = DIRECTION('',(-0.,-1.,0.));
#7890 = ADVANCED_FACE('',(#7891),#7902,.F.);
#7891 = FACE_BOUND('',#7892,.T.);
#7892 = EDGE_LOOP('',(#7893,#7894,#7900,#7901));
#7893 = ORIENTED_EDGE('',*,*,#5629,.T.);
#7894 = ORIENTED_EDGE('',*,*,#7895,.T.);
#7895 = EDGE_CURVE('',#5630,#6615,#7896,.T.);
#7896 = LINE('',#7897,#7898);
#7897 = CARTESIAN_POINT('',(80.11,-43.61,-4.6E-02));
#7898 = VECTOR('',#7899,1.);
#7899 = DIRECTION('',(0.,0.,1.));
#7900 = ORIENTED_EDGE('',*,*,#6614,.F.);
#7901 = ORIENTED_EDGE('',*,*,#7895,.F.);
#7902 = CYLINDRICAL_SURFACE('',#7903,0.5);
#7903 = AXIS2_PLACEMENT_3D('',#7904,#7905,#7906);
#7904 = CARTESIAN_POINT('',(80.11,-43.11,-4.6E-02));
#7905 = DIRECTION('',(-0.,-0.,-1.));
#7906 = DIRECTION('',(-0.,-1.,0.));
#7907 = ADVANCED_FACE('',(#7908),#7919,.F.);
#7908 = FACE_BOUND('',#7909,.T.);
#7909 = EDGE_LOOP('',(#7910,#7911,#7917,#7918));
#7910 = ORIENTED_EDGE('',*,*,#5640,.T.);
#7911 = ORIENTED_EDGE('',*,*,#7912,.T.);
#7912 = EDGE_CURVE('',#5641,#6626,#7913,.T.);
#7913 = LINE('',#7914,#7915);
#7914 = CARTESIAN_POINT('',(82.65,-43.61,-4.6E-02));
#7915 = VECTOR('',#7916,1.);
#7916 = DIRECTION('',(0.,0.,1.));
#7917 = ORIENTED_EDGE('',*,*,#6625,.F.);
#7918 = ORIENTED_EDGE('',*,*,#7912,.F.);
#7919 = CYLINDRICAL_SURFACE('',#7920,0.5);
#7920 = AXIS2_PLACEMENT_3D('',#7921,#7922,#7923);
#7921 = CARTESIAN_POINT('',(82.65,-43.11,-4.6E-02));
#7922 = DIRECTION('',(-0.,-0.,-1.));
#7923 = DIRECTION('',(-0.,-1.,0.));
#7924 = ADVANCED_FACE('',(#7925),#7936,.F.);
#7925 = FACE_BOUND('',#7926,.T.);
#7926 = EDGE_LOOP('',(#7927,#7928,#7934,#7935));
#7927 = ORIENTED_EDGE('',*,*,#5651,.T.);
#7928 = ORIENTED_EDGE('',*,*,#7929,.T.);
#7929 = EDGE_CURVE('',#5652,#6637,#7930,.T.);
#7930 = LINE('',#7931,#7932);
#7931 = CARTESIAN_POINT('',(85.190001,-43.61,-4.6E-02));
#7932 = VECTOR('',#7933,1.);
#7933 = DIRECTION('',(0.,0.,1.));
#7934 = ORIENTED_EDGE('',*,*,#6636,.F.);
#7935 = ORIENTED_EDGE('',*,*,#7929,.F.);
#7936 = CYLINDRICAL_SURFACE('',#7937,0.5);
#7937 = AXIS2_PLACEMENT_3D('',#7938,#7939,#7940);
#7938 = CARTESIAN_POINT('',(85.190001,-43.11,-4.6E-02));
#7939 = DIRECTION('',(-0.,-0.,-1.));
#7940 = DIRECTION('',(-0.,-1.,0.));
#7941 = ADVANCED_FACE('',(#7942),#7953,.F.);
#7942 = FACE_BOUND('',#7943,.T.);
#7943 = EDGE_LOOP('',(#7944,#7945,#7951,#7952));
#7944 = ORIENTED_EDGE('',*,*,#5662,.T.);
#7945 = ORIENTED_EDGE('',*,*,#7946,.T.);
#7946 = EDGE_CURVE('',#5663,#6648,#7947,.T.);
#7947 = LINE('',#7948,#7949);
#7948 = CARTESIAN_POINT('',(87.730001,-43.61,-4.6E-02));
#7949 = VECTOR('',#7950,1.);
#7950 = DIRECTION('',(0.,0.,1.));
#7951 = ORIENTED_EDGE('',*,*,#6647,.F.);
#7952 = ORIENTED_EDGE('',*,*,#7946,.F.);
#7953 = CYLINDRICAL_SURFACE('',#7954,0.5);
#7954 = AXIS2_PLACEMENT_3D('',#7955,#7956,#7957);
#7955 = CARTESIAN_POINT('',(87.730001,-43.11,-4.6E-02));
#7956 = DIRECTION('',(-0.,-0.,-1.));
#7957 = DIRECTION('',(-0.,-1.,0.));
#7958 = ADVANCED_FACE('',(#7959),#7970,.F.);
#7959 = FACE_BOUND('',#7960,.T.);
#7960 = EDGE_LOOP('',(#7961,#7962,#7968,#7969));
#7961 = ORIENTED_EDGE('',*,*,#5673,.T.);
#7962 = ORIENTED_EDGE('',*,*,#7963,.T.);
#7963 = EDGE_CURVE('',#5674,#6659,#7964,.T.);
#7964 = LINE('',#7965,#7966);
#7965 = CARTESIAN_POINT('',(24.,-25.35,-4.6E-02));
#7966 = VECTOR('',#7967,1.);
#7967 = DIRECTION('',(0.,0.,1.));
#7968 = ORIENTED_EDGE('',*,*,#6658,.F.);
#7969 = ORIENTED_EDGE('',*,*,#7963,.F.);
#7970 = CYLINDRICAL_SURFACE('',#7971,1.35);
#7971 = AXIS2_PLACEMENT_3D('',#7972,#7973,#7974);
#7972 = CARTESIAN_POINT('',(24.,-24.,-4.6E-02));
#7973 = DIRECTION('',(-0.,-0.,-1.));
#7974 = DIRECTION('',(-0.,-1.,0.));
#7975 = ADVANCED_FACE('',(#7976),#7987,.F.);
#7976 = FACE_BOUND('',#7977,.T.);
#7977 = EDGE_LOOP('',(#7978,#7979,#7985,#7986));
#7978 = ORIENTED_EDGE('',*,*,#5684,.T.);
#7979 = ORIENTED_EDGE('',*,*,#7980,.T.);
#7980 = EDGE_CURVE('',#5685,#6670,#7981,.T.);
#7981 = LINE('',#7982,#7983);
#7982 = CARTESIAN_POINT('',(77.57,-41.07,-4.6E-02));
#7983 = VECTOR('',#7984,1.);
#7984 = DIRECTION('',(0.,0.,1.));
#7985 = ORIENTED_EDGE('',*,*,#6669,.F.);
#7986 = ORIENTED_EDGE('',*,*,#7980,.F.);
#7987 = CYLINDRICAL_SURFACE('',#7988,0.5);
#7988 = AXIS2_PLACEMENT_3D('',#7989,#7990,#7991);
#7989 = CARTESIAN_POINT('',(77.57,-40.57,-4.6E-02));
#7990 = DIRECTION('',(-0.,-0.,-1.));
#7991 = DIRECTION('',(-0.,-1.,0.));
#7992 = ADVANCED_FACE('',(#7993),#8004,.F.);
#7993 = FACE_BOUND('',#7994,.T.);
#7994 = EDGE_LOOP('',(#7995,#7996,#8002,#8003));
#7995 = ORIENTED_EDGE('',*,*,#5695,.T.);
#7996 = ORIENTED_EDGE('',*,*,#7997,.T.);
#7997 = EDGE_CURVE('',#5696,#6681,#7998,.T.);
#7998 = LINE('',#7999,#8000);
#7999 = CARTESIAN_POINT('',(80.11,-41.07,-4.6E-02));
#8000 = VECTOR('',#8001,1.);
#8001 = DIRECTION('',(0.,0.,1.));
#8002 = ORIENTED_EDGE('',*,*,#6680,.F.);
#8003 = ORIENTED_EDGE('',*,*,#7997,.F.);
#8004 = CYLINDRICAL_SURFACE('',#8005,0.5);
#8005 = AXIS2_PLACEMENT_3D('',#8006,#8007,#8008);
#8006 = CARTESIAN_POINT('',(80.11,-40.57,-4.6E-02));
#8007 = DIRECTION('',(-0.,-0.,-1.));
#8008 = DIRECTION('',(-0.,-1.,0.));
#8009 = ADVANCED_FACE('',(#8010),#8021,.F.);
#8010 = FACE_BOUND('',#8011,.T.);
#8011 = EDGE_LOOP('',(#8012,#8013,#8019,#8020));
#8012 = ORIENTED_EDGE('',*,*,#5706,.T.);
#8013 = ORIENTED_EDGE('',*,*,#8014,.T.);
#8014 = EDGE_CURVE('',#5707,#6692,#8015,.T.);
#8015 = LINE('',#8016,#8017);
#8016 = CARTESIAN_POINT('',(82.65,-41.07,-4.6E-02));
#8017 = VECTOR('',#8018,1.);
#8018 = DIRECTION('',(0.,0.,1.));
#8019 = ORIENTED_EDGE('',*,*,#6691,.F.);
#8020 = ORIENTED_EDGE('',*,*,#8014,.F.);
#8021 = CYLINDRICAL_SURFACE('',#8022,0.5);
#8022 = AXIS2_PLACEMENT_3D('',#8023,#8024,#8025);
#8023 = CARTESIAN_POINT('',(82.65,-40.57,-4.6E-02));
#8024 = DIRECTION('',(-0.,-0.,-1.));
#8025 = DIRECTION('',(-0.,-1.,0.));
#8026 = ADVANCED_FACE('',(#8027),#8038,.F.);
#8027 = FACE_BOUND('',#8028,.T.);
#8028 = EDGE_LOOP('',(#8029,#8030,#8036,#8037));
#8029 = ORIENTED_EDGE('',*,*,#5717,.T.);
#8030 = ORIENTED_EDGE('',*,*,#8031,.T.);
#8031 = EDGE_CURVE('',#5718,#6703,#8032,.T.);
#8032 = LINE('',#8033,#8034);
#8033 = CARTESIAN_POINT('',(85.190001,-41.07,-4.6E-02));
#8034 = VECTOR('',#8035,1.);
#8035 = DIRECTION('',(0.,0.,1.));
#8036 = ORIENTED_EDGE('',*,*,#6702,.F.);
#8037 = ORIENTED_EDGE('',*,*,#8031,.F.);
#8038 = CYLINDRICAL_SURFACE('',#8039,0.5);
#8039 = AXIS2_PLACEMENT_3D('',#8040,#8041,#8042);
#8040 = CARTESIAN_POINT('',(85.190001,-40.57,-4.6E-02));
#8041 = DIRECTION('',(-0.,-0.,-1.));
#8042 = DIRECTION('',(-0.,-1.,0.));
#8043 = ADVANCED_FACE('',(#8044),#8055,.F.);
#8044 = FACE_BOUND('',#8045,.T.);
#8045 = EDGE_LOOP('',(#8046,#8047,#8053,#8054));
#8046 = ORIENTED_EDGE('',*,*,#5728,.T.);
#8047 = ORIENTED_EDGE('',*,*,#8048,.T.);
#8048 = EDGE_CURVE('',#5729,#6714,#8049,.T.);
#8049 = LINE('',#8050,#8051);
#8050 = CARTESIAN_POINT('',(87.730001,-41.07,-4.6E-02));
#8051 = VECTOR('',#8052,1.);
#8052 = DIRECTION('',(0.,0.,1.));
#8053 = ORIENTED_EDGE('',*,*,#6713,.F.);
#8054 = ORIENTED_EDGE('',*,*,#8048,.F.);
#8055 = CYLINDRICAL_SURFACE('',#8056,0.5);
#8056 = AXIS2_PLACEMENT_3D('',#8057,#8058,#8059);
#8057 = CARTESIAN_POINT('',(87.730001,-40.57,-4.6E-02));
#8058 = DIRECTION('',(-0.,-0.,-1.));
#8059 = DIRECTION('',(-0.,-1.,0.));
#8060 = ADVANCED_FACE('',(#8061),#8072,.F.);
#8061 = FACE_BOUND('',#8062,.T.);
#8062 = EDGE_LOOP('',(#8063,#8064,#8070,#8071));
#8063 = ORIENTED_EDGE('',*,*,#5739,.T.);
#8064 = ORIENTED_EDGE('',*,*,#8065,.T.);
#8065 = EDGE_CURVE('',#5740,#6725,#8066,.T.);
#8066 = LINE('',#8067,#8068);
#8067 = CARTESIAN_POINT('',(85.875,-23.3,-4.6E-02));
#8068 = VECTOR('',#8069,1.);
#8069 = DIRECTION('',(0.,0.,1.));
#8070 = ORIENTED_EDGE('',*,*,#6724,.F.);
#8071 = ORIENTED_EDGE('',*,*,#8065,.F.);
#8072 = CYLINDRICAL_SURFACE('',#8073,0.3);
#8073 = AXIS2_PLACEMENT_3D('',#8074,#8075,#8076);
#8074 = CARTESIAN_POINT('',(85.875,-23.,-4.6E-02));
#8075 = DIRECTION('',(-0.,-0.,-1.));
#8076 = DIRECTION('',(-0.,-1.,0.));
#8077 = ADVANCED_FACE('',(#8078),#8089,.F.);
#8078 = FACE_BOUND('',#8079,.T.);
#8079 = EDGE_LOOP('',(#8080,#8081,#8087,#8088));
#8080 = ORIENTED_EDGE('',*,*,#5750,.T.);
#8081 = ORIENTED_EDGE('',*,*,#8082,.T.);
#8082 = EDGE_CURVE('',#5751,#6736,#8083,.T.);
#8083 = LINE('',#8084,#8085);
#8084 = CARTESIAN_POINT('',(87.125,-23.3,-4.6E-02));
#8085 = VECTOR('',#8086,1.);
#8086 = DIRECTION('',(0.,0.,1.));
#8087 = ORIENTED_EDGE('',*,*,#6735,.F.);
#8088 = ORIENTED_EDGE('',*,*,#8082,.F.);
#8089 = CYLINDRICAL_SURFACE('',#8090,0.3);
#8090 = AXIS2_PLACEMENT_3D('',#8091,#8092,#8093);
#8091 = CARTESIAN_POINT('',(87.125,-23.,-4.6E-02));
#8092 = DIRECTION('',(-0.,-0.,-1.));
#8093 = DIRECTION('',(-0.,-1.,0.));
#8094 = ADVANCED_FACE('',(#8095),#8106,.F.);
#8095 = FACE_BOUND('',#8096,.T.);
#8096 = EDGE_LOOP('',(#8097,#8098,#8104,#8105));
#8097 = ORIENTED_EDGE('',*,*,#5761,.T.);
#8098 = ORIENTED_EDGE('',*,*,#8099,.T.);
#8099 = EDGE_CURVE('',#5762,#6747,#8100,.T.);
#8100 = LINE('',#8101,#8102);
#8101 = CARTESIAN_POINT('',(88.375,-23.3,-4.6E-02));
#8102 = VECTOR('',#8103,1.);
#8103 = DIRECTION('',(0.,0.,1.));
#8104 = ORIENTED_EDGE('',*,*,#6746,.F.);
#8105 = ORIENTED_EDGE('',*,*,#8099,.F.);
#8106 = CYLINDRICAL_SURFACE('',#8107,0.3);
#8107 = AXIS2_PLACEMENT_3D('',#8108,#8109,#8110);
#8108 = CARTESIAN_POINT('',(88.375,-23.,-4.6E-02));
#8109 = DIRECTION('',(-0.,-0.,-1.));
#8110 = DIRECTION('',(-0.,-1.,0.));
#8111 = ADVANCED_FACE('',(#8112),#8123,.F.);
#8112 = FACE_BOUND('',#8113,.T.);
#8113 = EDGE_LOOP('',(#8114,#8115,#8121,#8122));
#8114 = ORIENTED_EDGE('',*,*,#5772,.T.);
#8115 = ORIENTED_EDGE('',*,*,#8116,.T.);
#8116 = EDGE_CURVE('',#5773,#6758,#8117,.T.);
#8117 = LINE('',#8118,#8119);
#8118 = CARTESIAN_POINT('',(97.89,-58.85,-4.6E-02));
#8119 = VECTOR('',#8120,1.);
#8120 = DIRECTION('',(0.,0.,1.));
#8121 = ORIENTED_EDGE('',*,*,#6757,.F.);
#8122 = ORIENTED_EDGE('',*,*,#8116,.F.);
#8123 = CYLINDRICAL_SURFACE('',#8124,0.5);
#8124 = AXIS2_PLACEMENT_3D('',#8125,#8126,#8127);
#8125 = CARTESIAN_POINT('',(97.89,-58.35,-4.6E-02));
#8126 = DIRECTION('',(-0.,-0.,-1.));
#8127 = DIRECTION('',(-0.,-1.,0.));
#8128 = ADVANCED_FACE('',(#8129),#8140,.F.);
#8129 = FACE_BOUND('',#8130,.T.);
#8130 = EDGE_LOOP('',(#8131,#8132,#8138,#8139));
#8131 = ORIENTED_EDGE('',*,*,#5783,.T.);
#8132 = ORIENTED_EDGE('',*,*,#8133,.T.);
#8133 = EDGE_CURVE('',#5784,#6769,#8134,.T.);
#8134 = LINE('',#8135,#8136);
#8135 = CARTESIAN_POINT('',(100.43,-58.85,-4.6E-02));
#8136 = VECTOR('',#8137,1.);
#8137 = DIRECTION('',(0.,0.,1.));
#8138 = ORIENTED_EDGE('',*,*,#6768,.F.);
#8139 = ORIENTED_EDGE('',*,*,#8133,.F.);
#8140 = CYLINDRICAL_SURFACE('',#8141,0.5);
#8141 = AXIS2_PLACEMENT_3D('',#8142,#8143,#8144);
#8142 = CARTESIAN_POINT('',(100.43,-58.35,-4.6E-02));
#8143 = DIRECTION('',(-0.,-0.,-1.));
#8144 = DIRECTION('',(-0.,-1.,0.));
#8145 = ADVANCED_FACE('',(#8146),#8157,.F.);
#8146 = FACE_BOUND('',#8147,.T.);
#8147 = EDGE_LOOP('',(#8148,#8149,#8155,#8156));
#8148 = ORIENTED_EDGE('',*,*,#5794,.T.);
#8149 = ORIENTED_EDGE('',*,*,#8150,.T.);
#8150 = EDGE_CURVE('',#5795,#6780,#8151,.T.);
#8151 = LINE('',#8152,#8153);
#8152 = CARTESIAN_POINT('',(97.89,-56.31,-4.6E-02));
#8153 = VECTOR('',#8154,1.);
#8154 = DIRECTION('',(0.,0.,1.));
#8155 = ORIENTED_EDGE('',*,*,#6779,.F.);
#8156 = ORIENTED_EDGE('',*,*,#8150,.F.);
#8157 = CYLINDRICAL_SURFACE('',#8158,0.5);
#8158 = AXIS2_PLACEMENT_3D('',#8159,#8160,#8161);
#8159 = CARTESIAN_POINT('',(97.89,-55.81,-4.6E-02));
#8160 = DIRECTION('',(-0.,-0.,-1.));
#8161 = DIRECTION('',(-0.,-1.,0.));
#8162 = ADVANCED_FACE('',(#8163),#8174,.F.);
#8163 = FACE_BOUND('',#8164,.T.);
#8164 = EDGE_LOOP('',(#8165,#8166,#8172,#8173));
#8165 = ORIENTED_EDGE('',*,*,#5805,.T.);
#8166 = ORIENTED_EDGE('',*,*,#8167,.T.);
#8167 = EDGE_CURVE('',#5806,#6791,#8168,.T.);
#8168 = LINE('',#8169,#8170);
#8169 = CARTESIAN_POINT('',(100.43,-56.31,-4.6E-02));
#8170 = VECTOR('',#8171,1.);
#8171 = DIRECTION('',(0.,0.,1.));
#8172 = ORIENTED_EDGE('',*,*,#6790,.F.);
#8173 = ORIENTED_EDGE('',*,*,#8167,.F.);
#8174 = CYLINDRICAL_SURFACE('',#8175,0.5);
#8175 = AXIS2_PLACEMENT_3D('',#8176,#8177,#8178);
#8176 = CARTESIAN_POINT('',(100.43,-55.81,-4.6E-02));
#8177 = DIRECTION('',(-0.,-0.,-1.));
#8178 = DIRECTION('',(-0.,-1.,0.));
#8179 = ADVANCED_FACE('',(#8180),#8191,.F.);
#8180 = FACE_BOUND('',#8181,.T.);
#8181 = EDGE_LOOP('',(#8182,#8183,#8189,#8190));
#8182 = ORIENTED_EDGE('',*,*,#5816,.T.);
#8183 = ORIENTED_EDGE('',*,*,#8184,.T.);
#8184 = EDGE_CURVE('',#5817,#6802,#8185,.T.);
#8185 = LINE('',#8186,#8187);
#8186 = CARTESIAN_POINT('',(97.89,-53.77,-4.6E-02));
#8187 = VECTOR('',#8188,1.);
#8188 = DIRECTION('',(0.,0.,1.));
#8189 = ORIENTED_EDGE('',*,*,#6801,.F.);
#8190 = ORIENTED_EDGE('',*,*,#8184,.F.);
#8191 = CYLINDRICAL_SURFACE('',#8192,0.5);
#8192 = AXIS2_PLACEMENT_3D('',#8193,#8194,#8195);
#8193 = CARTESIAN_POINT('',(97.89,-53.27,-4.6E-02));
#8194 = DIRECTION('',(-0.,-0.,-1.));
#8195 = DIRECTION('',(-0.,-1.,0.));
#8196 = ADVANCED_FACE('',(#8197),#8208,.F.);
#8197 = FACE_BOUND('',#8198,.T.);
#8198 = EDGE_LOOP('',(#8199,#8200,#8206,#8207));
#8199 = ORIENTED_EDGE('',*,*,#5827,.T.);
#8200 = ORIENTED_EDGE('',*,*,#8201,.T.);
#8201 = EDGE_CURVE('',#5828,#6813,#8202,.T.);
#8202 = LINE('',#8203,#8204);
#8203 = CARTESIAN_POINT('',(100.43,-53.77,-4.6E-02));
#8204 = VECTOR('',#8205,1.);
#8205 = DIRECTION('',(0.,0.,1.));
#8206 = ORIENTED_EDGE('',*,*,#6812,.F.);
#8207 = ORIENTED_EDGE('',*,*,#8201,.F.);
#8208 = CYLINDRICAL_SURFACE('',#8209,0.5);
#8209 = AXIS2_PLACEMENT_3D('',#8210,#8211,#8212);
#8210 = CARTESIAN_POINT('',(100.43,-53.27,-4.6E-02));
#8211 = DIRECTION('',(-0.,-0.,-1.));
#8212 = DIRECTION('',(-0.,-1.,0.));
#8213 = ADVANCED_FACE('',(#8214),#8225,.F.);
#8214 = FACE_BOUND('',#8215,.T.);
#8215 = EDGE_LOOP('',(#8216,#8217,#8223,#8224));
#8216 = ORIENTED_EDGE('',*,*,#5838,.T.);
#8217 = ORIENTED_EDGE('',*,*,#8218,.T.);
#8218 = EDGE_CURVE('',#5839,#6824,#8219,.T.);
#8219 = LINE('',#8220,#8221);
#8220 = CARTESIAN_POINT('',(97.89,-51.230001,-4.6E-02));
#8221 = VECTOR('',#8222,1.);
#8222 = DIRECTION('',(0.,0.,1.));
#8223 = ORIENTED_EDGE('',*,*,#6823,.F.);
#8224 = ORIENTED_EDGE('',*,*,#8218,.F.);
#8225 = CYLINDRICAL_SURFACE('',#8226,0.5);
#8226 = AXIS2_PLACEMENT_3D('',#8227,#8228,#8229);
#8227 = CARTESIAN_POINT('',(97.89,-50.730001,-4.6E-02));
#8228 = DIRECTION('',(-0.,-0.,-1.));
#8229 = DIRECTION('',(-0.,-1.,0.));
#8230 = ADVANCED_FACE('',(#8231),#8242,.F.);
#8231 = FACE_BOUND('',#8232,.T.);
#8232 = EDGE_LOOP('',(#8233,#8234,#8240,#8241));
#8233 = ORIENTED_EDGE('',*,*,#5849,.T.);
#8234 = ORIENTED_EDGE('',*,*,#8235,.T.);
#8235 = EDGE_CURVE('',#5850,#6835,#8236,.T.);
#8236 = LINE('',#8237,#8238);
#8237 = CARTESIAN_POINT('',(100.43,-51.230001,-4.6E-02));
#8238 = VECTOR('',#8239,1.);
#8239 = DIRECTION('',(0.,0.,1.));
#8240 = ORIENTED_EDGE('',*,*,#6834,.F.);
#8241 = ORIENTED_EDGE('',*,*,#8235,.F.);
#8242 = CYLINDRICAL_SURFACE('',#8243,0.5);
#8243 = AXIS2_PLACEMENT_3D('',#8244,#8245,#8246);
#8244 = CARTESIAN_POINT('',(100.43,-50.730001,-4.6E-02));
#8245 = DIRECTION('',(-0.,-0.,-1.));
#8246 = DIRECTION('',(-0.,-1.,0.));
#8247 = ADVANCED_FACE('',(#8248),#8259,.F.);
#8248 = FACE_BOUND('',#8249,.T.);
#8249 = EDGE_LOOP('',(#8250,#8251,#8257,#8258));
#8250 = ORIENTED_EDGE('',*,*,#5860,.T.);
#8251 = ORIENTED_EDGE('',*,*,#8252,.T.);
#8252 = EDGE_CURVE('',#5861,#6846,#8253,.T.);
#8253 = LINE('',#8254,#8255);
#8254 = CARTESIAN_POINT('',(97.89,-48.690001,-4.6E-02));
#8255 = VECTOR('',#8256,1.);
#8256 = DIRECTION('',(0.,0.,1.));
#8257 = ORIENTED_EDGE('',*,*,#6845,.F.);
#8258 = ORIENTED_EDGE('',*,*,#8252,.F.);
#8259 = CYLINDRICAL_SURFACE('',#8260,0.5);
#8260 = AXIS2_PLACEMENT_3D('',#8261,#8262,#8263);
#8261 = CARTESIAN_POINT('',(97.89,-48.190001,-4.6E-02));
#8262 = DIRECTION('',(-0.,-0.,-1.));
#8263 = DIRECTION('',(-0.,-1.,0.));
#8264 = ADVANCED_FACE('',(#8265),#8276,.F.);
#8265 = FACE_BOUND('',#8266,.T.);
#8266 = EDGE_LOOP('',(#8267,#8268,#8274,#8275));
#8267 = ORIENTED_EDGE('',*,*,#5871,.T.);
#8268 = ORIENTED_EDGE('',*,*,#8269,.T.);
#8269 = EDGE_CURVE('',#5872,#6857,#8270,.T.);
#8270 = LINE('',#8271,#8272);
#8271 = CARTESIAN_POINT('',(100.43,-48.690001,-4.6E-02));
#8272 = VECTOR('',#8273,1.);
#8273 = DIRECTION('',(0.,0.,1.));
#8274 = ORIENTED_EDGE('',*,*,#6856,.F.);
#8275 = ORIENTED_EDGE('',*,*,#8269,.F.);
#8276 = CYLINDRICAL_SURFACE('',#8277,0.5);
#8277 = AXIS2_PLACEMENT_3D('',#8278,#8279,#8280);
#8278 = CARTESIAN_POINT('',(100.43,-48.190001,-4.6E-02));
#8279 = DIRECTION('',(-0.,-0.,-1.));
#8280 = DIRECTION('',(-0.,-1.,0.));
#8281 = ADVANCED_FACE('',(#8282),#8293,.F.);
#8282 = FACE_BOUND('',#8283,.T.);
#8283 = EDGE_LOOP('',(#8284,#8285,#8291,#8292));
#8284 = ORIENTED_EDGE('',*,*,#5882,.T.);
#8285 = ORIENTED_EDGE('',*,*,#8286,.T.);
#8286 = EDGE_CURVE('',#5883,#6868,#8287,.T.);
#8287 = LINE('',#8288,#8289);
#8288 = CARTESIAN_POINT('',(97.89,-46.15,-4.6E-02));
#8289 = VECTOR('',#8290,1.);
#8290 = DIRECTION('',(0.,0.,1.));
#8291 = ORIENTED_EDGE('',*,*,#6867,.F.);
#8292 = ORIENTED_EDGE('',*,*,#8286,.F.);
#8293 = CYLINDRICAL_SURFACE('',#8294,0.5);
#8294 = AXIS2_PLACEMENT_3D('',#8295,#8296,#8297);
#8295 = CARTESIAN_POINT('',(97.89,-45.65,-4.6E-02));
#8296 = DIRECTION('',(-0.,-0.,-1.));
#8297 = DIRECTION('',(-0.,-1.,0.));
#8298 = ADVANCED_FACE('',(#8299),#8310,.F.);
#8299 = FACE_BOUND('',#8300,.T.);
#8300 = EDGE_LOOP('',(#8301,#8302,#8308,#8309));
#8301 = ORIENTED_EDGE('',*,*,#5893,.T.);
#8302 = ORIENTED_EDGE('',*,*,#8303,.T.);
#8303 = EDGE_CURVE('',#5894,#6879,#8304,.T.);
#8304 = LINE('',#8305,#8306);
#8305 = CARTESIAN_POINT('',(100.43,-46.15,-4.6E-02));
#8306 = VECTOR('',#8307,1.);
#8307 = DIRECTION('',(0.,0.,1.));
#8308 = ORIENTED_EDGE('',*,*,#6878,.F.);
#8309 = ORIENTED_EDGE('',*,*,#8303,.F.);
#8310 = CYLINDRICAL_SURFACE('',#8311,0.5);
#8311 = AXIS2_PLACEMENT_3D('',#8312,#8313,#8314);
#8312 = CARTESIAN_POINT('',(100.43,-45.65,-4.6E-02));
#8313 = DIRECTION('',(-0.,-0.,-1.));
#8314 = DIRECTION('',(-0.,-1.,0.));
#8315 = ADVANCED_FACE('',(#8316),#8327,.F.);
#8316 = FACE_BOUND('',#8317,.T.);
#8317 = EDGE_LOOP('',(#8318,#8319,#8325,#8326));
#8318 = ORIENTED_EDGE('',*,*,#5904,.T.);
#8319 = ORIENTED_EDGE('',*,*,#8320,.T.);
#8320 = EDGE_CURVE('',#5905,#6890,#8321,.T.);
#8321 = LINE('',#8322,#8323);
#8322 = CARTESIAN_POINT('',(90.27,-43.61,-4.6E-02));
#8323 = VECTOR('',#8324,1.);
#8324 = DIRECTION('',(0.,0.,1.));
#8325 = ORIENTED_EDGE('',*,*,#6889,.F.);
#8326 = ORIENTED_EDGE('',*,*,#8320,.F.);
#8327 = CYLINDRICAL_SURFACE('',#8328,0.5);
#8328 = AXIS2_PLACEMENT_3D('',#8329,#8330,#8331);
#8329 = CARTESIAN_POINT('',(90.27,-43.11,-4.6E-02));
#8330 = DIRECTION('',(-0.,-0.,-1.));
#8331 = DIRECTION('',(-0.,-1.,0.));
#8332 = ADVANCED_FACE('',(#8333),#8344,.F.);
#8333 = FACE_BOUND('',#8334,.T.);
#8334 = EDGE_LOOP('',(#8335,#8336,#8342,#8343));
#8335 = ORIENTED_EDGE('',*,*,#5915,.T.);
#8336 = ORIENTED_EDGE('',*,*,#8337,.T.);
#8337 = EDGE_CURVE('',#5916,#6901,#8338,.T.);
#8338 = LINE('',#8339,#8340);
#8339 = CARTESIAN_POINT('',(92.81,-43.61,-4.6E-02));
#8340 = VECTOR('',#8341,1.);
#8341 = DIRECTION('',(0.,0.,1.));
#8342 = ORIENTED_EDGE('',*,*,#6900,.F.);
#8343 = ORIENTED_EDGE('',*,*,#8337,.F.);
#8344 = CYLINDRICAL_SURFACE('',#8345,0.5);
#8345 = AXIS2_PLACEMENT_3D('',#8346,#8347,#8348);
#8346 = CARTESIAN_POINT('',(92.81,-43.11,-4.6E-02));
#8347 = DIRECTION('',(-0.,-0.,-1.));
#8348 = DIRECTION('',(-0.,-1.,0.));
#8349 = ADVANCED_FACE('',(#8350),#8361,.F.);
#8350 = FACE_BOUND('',#8351,.T.);
#8351 = EDGE_LOOP('',(#8352,#8353,#8359,#8360));
#8352 = ORIENTED_EDGE('',*,*,#5926,.T.);
#8353 = ORIENTED_EDGE('',*,*,#8354,.T.);
#8354 = EDGE_CURVE('',#5927,#6912,#8355,.T.);
#8355 = LINE('',#8356,#8357);
#8356 = CARTESIAN_POINT('',(95.35,-43.61,-4.6E-02));
#8357 = VECTOR('',#8358,1.);
#8358 = DIRECTION('',(0.,0.,1.));
#8359 = ORIENTED_EDGE('',*,*,#6911,.F.);
#8360 = ORIENTED_EDGE('',*,*,#8354,.F.);
#8361 = CYLINDRICAL_SURFACE('',#8362,0.5);
#8362 = AXIS2_PLACEMENT_3D('',#8363,#8364,#8365);
#8363 = CARTESIAN_POINT('',(95.35,-43.11,-4.6E-02));
#8364 = DIRECTION('',(-0.,-0.,-1.));
#8365 = DIRECTION('',(-0.,-1.,0.));
#8366 = ADVANCED_FACE('',(#8367),#8378,.F.);
#8367 = FACE_BOUND('',#8368,.T.);
#8368 = EDGE_LOOP('',(#8369,#8370,#8376,#8377));
#8369 = ORIENTED_EDGE('',*,*,#5937,.T.);
#8370 = ORIENTED_EDGE('',*,*,#8371,.T.);
#8371 = EDGE_CURVE('',#5938,#6923,#8372,.T.);
#8372 = LINE('',#8373,#8374);
#8373 = CARTESIAN_POINT('',(97.89,-43.61,-4.6E-02));
#8374 = VECTOR('',#8375,1.);
#8375 = DIRECTION('',(0.,0.,1.));
#8376 = ORIENTED_EDGE('',*,*,#6922,.F.);
#8377 = ORIENTED_EDGE('',*,*,#8371,.F.);
#8378 = CYLINDRICAL_SURFACE('',#8379,0.5);
#8379 = AXIS2_PLACEMENT_3D('',#8380,#8381,#8382);
#8380 = CARTESIAN_POINT('',(97.89,-43.11,-4.6E-02));
#8381 = DIRECTION('',(-0.,-0.,-1.));
#8382 = DIRECTION('',(-0.,-1.,0.));
#8383 = ADVANCED_FACE('',(#8384),#8395,.F.);
#8384 = FACE_BOUND('',#8385,.T.);
#8385 = EDGE_LOOP('',(#8386,#8387,#8393,#8394));
#8386 = ORIENTED_EDGE('',*,*,#5948,.T.);
#8387 = ORIENTED_EDGE('',*,*,#8388,.T.);
#8388 = EDGE_CURVE('',#5949,#6934,#8389,.T.);
#8389 = LINE('',#8390,#8391);
#8390 = CARTESIAN_POINT('',(100.43,-43.61,-4.6E-02));
#8391 = VECTOR('',#8392,1.);
#8392 = DIRECTION('',(0.,0.,1.));
#8393 = ORIENTED_EDGE('',*,*,#6933,.F.);
#8394 = ORIENTED_EDGE('',*,*,#8388,.F.);
#8395 = CYLINDRICAL_SURFACE('',#8396,0.5);
#8396 = AXIS2_PLACEMENT_3D('',#8397,#8398,#8399);
#8397 = CARTESIAN_POINT('',(100.43,-43.11,-4.6E-02));
#8398 = DIRECTION('',(-0.,-0.,-1.));
#8399 = DIRECTION('',(-0.,-1.,0.));
#8400 = ADVANCED_FACE('',(#8401),#8412,.F.);
#8401 = FACE_BOUND('',#8402,.T.);
#8402 = EDGE_LOOP('',(#8403,#8404,#8410,#8411));
#8403 = ORIENTED_EDGE('',*,*,#5959,.T.);
#8404 = ORIENTED_EDGE('',*,*,#8405,.T.);
#8405 = EDGE_CURVE('',#5960,#6945,#8406,.T.);
#8406 = LINE('',#8407,#8408);
#8407 = CARTESIAN_POINT('',(90.27,-41.07,-4.6E-02));
#8408 = VECTOR('',#8409,1.);
#8409 = DIRECTION('',(0.,0.,1.));
#8410 = ORIENTED_EDGE('',*,*,#6944,.F.);
#8411 = ORIENTED_EDGE('',*,*,#8405,.F.);
#8412 = CYLINDRICAL_SURFACE('',#8413,0.5);
#8413 = AXIS2_PLACEMENT_3D('',#8414,#8415,#8416);
#8414 = CARTESIAN_POINT('',(90.27,-40.57,-4.6E-02));
#8415 = DIRECTION('',(-0.,-0.,-1.));
#8416 = DIRECTION('',(-0.,-1.,0.));
#8417 = ADVANCED_FACE('',(#8418),#8429,.F.);
#8418 = FACE_BOUND('',#8419,.T.);
#8419 = EDGE_LOOP('',(#8420,#8421,#8427,#8428));
#8420 = ORIENTED_EDGE('',*,*,#5970,.T.);
#8421 = ORIENTED_EDGE('',*,*,#8422,.T.);
#8422 = EDGE_CURVE('',#5971,#6956,#8423,.T.);
#8423 = LINE('',#8424,#8425);
#8424 = CARTESIAN_POINT('',(92.81,-41.07,-4.6E-02));
#8425 = VECTOR('',#8426,1.);
#8426 = DIRECTION('',(0.,0.,1.));
#8427 = ORIENTED_EDGE('',*,*,#6955,.F.);
#8428 = ORIENTED_EDGE('',*,*,#8422,.F.);
#8429 = CYLINDRICAL_SURFACE('',#8430,0.5);
#8430 = AXIS2_PLACEMENT_3D('',#8431,#8432,#8433);
#8431 = CARTESIAN_POINT('',(92.81,-40.57,-4.6E-02));
#8432 = DIRECTION('',(-0.,-0.,-1.));
#8433 = DIRECTION('',(-0.,-1.,0.));
#8434 = ADVANCED_FACE('',(#8435),#8446,.F.);
#8435 = FACE_BOUND('',#8436,.T.);
#8436 = EDGE_LOOP('',(#8437,#8438,#8444,#8445));
#8437 = ORIENTED_EDGE('',*,*,#5981,.T.);
#8438 = ORIENTED_EDGE('',*,*,#8439,.T.);
#8439 = EDGE_CURVE('',#5982,#6967,#8440,.T.);
#8440 = LINE('',#8441,#8442);
#8441 = CARTESIAN_POINT('',(95.35,-41.07,-4.6E-02));
#8442 = VECTOR('',#8443,1.);
#8443 = DIRECTION('',(0.,0.,1.));
#8444 = ORIENTED_EDGE('',*,*,#6966,.F.);
#8445 = ORIENTED_EDGE('',*,*,#8439,.F.);
#8446 = CYLINDRICAL_SURFACE('',#8447,0.5);
#8447 = AXIS2_PLACEMENT_3D('',#8448,#8449,#8450);
#8448 = CARTESIAN_POINT('',(95.35,-40.57,-4.6E-02));
#8449 = DIRECTION('',(-0.,-0.,-1.));
#8450 = DIRECTION('',(-0.,-1.,0.));
#8451 = ADVANCED_FACE('',(#8452),#8463,.F.);
#8452 = FACE_BOUND('',#8453,.T.);
#8453 = EDGE_LOOP('',(#8454,#8455,#8461,#8462));
#8454 = ORIENTED_EDGE('',*,*,#5992,.T.);
#8455 = ORIENTED_EDGE('',*,*,#8456,.T.);
#8456 = EDGE_CURVE('',#5993,#6978,#8457,.T.);
#8457 = LINE('',#8458,#8459);
#8458 = CARTESIAN_POINT('',(97.89,-41.07,-4.6E-02));
#8459 = VECTOR('',#8460,1.);
#8460 = DIRECTION('',(0.,0.,1.));
#8461 = ORIENTED_EDGE('',*,*,#6977,.F.);
#8462 = ORIENTED_EDGE('',*,*,#8456,.F.);
#8463 = CYLINDRICAL_SURFACE('',#8464,0.5);
#8464 = AXIS2_PLACEMENT_3D('',#8465,#8466,#8467);
#8465 = CARTESIAN_POINT('',(97.89,-40.57,-4.6E-02));
#8466 = DIRECTION('',(-0.,-0.,-1.));
#8467 = DIRECTION('',(-0.,-1.,0.));
#8468 = ADVANCED_FACE('',(#8469),#8480,.F.);
#8469 = FACE_BOUND('',#8470,.T.);
#8470 = EDGE_LOOP('',(#8471,#8472,#8478,#8479));
#8471 = ORIENTED_EDGE('',*,*,#6003,.T.);
#8472 = ORIENTED_EDGE('',*,*,#8473,.T.);
#8473 = EDGE_CURVE('',#6004,#6989,#8474,.T.);
#8474 = LINE('',#8475,#8476);
#8475 = CARTESIAN_POINT('',(100.43,-41.07,-4.6E-02));
#8476 = VECTOR('',#8477,1.);
#8477 = DIRECTION('',(0.,0.,1.));
#8478 = ORIENTED_EDGE('',*,*,#6988,.F.);
#8479 = ORIENTED_EDGE('',*,*,#8473,.F.);
#8480 = CYLINDRICAL_SURFACE('',#8481,0.5);
#8481 = AXIS2_PLACEMENT_3D('',#8482,#8483,#8484);
#8482 = CARTESIAN_POINT('',(100.43,-40.57,-4.6E-02));
#8483 = DIRECTION('',(-0.,-0.,-1.));
#8484 = DIRECTION('',(-0.,-1.,0.));
#8485 = ADVANCED_FACE('',(#8486),#8497,.F.);
#8486 = FACE_BOUND('',#8487,.T.);
#8487 = EDGE_LOOP('',(#8488,#8489,#8495,#8496));
#8488 = ORIENTED_EDGE('',*,*,#6014,.T.);
#8489 = ORIENTED_EDGE('',*,*,#8490,.T.);
#8490 = EDGE_CURVE('',#6015,#7000,#8491,.T.);
#8491 = LINE('',#8492,#8493);
#8492 = CARTESIAN_POINT('',(89.625,-23.3,-4.6E-02));
#8493 = VECTOR('',#8494,1.);
#8494 = DIRECTION('',(0.,0.,1.));
#8495 = ORIENTED_EDGE('',*,*,#6999,.F.);
#8496 = ORIENTED_EDGE('',*,*,#8490,.F.);
#8497 = CYLINDRICAL_SURFACE('',#8498,0.3);
#8498 = AXIS2_PLACEMENT_3D('',#8499,#8500,#8501);
#8499 = CARTESIAN_POINT('',(89.625,-23.,-4.6E-02));
#8500 = DIRECTION('',(-0.,-0.,-1.));
#8501 = DIRECTION('',(-0.,-1.,0.));
#8502 = ADVANCED_FACE('',(#8503),#8514,.F.);
#8503 = FACE_BOUND('',#8504,.T.);
#8504 = EDGE_LOOP('',(#8505,#8506,#8512,#8513));
#8505 = ORIENTED_EDGE('',*,*,#6025,.T.);
#8506 = ORIENTED_EDGE('',*,*,#8507,.T.);
#8507 = EDGE_CURVE('',#6026,#7011,#8508,.T.);
#8508 = LINE('',#8509,#8510);
#8509 = CARTESIAN_POINT('',(90.875,-23.3,-4.6E-02));
#8510 = VECTOR('',#8511,1.);
#8511 = DIRECTION('',(0.,0.,1.));
#8512 = ORIENTED_EDGE('',*,*,#7010,.F.);
#8513 = ORIENTED_EDGE('',*,*,#8507,.F.);
#8514 = CYLINDRICAL_SURFACE('',#8515,0.3);
#8515 = AXIS2_PLACEMENT_3D('',#8516,#8517,#8518);
#8516 = CARTESIAN_POINT('',(90.875,-23.,-4.6E-02));
#8517 = DIRECTION('',(-0.,-0.,-1.));
#8518 = DIRECTION('',(-0.,-1.,0.));
#8519 = ADVANCED_FACE('',(#8520),#8531,.F.);
#8520 = FACE_BOUND('',#8521,.T.);
#8521 = EDGE_LOOP('',(#8522,#8523,#8529,#8530));
#8522 = ORIENTED_EDGE('',*,*,#6036,.T.);
#8523 = ORIENTED_EDGE('',*,*,#8524,.T.);
#8524 = EDGE_CURVE('',#6037,#7022,#8525,.T.);
#8525 = LINE('',#8526,#8527);
#8526 = CARTESIAN_POINT('',(92.125,-23.3,-4.6E-02));
#8527 = VECTOR('',#8528,1.);
#8528 = DIRECTION('',(0.,0.,1.));
#8529 = ORIENTED_EDGE('',*,*,#7021,.F.);
#8530 = ORIENTED_EDGE('',*,*,#8524,.F.);
#8531 = CYLINDRICAL_SURFACE('',#8532,0.3);
#8532 = AXIS2_PLACEMENT_3D('',#8533,#8534,#8535);
#8533 = CARTESIAN_POINT('',(92.125,-23.,-4.6E-02));
#8534 = DIRECTION('',(-0.,-0.,-1.));
#8535 = DIRECTION('',(-0.,-1.,0.));
#8536 = ADVANCED_FACE('',(#8537),#8548,.F.);
#8537 = FACE_BOUND('',#8538,.T.);
#8538 = EDGE_LOOP('',(#8539,#8540,#8546,#8547));
#8539 = ORIENTED_EDGE('',*,*,#6047,.T.);
#8540 = ORIENTED_EDGE('',*,*,#8541,.T.);
#8541 = EDGE_CURVE('',#6048,#7033,#8542,.T.);
#8542 = LINE('',#8543,#8544);
#8543 = CARTESIAN_POINT('',(154.,-25.35,-4.6E-02));
#8544 = VECTOR('',#8545,1.);
#8545 = DIRECTION('',(0.,0.,1.));
#8546 = ORIENTED_EDGE('',*,*,#7032,.F.);
#8547 = ORIENTED_EDGE('',*,*,#8541,.F.);
#8548 = CYLINDRICAL_SURFACE('',#8549,1.35);
#8549 = AXIS2_PLACEMENT_3D('',#8550,#8551,#8552);
#8550 = CARTESIAN_POINT('',(154.,-24.,-4.6E-02));
#8551 = DIRECTION('',(-0.,-0.,-1.));
#8552 = DIRECTION('',(-0.,-1.,0.));
#8553 = ( GEOMETRIC_REPRESENTATION_CONTEXT(3) 
GLOBAL_UNCERTAINTY_ASSIGNED_CONTEXT((#8557)) 
GLOBAL_UNIT_ASSIGNED_CONTEXT((#8554,#8555,#8556)) REPRESENTATION_CONTEXT
('Context #1','3D Context with UNIT and UNCERTAINTY') );
#8554 = ( LENGTH_UNIT() NAMED_UNIT(*) SI_UNIT(.MILLI.,.METRE.) );
#8555 = ( NAMED_UNIT(*) PLANE_ANGLE_UNIT() SI_UNIT($,.RADIAN.) );
#8556 = ( NAMED_UNIT(*) SI_UNIT($,.STERADIAN.) SOLID_ANGLE_UNIT() );
#8557 = UNCERTAINTY_MEASURE_WITH_UNIT(LENGTH_MEASURE(1.E-07),#8554,
  'distance_accuracy_value','confusion accuracy');
#8558 = CONTEXT_DEPENDENT_SHAPE_REPRESENTATION(#8559,#8561);
#8559 = ( REPRESENTATION_RELATIONSHIP('','',#4970,#10) 
REPRESENTATION_RELATIONSHIP_WITH_TRANSFORMATION(#8560) 
SHAPE_REPRESENTATION_RELATIONSHIP() );
#8560 = ITEM_DEFINED_TRANSFORMATION('','',#11,#71);
#8561 = PRODUCT_DEFINITION_SHAPE('Placement','Placement of an item',
  #8562);
#8562 = NEXT_ASSEMBLY_USAGE_OCCURRENCE('19','=>[0:1:1:10]','',#5,#4965,$
  );
#8563 = PRODUCT_RELATED_PRODUCT_CATEGORY('part',$,(#4967));
#8564 = MECHANICAL_DESIGN_GEOMETRIC_PRESENTATION_REPRESENTATION('',(
    #8565,#8575,#8584,#8593,#8603,#8612,#8621,#8630,#8639,#8648,#8657,
    #8666,#8675,#8684,#8693,#8702,#8711,#8720,#8729,#8738,#8747,#8756,
    #8765,#8774,#8783,#8792,#8802,#8811,#8820,#8829,#8838,#8847,#8856,
    #8865,#8874,#8883,#8892,#8901,#8910,#8919,#8928,#8937,#8946,#8955,
    #8964,#8973,#8982,#8991,#9000,#9009,#9018,#9027,#9036,#9045,#9054,
    #9063,#9072,#9081,#9090,#9099,#9108,#9117,#9126,#9135,#9144,#9153,
    #9162,#9171,#9180,#9189,#9198,#9207,#9216,#9225,#9234,#9243,#9252,
    #9261,#9270,#9279,#9288,#9297,#9306,#9315,#9324,#9333,#9342,#9351,
    #9360,#9369,#9378,#9387,#9396,#9405,#9414,#9423,#9432,#9441,#9450,
    #9459,#9468,#9477,#9486,#9495,#9504,#9513,#9522,#9531,#9540,#9549,
    #9558,#9567,#9576,#9585,#9594,#9603,#9612,#9621,#9630,#9639,#9648,
    #9657,#9666,#9675,#9684,#9693,#9702,#9711,#9720,#9729,#9738,#9747,
    #9756,#9765,#9774,#9783,#9792,#9801,#9810,#9819,#9828,#9837,#9846,
    #9855,#9864,#9873,#9882,#9891),#4184);
#8565 = STYLED_ITEM('color',(#8566),#114);
#8566 = PRESENTATION_STYLE_ASSIGNMENT((#8567,#8573));
#8567 = SURFACE_STYLE_USAGE(.BOTH.,#8568);
#8568 = SURFACE_SIDE_STYLE('',(#8569));
#8569 = SURFACE_STYLE_FILL_AREA(#8570);
#8570 = FILL_AREA_STYLE('',(#8571));
#8571 = FILL_AREA_STYLE_COLOUR('',#8572);
#8572 = COLOUR_RGB('',0.147999998088,0.145000001626,0.145000001626);
#8573 = CURVE_STYLE('',#8574,POSITIVE_LENGTH_MEASURE(0.1),#8572);
#8574 = DRAUGHTING_PRE_DEFINED_CURVE_FONT('continuous');
#8575 = STYLED_ITEM('color',(#8576),#186);
#8576 = PRESENTATION_STYLE_ASSIGNMENT((#8577,#8582));
#8577 = SURFACE_STYLE_USAGE(.BOTH.,#8578);
#8578 = SURFACE_SIDE_STYLE('',(#8579));
#8579 = SURFACE_STYLE_FILL_AREA(#8580);
#8580 = FILL_AREA_STYLE('',(#8581));
#8581 = FILL_AREA_STYLE_COLOUR('',#8572);
#8582 = CURVE_STYLE('',#8583,POSITIVE_LENGTH_MEASURE(0.1),#8572);
#8583 = DRAUGHTING_PRE_DEFINED_CURVE_FONT('continuous');
#8584 = STYLED_ITEM('color',(#8585),#235);
#8585 = PRESENTATION_STYLE_ASSIGNMENT((#8586,#8591));
#8586 = SURFACE_STYLE_USAGE(.BOTH.,#8587);
#8587 = SURFACE_SIDE_STYLE('',(#8588));
#8588 = SURFACE_STYLE_FILL_AREA(#8589);
#8589 = FILL_AREA_STYLE('',(#8590));
#8590 = FILL_AREA_STYLE_COLOUR('',#8572);
#8591 = CURVE_STYLE('',#8592,POSITIVE_LENGTH_MEASURE(0.1),#8572);
#8592 = DRAUGHTING_PRE_DEFINED_CURVE_FONT('continuous');
#8593 = OVER_RIDING_STYLED_ITEM('overriding color',(#8594),#289,#8584);
#8594 = PRESENTATION_STYLE_ASSIGNMENT((#8595,#8601));
#8595 = SURFACE_STYLE_USAGE(.BOTH.,#8596);
#8596 = SURFACE_SIDE_STYLE('',(#8597));
#8597 = SURFACE_STYLE_FILL_AREA(#8598);
#8598 = FILL_AREA_STYLE('',(#8599));
#8599 = FILL_AREA_STYLE_COLOUR('',#8600);
#8600 = COLOUR_RGB('',0.823999987314,0.819999987296,0.781000009244);
#8601 = CURVE_STYLE('',#8602,POSITIVE_LENGTH_MEASURE(0.1),#8600);
#8602 = DRAUGHTING_PRE_DEFINED_CURVE_FONT('continuous');
#8603 = OVER_RIDING_STYLED_ITEM('overriding color',(#8604),#299,#8584);
#8604 = PRESENTATION_STYLE_ASSIGNMENT((#8605,#8610));
#8605 = SURFACE_STYLE_USAGE(.BOTH.,#8606);
#8606 = SURFACE_SIDE_STYLE('',(#8607));
#8607 = SURFACE_STYLE_FILL_AREA(#8608);
#8608 = FILL_AREA_STYLE('',(#8609));
#8609 = FILL_AREA_STYLE_COLOUR('',#8600);
#8610 = CURVE_STYLE('',#8611,POSITIVE_LENGTH_MEASURE(0.1),#8600);
#8611 = DRAUGHTING_PRE_DEFINED_CURVE_FONT('continuous');
#8612 = OVER_RIDING_STYLED_ITEM('overriding color',(#8613),#307,#8584);
#8613 = PRESENTATION_STYLE_ASSIGNMENT((#8614,#8619));
#8614 = SURFACE_STYLE_USAGE(.BOTH.,#8615);
#8615 = SURFACE_SIDE_STYLE('',(#8616));
#8616 = SURFACE_STYLE_FILL_AREA(#8617);
#8617 = FILL_AREA_STYLE('',(#8618));
#8618 = FILL_AREA_STYLE_COLOUR('',#8600);
#8619 = CURVE_STYLE('',#8620,POSITIVE_LENGTH_MEASURE(0.1),#8600);
#8620 = DRAUGHTING_PRE_DEFINED_CURVE_FONT('continuous');
#8621 = OVER_RIDING_STYLED_ITEM('overriding color',(#8622),#315,#8584);
#8622 = PRESENTATION_STYLE_ASSIGNMENT((#8623,#8628));
#8623 = SURFACE_STYLE_USAGE(.BOTH.,#8624);
#8624 = SURFACE_SIDE_STYLE('',(#8625));
#8625 = SURFACE_STYLE_FILL_AREA(#8626);
#8626 = FILL_AREA_STYLE('',(#8627));
#8627 = FILL_AREA_STYLE_COLOUR('',#8600);
#8628 = CURVE_STYLE('',#8629,POSITIVE_LENGTH_MEASURE(0.1),#8600);
#8629 = DRAUGHTING_PRE_DEFINED_CURVE_FONT('continuous');
#8630 = STYLED_ITEM('color',(#8631),#325);
#8631 = PRESENTATION_STYLE_ASSIGNMENT((#8632,#8637));
#8632 = SURFACE_STYLE_USAGE(.BOTH.,#8633);
#8633 = SURFACE_SIDE_STYLE('',(#8634));
#8634 = SURFACE_STYLE_FILL_AREA(#8635);
#8635 = FILL_AREA_STYLE('',(#8636));
#8636 = FILL_AREA_STYLE_COLOUR('',#8572);
#8637 = CURVE_STYLE('',#8638,POSITIVE_LENGTH_MEASURE(0.1),#8572);
#8638 = DRAUGHTING_PRE_DEFINED_CURVE_FONT('continuous');
#8639 = OVER_RIDING_STYLED_ITEM('overriding color',(#8640),#379,#8630);
#8640 = PRESENTATION_STYLE_ASSIGNMENT((#8641,#8646));
#8641 = SURFACE_STYLE_USAGE(.BOTH.,#8642);
#8642 = SURFACE_SIDE_STYLE('',(#8643));
#8643 = SURFACE_STYLE_FILL_AREA(#8644);
#8644 = FILL_AREA_STYLE('',(#8645));
#8645 = FILL_AREA_STYLE_COLOUR('',#8600);
#8646 = CURVE_STYLE('',#8647,POSITIVE_LENGTH_MEASURE(0.1),#8600);
#8647 = DRAUGHTING_PRE_DEFINED_CURVE_FONT('continuous');
#8648 = OVER_RIDING_STYLED_ITEM('overriding color',(#8649),#389,#8630);
#8649 = PRESENTATION_STYLE_ASSIGNMENT((#8650,#8655));
#8650 = SURFACE_STYLE_USAGE(.BOTH.,#8651);
#8651 = SURFACE_SIDE_STYLE('',(#8652));
#8652 = SURFACE_STYLE_FILL_AREA(#8653);
#8653 = FILL_AREA_STYLE('',(#8654));
#8654 = FILL_AREA_STYLE_COLOUR('',#8600);
#8655 = CURVE_STYLE('',#8656,POSITIVE_LENGTH_MEASURE(0.1),#8600);
#8656 = DRAUGHTING_PRE_DEFINED_CURVE_FONT('continuous');
#8657 = OVER_RIDING_STYLED_ITEM('overriding color',(#8658),#397,#8630);
#8658 = PRESENTATION_STYLE_ASSIGNMENT((#8659,#8664));
#8659 = SURFACE_STYLE_USAGE(.BOTH.,#8660);
#8660 = SURFACE_SIDE_STYLE('',(#8661));
#8661 = SURFACE_STYLE_FILL_AREA(#8662);
#8662 = FILL_AREA_STYLE('',(#8663));
#8663 = FILL_AREA_STYLE_COLOUR('',#8600);
#8664 = CURVE_STYLE('',#8665,POSITIVE_LENGTH_MEASURE(0.1),#8600);
#8665 = DRAUGHTING_PRE_DEFINED_CURVE_FONT('continuous');
#8666 = OVER_RIDING_STYLED_ITEM('overriding color',(#8667),#405,#8630);
#8667 = PRESENTATION_STYLE_ASSIGNMENT((#8668,#8673));
#8668 = SURFACE_STYLE_USAGE(.BOTH.,#8669);
#8669 = SURFACE_SIDE_STYLE('',(#8670));
#8670 = SURFACE_STYLE_FILL_AREA(#8671);
#8671 = FILL_AREA_STYLE('',(#8672));
#8672 = FILL_AREA_STYLE_COLOUR('',#8600);
#8673 = CURVE_STYLE('',#8674,POSITIVE_LENGTH_MEASURE(0.1),#8600);
#8674 = DRAUGHTING_PRE_DEFINED_CURVE_FONT('continuous');
#8675 = STYLED_ITEM('color',(#8676),#415);
#8676 = PRESENTATION_STYLE_ASSIGNMENT((#8677,#8682));
#8677 = SURFACE_STYLE_USAGE(.BOTH.,#8678);
#8678 = SURFACE_SIDE_STYLE('',(#8679));
#8679 = SURFACE_STYLE_FILL_AREA(#8680);
#8680 = FILL_AREA_STYLE('',(#8681));
#8681 = FILL_AREA_STYLE_COLOUR('',#8572);
#8682 = CURVE_STYLE('',#8683,POSITIVE_LENGTH_MEASURE(0.1),#8572);
#8683 = DRAUGHTING_PRE_DEFINED_CURVE_FONT('continuous');
#8684 = STYLED_ITEM('color',(#8685),#457);
#8685 = PRESENTATION_STYLE_ASSIGNMENT((#8686,#8691));
#8686 = SURFACE_STYLE_USAGE(.BOTH.,#8687);
#8687 = SURFACE_SIDE_STYLE('',(#8688));
#8688 = SURFACE_STYLE_FILL_AREA(#8689);
#8689 = FILL_AREA_STYLE('',(#8690));
#8690 = FILL_AREA_STYLE_COLOUR('',#8572);
#8691 = CURVE_STYLE('',#8692,POSITIVE_LENGTH_MEASURE(0.1),#8572);
#8692 = DRAUGHTING_PRE_DEFINED_CURVE_FONT('continuous');
#8693 = STYLED_ITEM('color',(#8694),#499);
#8694 = PRESENTATION_STYLE_ASSIGNMENT((#8695,#8700));
#8695 = SURFACE_STYLE_USAGE(.BOTH.,#8696);
#8696 = SURFACE_SIDE_STYLE('',(#8697));
#8697 = SURFACE_STYLE_FILL_AREA(#8698);
#8698 = FILL_AREA_STYLE('',(#8699));
#8699 = FILL_AREA_STYLE_COLOUR('',#8572);
#8700 = CURVE_STYLE('',#8701,POSITIVE_LENGTH_MEASURE(0.1),#8572);
#8701 = DRAUGHTING_PRE_DEFINED_CURVE_FONT('continuous');
#8702 = OVER_RIDING_STYLED_ITEM('overriding color',(#8703),#553,#8693);
#8703 = PRESENTATION_STYLE_ASSIGNMENT((#8704,#8709));
#8704 = SURFACE_STYLE_USAGE(.BOTH.,#8705);
#8705 = SURFACE_SIDE_STYLE('',(#8706));
#8706 = SURFACE_STYLE_FILL_AREA(#8707);
#8707 = FILL_AREA_STYLE('',(#8708));
#8708 = FILL_AREA_STYLE_COLOUR('',#8600);
#8709 = CURVE_STYLE('',#8710,POSITIVE_LENGTH_MEASURE(0.1),#8600);
#8710 = DRAUGHTING_PRE_DEFINED_CURVE_FONT('continuous');
#8711 = OVER_RIDING_STYLED_ITEM('overriding color',(#8712),#563,#8693);
#8712 = PRESENTATION_STYLE_ASSIGNMENT((#8713,#8718));
#8713 = SURFACE_STYLE_USAGE(.BOTH.,#8714);
#8714 = SURFACE_SIDE_STYLE('',(#8715));
#8715 = SURFACE_STYLE_FILL_AREA(#8716);
#8716 = FILL_AREA_STYLE('',(#8717));
#8717 = FILL_AREA_STYLE_COLOUR('',#8600);
#8718 = CURVE_STYLE('',#8719,POSITIVE_LENGTH_MEASURE(0.1),#8600);
#8719 = DRAUGHTING_PRE_DEFINED_CURVE_FONT('continuous');
#8720 = OVER_RIDING_STYLED_ITEM('overriding color',(#8721),#571,#8693);
#8721 = PRESENTATION_STYLE_ASSIGNMENT((#8722,#8727));
#8722 = SURFACE_STYLE_USAGE(.BOTH.,#8723);
#8723 = SURFACE_SIDE_STYLE('',(#8724));
#8724 = SURFACE_STYLE_FILL_AREA(#8725);
#8725 = FILL_AREA_STYLE('',(#8726));
#8726 = FILL_AREA_STYLE_COLOUR('',#8600);
#8727 = CURVE_STYLE('',#8728,POSITIVE_LENGTH_MEASURE(0.1),#8600);
#8728 = DRAUGHTING_PRE_DEFINED_CURVE_FONT('continuous');
#8729 = OVER_RIDING_STYLED_ITEM('overriding color',(#8730),#579,#8693);
#8730 = PRESENTATION_STYLE_ASSIGNMENT((#8731,#8736));
#8731 = SURFACE_STYLE_USAGE(.BOTH.,#8732);
#8732 = SURFACE_SIDE_STYLE('',(#8733));
#8733 = SURFACE_STYLE_FILL_AREA(#8734);
#8734 = FILL_AREA_STYLE('',(#8735));
#8735 = FILL_AREA_STYLE_COLOUR('',#8600);
#8736 = CURVE_STYLE('',#8737,POSITIVE_LENGTH_MEASURE(0.1),#8600);
#8737 = DRAUGHTING_PRE_DEFINED_CURVE_FONT('continuous');
#8738 = STYLED_ITEM('color',(#8739),#589);
#8739 = PRESENTATION_STYLE_ASSIGNMENT((#8740,#8745));
#8740 = SURFACE_STYLE_USAGE(.BOTH.,#8741);
#8741 = SURFACE_SIDE_STYLE('',(#8742));
#8742 = SURFACE_STYLE_FILL_AREA(#8743);
#8743 = FILL_AREA_STYLE('',(#8744));
#8744 = FILL_AREA_STYLE_COLOUR('',#8572);
#8745 = CURVE_STYLE('',#8746,POSITIVE_LENGTH_MEASURE(0.1),#8572);
#8746 = DRAUGHTING_PRE_DEFINED_CURVE_FONT('continuous');
#8747 = OVER_RIDING_STYLED_ITEM('overriding color',(#8748),#643,#8738);
#8748 = PRESENTATION_STYLE_ASSIGNMENT((#8749,#8754));
#8749 = SURFACE_STYLE_USAGE(.BOTH.,#8750);
#8750 = SURFACE_SIDE_STYLE('',(#8751));
#8751 = SURFACE_STYLE_FILL_AREA(#8752);
#8752 = FILL_AREA_STYLE('',(#8753));
#8753 = FILL_AREA_STYLE_COLOUR('',#8600);
#8754 = CURVE_STYLE('',#8755,POSITIVE_LENGTH_MEASURE(0.1),#8600);
#8755 = DRAUGHTING_PRE_DEFINED_CURVE_FONT('continuous');
#8756 = OVER_RIDING_STYLED_ITEM('overriding color',(#8757),#653,#8738);
#8757 = PRESENTATION_STYLE_ASSIGNMENT((#8758,#8763));
#8758 = SURFACE_STYLE_USAGE(.BOTH.,#8759);
#8759 = SURFACE_SIDE_STYLE('',(#8760));
#8760 = SURFACE_STYLE_FILL_AREA(#8761);
#8761 = FILL_AREA_STYLE('',(#8762));
#8762 = FILL_AREA_STYLE_COLOUR('',#8600);
#8763 = CURVE_STYLE('',#8764,POSITIVE_LENGTH_MEASURE(0.1),#8600);
#8764 = DRAUGHTING_PRE_DEFINED_CURVE_FONT('continuous');
#8765 = OVER_RIDING_STYLED_ITEM('overriding color',(#8766),#661,#8738);
#8766 = PRESENTATION_STYLE_ASSIGNMENT((#8767,#8772));
#8767 = SURFACE_STYLE_USAGE(.BOTH.,#8768);
#8768 = SURFACE_SIDE_STYLE('',(#8769));
#8769 = SURFACE_STYLE_FILL_AREA(#8770);
#8770 = FILL_AREA_STYLE('',(#8771));
#8771 = FILL_AREA_STYLE_COLOUR('',#8600);
#8772 = CURVE_STYLE('',#8773,POSITIVE_LENGTH_MEASURE(0.1),#8600);
#8773 = DRAUGHTING_PRE_DEFINED_CURVE_FONT('continuous');
#8774 = OVER_RIDING_STYLED_ITEM('overriding color',(#8775),#669,#8738);
#8775 = PRESENTATION_STYLE_ASSIGNMENT((#8776,#8781));
#8776 = SURFACE_STYLE_USAGE(.BOTH.,#8777);
#8777 = SURFACE_SIDE_STYLE('',(#8778));
#8778 = SURFACE_STYLE_FILL_AREA(#8779);
#8779 = FILL_AREA_STYLE('',(#8780));
#8780 = FILL_AREA_STYLE_COLOUR('',#8600);
#8781 = CURVE_STYLE('',#8782,POSITIVE_LENGTH_MEASURE(0.1),#8600);
#8782 = DRAUGHTING_PRE_DEFINED_CURVE_FONT('continuous');
#8783 = STYLED_ITEM('color',(#8784),#679);
#8784 = PRESENTATION_STYLE_ASSIGNMENT((#8785,#8790));
#8785 = SURFACE_STYLE_USAGE(.BOTH.,#8786);
#8786 = SURFACE_SIDE_STYLE('',(#8787));
#8787 = SURFACE_STYLE_FILL_AREA(#8788);
#8788 = FILL_AREA_STYLE('',(#8789));
#8789 = FILL_AREA_STYLE_COLOUR('',#8572);
#8790 = CURVE_STYLE('',#8791,POSITIVE_LENGTH_MEASURE(0.1),#8572);
#8791 = DRAUGHTING_PRE_DEFINED_CURVE_FONT('continuous');
#8792 = STYLED_ITEM('color',(#8793),#714);
#8793 = PRESENTATION_STYLE_ASSIGNMENT((#8794,#8800));
#8794 = SURFACE_STYLE_USAGE(.BOTH.,#8795);
#8795 = SURFACE_SIDE_STYLE('',(#8796));
#8796 = SURFACE_STYLE_FILL_AREA(#8797);
#8797 = FILL_AREA_STYLE('',(#8798));
#8798 = FILL_AREA_STYLE_COLOUR('',#8799);
#8799 = COLOUR_RGB('',0.507540004841,0.507540004841,0.507540004841);
#8800 = CURVE_STYLE('',#8801,POSITIVE_LENGTH_MEASURE(0.1),#8799);
#8801 = DRAUGHTING_PRE_DEFINED_CURVE_FONT('continuous');
#8802 = STYLED_ITEM('color',(#8803),#746);
#8803 = PRESENTATION_STYLE_ASSIGNMENT((#8804,#8809));
#8804 = SURFACE_STYLE_USAGE(.BOTH.,#8805);
#8805 = SURFACE_SIDE_STYLE('',(#8806));
#8806 = SURFACE_STYLE_FILL_AREA(#8807);
#8807 = FILL_AREA_STYLE('',(#8808));
#8808 = FILL_AREA_STYLE_COLOUR('',#8799);
#8809 = CURVE_STYLE('',#8810,POSITIVE_LENGTH_MEASURE(0.1),#8799);
#8810 = DRAUGHTING_PRE_DEFINED_CURVE_FONT('continuous');
#8811 = STYLED_ITEM('color',(#8812),#770);
#8812 = PRESENTATION_STYLE_ASSIGNMENT((#8813,#8818));
#8813 = SURFACE_STYLE_USAGE(.BOTH.,#8814);
#8814 = SURFACE_SIDE_STYLE('',(#8815));
#8815 = SURFACE_STYLE_FILL_AREA(#8816);
#8816 = FILL_AREA_STYLE('',(#8817));
#8817 = FILL_AREA_STYLE_COLOUR('',#8799);
#8818 = CURVE_STYLE('',#8819,POSITIVE_LENGTH_MEASURE(0.1),#8799);
#8819 = DRAUGHTING_PRE_DEFINED_CURVE_FONT('continuous');
#8820 = STYLED_ITEM('color',(#8821),#795);
#8821 = PRESENTATION_STYLE_ASSIGNMENT((#8822,#8827));
#8822 = SURFACE_STYLE_USAGE(.BOTH.,#8823);
#8823 = SURFACE_SIDE_STYLE('',(#8824));
#8824 = SURFACE_STYLE_FILL_AREA(#8825);
#8825 = FILL_AREA_STYLE('',(#8826));
#8826 = FILL_AREA_STYLE_COLOUR('',#8799);
#8827 = CURVE_STYLE('',#8828,POSITIVE_LENGTH_MEASURE(0.1),#8799);
#8828 = DRAUGHTING_PRE_DEFINED_CURVE_FONT('continuous');
#8829 = STYLED_ITEM('color',(#8830),#844);
#8830 = PRESENTATION_STYLE_ASSIGNMENT((#8831,#8836));
#8831 = SURFACE_STYLE_USAGE(.BOTH.,#8832);
#8832 = SURFACE_SIDE_STYLE('',(#8833));
#8833 = SURFACE_STYLE_FILL_AREA(#8834);
#8834 = FILL_AREA_STYLE('',(#8835));
#8835 = FILL_AREA_STYLE_COLOUR('',#8799);
#8836 = CURVE_STYLE('',#8837,POSITIVE_LENGTH_MEASURE(0.1),#8799);
#8837 = DRAUGHTING_PRE_DEFINED_CURVE_FONT('continuous');
#8838 = STYLED_ITEM('color',(#8839),#900);
#8839 = PRESENTATION_STYLE_ASSIGNMENT((#8840,#8845));
#8840 = SURFACE_STYLE_USAGE(.BOTH.,#8841);
#8841 = SURFACE_SIDE_STYLE('',(#8842));
#8842 = SURFACE_STYLE_FILL_AREA(#8843);
#8843 = FILL_AREA_STYLE('',(#8844));
#8844 = FILL_AREA_STYLE_COLOUR('',#8572);
#8845 = CURVE_STYLE('',#8846,POSITIVE_LENGTH_MEASURE(0.1),#8572);
#8846 = DRAUGHTING_PRE_DEFINED_CURVE_FONT('continuous');
#8847 = STYLED_ITEM('color',(#8848),#916);
#8848 = PRESENTATION_STYLE_ASSIGNMENT((#8849,#8854));
#8849 = SURFACE_STYLE_USAGE(.BOTH.,#8850);
#8850 = SURFACE_SIDE_STYLE('',(#8851));
#8851 = SURFACE_STYLE_FILL_AREA(#8852);
#8852 = FILL_AREA_STYLE('',(#8853));
#8853 = FILL_AREA_STYLE_COLOUR('',#8572);
#8854 = CURVE_STYLE('',#8855,POSITIVE_LENGTH_MEASURE(0.1),#8572);
#8855 = DRAUGHTING_PRE_DEFINED_CURVE_FONT('continuous');
#8856 = STYLED_ITEM('color',(#8857),#932);
#8857 = PRESENTATION_STYLE_ASSIGNMENT((#8858,#8863));
#8858 = SURFACE_STYLE_USAGE(.BOTH.,#8859);
#8859 = SURFACE_SIDE_STYLE('',(#8860));
#8860 = SURFACE_STYLE_FILL_AREA(#8861);
#8861 = FILL_AREA_STYLE('',(#8862));
#8862 = FILL_AREA_STYLE_COLOUR('',#8799);
#8863 = CURVE_STYLE('',#8864,POSITIVE_LENGTH_MEASURE(0.1),#8799);
#8864 = DRAUGHTING_PRE_DEFINED_CURVE_FONT('continuous');
#8865 = STYLED_ITEM('color',(#8866),#963);
#8866 = PRESENTATION_STYLE_ASSIGNMENT((#8867,#8872));
#8867 = SURFACE_STYLE_USAGE(.BOTH.,#8868);
#8868 = SURFACE_SIDE_STYLE('',(#8869));
#8869 = SURFACE_STYLE_FILL_AREA(#8870);
#8870 = FILL_AREA_STYLE('',(#8871));
#8871 = FILL_AREA_STYLE_COLOUR('',#8600);
#8872 = CURVE_STYLE('',#8873,POSITIVE_LENGTH_MEASURE(0.1),#8600);
#8873 = DRAUGHTING_PRE_DEFINED_CURVE_FONT('continuous');
#8874 = STYLED_ITEM('color',(#8875),#994);
#8875 = PRESENTATION_STYLE_ASSIGNMENT((#8876,#8881));
#8876 = SURFACE_STYLE_USAGE(.BOTH.,#8877);
#8877 = SURFACE_SIDE_STYLE('',(#8878));
#8878 = SURFACE_STYLE_FILL_AREA(#8879);
#8879 = FILL_AREA_STYLE('',(#8880));
#8880 = FILL_AREA_STYLE_COLOUR('',#8600);
#8881 = CURVE_STYLE('',#8882,POSITIVE_LENGTH_MEASURE(0.1),#8600);
#8882 = DRAUGHTING_PRE_DEFINED_CURVE_FONT('continuous');
#8883 = STYLED_ITEM('color',(#8884),#1086);
#8884 = PRESENTATION_STYLE_ASSIGNMENT((#8885,#8890));
#8885 = SURFACE_STYLE_USAGE(.BOTH.,#8886);
#8886 = SURFACE_SIDE_STYLE('',(#8887));
#8887 = SURFACE_STYLE_FILL_AREA(#8888);
#8888 = FILL_AREA_STYLE('',(#8889));
#8889 = FILL_AREA_STYLE_COLOUR('',#8600);
#8890 = CURVE_STYLE('',#8891,POSITIVE_LENGTH_MEASURE(0.1),#8600);
#8891 = DRAUGHTING_PRE_DEFINED_CURVE_FONT('continuous');
#8892 = STYLED_ITEM('color',(#8893),#1110);
#8893 = PRESENTATION_STYLE_ASSIGNMENT((#8894,#8899));
#8894 = SURFACE_STYLE_USAGE(.BOTH.,#8895);
#8895 = SURFACE_SIDE_STYLE('',(#8896));
#8896 = SURFACE_STYLE_FILL_AREA(#8897);
#8897 = FILL_AREA_STYLE('',(#8898));
#8898 = FILL_AREA_STYLE_COLOUR('',#8600);
#8899 = CURVE_STYLE('',#8900,POSITIVE_LENGTH_MEASURE(0.1),#8600);
#8900 = DRAUGHTING_PRE_DEFINED_CURVE_FONT('continuous');
#8901 = STYLED_ITEM('color',(#8902),#1195);
#8902 = PRESENTATION_STYLE_ASSIGNMENT((#8903,#8908));
#8903 = SURFACE_STYLE_USAGE(.BOTH.,#8904);
#8904 = SURFACE_SIDE_STYLE('',(#8905));
#8905 = SURFACE_STYLE_FILL_AREA(#8906);
#8906 = FILL_AREA_STYLE('',(#8907));
#8907 = FILL_AREA_STYLE_COLOUR('',#8799);
#8908 = CURVE_STYLE('',#8909,POSITIVE_LENGTH_MEASURE(0.1),#8799);
#8909 = DRAUGHTING_PRE_DEFINED_CURVE_FONT('continuous');
#8910 = STYLED_ITEM('color',(#8911),#1251);
#8911 = PRESENTATION_STYLE_ASSIGNMENT((#8912,#8917));
#8912 = SURFACE_STYLE_USAGE(.BOTH.,#8913);
#8913 = SURFACE_SIDE_STYLE('',(#8914));
#8914 = SURFACE_STYLE_FILL_AREA(#8915);
#8915 = FILL_AREA_STYLE('',(#8916));
#8916 = FILL_AREA_STYLE_COLOUR('',#8799);
#8917 = CURVE_STYLE('',#8918,POSITIVE_LENGTH_MEASURE(0.1),#8799);
#8918 = DRAUGHTING_PRE_DEFINED_CURVE_FONT('continuous');
#8919 = STYLED_ITEM('color',(#8920),#1300);
#8920 = PRESENTATION_STYLE_ASSIGNMENT((#8921,#8926));
#8921 = SURFACE_STYLE_USAGE(.BOTH.,#8922);
#8922 = SURFACE_SIDE_STYLE('',(#8923));
#8923 = SURFACE_STYLE_FILL_AREA(#8924);
#8924 = FILL_AREA_STYLE('',(#8925));
#8925 = FILL_AREA_STYLE_COLOUR('',#8572);
#8926 = CURVE_STYLE('',#8927,POSITIVE_LENGTH_MEASURE(0.1),#8572);
#8927 = DRAUGHTING_PRE_DEFINED_CURVE_FONT('continuous');
#8928 = STYLED_ITEM('color',(#8929),#1316);
#8929 = PRESENTATION_STYLE_ASSIGNMENT((#8930,#8935));
#8930 = SURFACE_STYLE_USAGE(.BOTH.,#8931);
#8931 = SURFACE_SIDE_STYLE('',(#8932));
#8932 = SURFACE_STYLE_FILL_AREA(#8933);
#8933 = FILL_AREA_STYLE('',(#8934));
#8934 = FILL_AREA_STYLE_COLOUR('',#8572);
#8935 = CURVE_STYLE('',#8936,POSITIVE_LENGTH_MEASURE(0.1),#8572);
#8936 = DRAUGHTING_PRE_DEFINED_CURVE_FONT('continuous');
#8937 = STYLED_ITEM('color',(#8938),#1332);
#8938 = PRESENTATION_STYLE_ASSIGNMENT((#8939,#8944));
#8939 = SURFACE_STYLE_USAGE(.BOTH.,#8940);
#8940 = SURFACE_SIDE_STYLE('',(#8941));
#8941 = SURFACE_STYLE_FILL_AREA(#8942);
#8942 = FILL_AREA_STYLE('',(#8943));
#8943 = FILL_AREA_STYLE_COLOUR('',#8799);
#8944 = CURVE_STYLE('',#8945,POSITIVE_LENGTH_MEASURE(0.1),#8799);
#8945 = DRAUGHTING_PRE_DEFINED_CURVE_FONT('continuous');
#8946 = STYLED_ITEM('color',(#8947),#1363);
#8947 = PRESENTATION_STYLE_ASSIGNMENT((#8948,#8953));
#8948 = SURFACE_STYLE_USAGE(.BOTH.,#8949);
#8949 = SURFACE_SIDE_STYLE('',(#8950));
#8950 = SURFACE_STYLE_FILL_AREA(#8951);
#8951 = FILL_AREA_STYLE('',(#8952));
#8952 = FILL_AREA_STYLE_COLOUR('',#8600);
#8953 = CURVE_STYLE('',#8954,POSITIVE_LENGTH_MEASURE(0.1),#8600);
#8954 = DRAUGHTING_PRE_DEFINED_CURVE_FONT('continuous');
#8955 = STYLED_ITEM('color',(#8956),#1394);
#8956 = PRESENTATION_STYLE_ASSIGNMENT((#8957,#8962));
#8957 = SURFACE_STYLE_USAGE(.BOTH.,#8958);
#8958 = SURFACE_SIDE_STYLE('',(#8959));
#8959 = SURFACE_STYLE_FILL_AREA(#8960);
#8960 = FILL_AREA_STYLE('',(#8961));
#8961 = FILL_AREA_STYLE_COLOUR('',#8600);
#8962 = CURVE_STYLE('',#8963,POSITIVE_LENGTH_MEASURE(0.1),#8600);
#8963 = DRAUGHTING_PRE_DEFINED_CURVE_FONT('continuous');
#8964 = STYLED_ITEM('color',(#8965),#1486);
#8965 = PRESENTATION_STYLE_ASSIGNMENT((#8966,#8971));
#8966 = SURFACE_STYLE_USAGE(.BOTH.,#8967);
#8967 = SURFACE_SIDE_STYLE('',(#8968));
#8968 = SURFACE_STYLE_FILL_AREA(#8969);
#8969 = FILL_AREA_STYLE('',(#8970));
#8970 = FILL_AREA_STYLE_COLOUR('',#8600);
#8971 = CURVE_STYLE('',#8972,POSITIVE_LENGTH_MEASURE(0.1),#8600);
#8972 = DRAUGHTING_PRE_DEFINED_CURVE_FONT('continuous');
#8973 = STYLED_ITEM('color',(#8974),#1510);
#8974 = PRESENTATION_STYLE_ASSIGNMENT((#8975,#8980));
#8975 = SURFACE_STYLE_USAGE(.BOTH.,#8976);
#8976 = SURFACE_SIDE_STYLE('',(#8977));
#8977 = SURFACE_STYLE_FILL_AREA(#8978);
#8978 = FILL_AREA_STYLE('',(#8979));
#8979 = FILL_AREA_STYLE_COLOUR('',#8600);
#8980 = CURVE_STYLE('',#8981,POSITIVE_LENGTH_MEASURE(0.1),#8600);
#8981 = DRAUGHTING_PRE_DEFINED_CURVE_FONT('continuous');
#8982 = STYLED_ITEM('color',(#8983),#1595);
#8983 = PRESENTATION_STYLE_ASSIGNMENT((#8984,#8989));
#8984 = SURFACE_STYLE_USAGE(.BOTH.,#8985);
#8985 = SURFACE_SIDE_STYLE('',(#8986));
#8986 = SURFACE_STYLE_FILL_AREA(#8987);
#8987 = FILL_AREA_STYLE('',(#8988));
#8988 = FILL_AREA_STYLE_COLOUR('',#8799);
#8989 = CURVE_STYLE('',#8990,POSITIVE_LENGTH_MEASURE(0.1),#8799);
#8990 = DRAUGHTING_PRE_DEFINED_CURVE_FONT('continuous');
#8991 = STYLED_ITEM('color',(#8992),#1620);
#8992 = PRESENTATION_STYLE_ASSIGNMENT((#8993,#8998));
#8993 = SURFACE_STYLE_USAGE(.BOTH.,#8994);
#8994 = SURFACE_SIDE_STYLE('',(#8995));
#8995 = SURFACE_STYLE_FILL_AREA(#8996);
#8996 = FILL_AREA_STYLE('',(#8997));
#8997 = FILL_AREA_STYLE_COLOUR('',#8799);
#8998 = CURVE_STYLE('',#8999,POSITIVE_LENGTH_MEASURE(0.1),#8799);
#8999 = DRAUGHTING_PRE_DEFINED_CURVE_FONT('continuous');
#9000 = STYLED_ITEM('color',(#9001),#1644);
#9001 = PRESENTATION_STYLE_ASSIGNMENT((#9002,#9007));
#9002 = SURFACE_STYLE_USAGE(.BOTH.,#9003);
#9003 = SURFACE_SIDE_STYLE('',(#9004));
#9004 = SURFACE_STYLE_FILL_AREA(#9005);
#9005 = FILL_AREA_STYLE('',(#9006));
#9006 = FILL_AREA_STYLE_COLOUR('',#8799);
#9007 = CURVE_STYLE('',#9008,POSITIVE_LENGTH_MEASURE(0.1),#8799);
#9008 = DRAUGHTING_PRE_DEFINED_CURVE_FONT('continuous');
#9009 = STYLED_ITEM('color',(#9010),#1669);
#9010 = PRESENTATION_STYLE_ASSIGNMENT((#9011,#9016));
#9011 = SURFACE_STYLE_USAGE(.BOTH.,#9012);
#9012 = SURFACE_SIDE_STYLE('',(#9013));
#9013 = SURFACE_STYLE_FILL_AREA(#9014);
#9014 = FILL_AREA_STYLE('',(#9015));
#9015 = FILL_AREA_STYLE_COLOUR('',#8799);
#9016 = CURVE_STYLE('',#9017,POSITIVE_LENGTH_MEASURE(0.1),#8799);
#9017 = DRAUGHTING_PRE_DEFINED_CURVE_FONT('continuous');
#9018 = STYLED_ITEM('color',(#9019),#1701);
#9019 = PRESENTATION_STYLE_ASSIGNMENT((#9020,#9025));
#9020 = SURFACE_STYLE_USAGE(.BOTH.,#9021);
#9021 = SURFACE_SIDE_STYLE('',(#9022));
#9022 = SURFACE_STYLE_FILL_AREA(#9023);
#9023 = FILL_AREA_STYLE('',(#9024));
#9024 = FILL_AREA_STYLE_COLOUR('',#8799);
#9025 = CURVE_STYLE('',#9026,POSITIVE_LENGTH_MEASURE(0.1),#8799);
#9026 = DRAUGHTING_PRE_DEFINED_CURVE_FONT('continuous');
#9027 = STYLED_ITEM('color',(#9028),#1725);
#9028 = PRESENTATION_STYLE_ASSIGNMENT((#9029,#9034));
#9029 = SURFACE_STYLE_USAGE(.BOTH.,#9030);
#9030 = SURFACE_SIDE_STYLE('',(#9031));
#9031 = SURFACE_STYLE_FILL_AREA(#9032);
#9032 = FILL_AREA_STYLE('',(#9033));
#9033 = FILL_AREA_STYLE_COLOUR('',#8799);
#9034 = CURVE_STYLE('',#9035,POSITIVE_LENGTH_MEASURE(0.1),#8799);
#9035 = DRAUGHTING_PRE_DEFINED_CURVE_FONT('continuous');
#9036 = STYLED_ITEM('color',(#9037),#1743);
#9037 = PRESENTATION_STYLE_ASSIGNMENT((#9038,#9043));
#9038 = SURFACE_STYLE_USAGE(.BOTH.,#9039);
#9039 = SURFACE_SIDE_STYLE('',(#9040));
#9040 = SURFACE_STYLE_FILL_AREA(#9041);
#9041 = FILL_AREA_STYLE('',(#9042));
#9042 = FILL_AREA_STYLE_COLOUR('',#8799);
#9043 = CURVE_STYLE('',#9044,POSITIVE_LENGTH_MEASURE(0.1),#8799);
#9044 = DRAUGHTING_PRE_DEFINED_CURVE_FONT('continuous');
#9045 = STYLED_ITEM('color',(#9046),#1799);
#9046 = PRESENTATION_STYLE_ASSIGNMENT((#9047,#9052));
#9047 = SURFACE_STYLE_USAGE(.BOTH.,#9048);
#9048 = SURFACE_SIDE_STYLE('',(#9049));
#9049 = SURFACE_STYLE_FILL_AREA(#9050);
#9050 = FILL_AREA_STYLE('',(#9051));
#9051 = FILL_AREA_STYLE_COLOUR('',#8799);
#9052 = CURVE_STYLE('',#9053,POSITIVE_LENGTH_MEASURE(0.1),#8799);
#9053 = DRAUGHTING_PRE_DEFINED_CURVE_FONT('continuous');
#9054 = STYLED_ITEM('color',(#9055),#1848);
#9055 = PRESENTATION_STYLE_ASSIGNMENT((#9056,#9061));
#9056 = SURFACE_STYLE_USAGE(.BOTH.,#9057);
#9057 = SURFACE_SIDE_STYLE('',(#9058));
#9058 = SURFACE_STYLE_FILL_AREA(#9059);
#9059 = FILL_AREA_STYLE('',(#9060));
#9060 = FILL_AREA_STYLE_COLOUR('',#8572);
#9061 = CURVE_STYLE('',#9062,POSITIVE_LENGTH_MEASURE(0.1),#8572);
#9062 = DRAUGHTING_PRE_DEFINED_CURVE_FONT('continuous');
#9063 = STYLED_ITEM('color',(#9064),#1864);
#9064 = PRESENTATION_STYLE_ASSIGNMENT((#9065,#9070));
#9065 = SURFACE_STYLE_USAGE(.BOTH.,#9066);
#9066 = SURFACE_SIDE_STYLE('',(#9067));
#9067 = SURFACE_STYLE_FILL_AREA(#9068);
#9068 = FILL_AREA_STYLE('',(#9069));
#9069 = FILL_AREA_STYLE_COLOUR('',#8572);
#9070 = CURVE_STYLE('',#9071,POSITIVE_LENGTH_MEASURE(0.1),#8572);
#9071 = DRAUGHTING_PRE_DEFINED_CURVE_FONT('continuous');
#9072 = STYLED_ITEM('color',(#9073),#1880);
#9073 = PRESENTATION_STYLE_ASSIGNMENT((#9074,#9079));
#9074 = SURFACE_STYLE_USAGE(.BOTH.,#9075);
#9075 = SURFACE_SIDE_STYLE('',(#9076));
#9076 = SURFACE_STYLE_FILL_AREA(#9077);
#9077 = FILL_AREA_STYLE('',(#9078));
#9078 = FILL_AREA_STYLE_COLOUR('',#8799);
#9079 = CURVE_STYLE('',#9080,POSITIVE_LENGTH_MEASURE(0.1),#8799);
#9080 = DRAUGHTING_PRE_DEFINED_CURVE_FONT('continuous');
#9081 = STYLED_ITEM('color',(#9082),#1911);
#9082 = PRESENTATION_STYLE_ASSIGNMENT((#9083,#9088));
#9083 = SURFACE_STYLE_USAGE(.BOTH.,#9084);
#9084 = SURFACE_SIDE_STYLE('',(#9085));
#9085 = SURFACE_STYLE_FILL_AREA(#9086);
#9086 = FILL_AREA_STYLE('',(#9087));
#9087 = FILL_AREA_STYLE_COLOUR('',#8600);
#9088 = CURVE_STYLE('',#9089,POSITIVE_LENGTH_MEASURE(0.1),#8600);
#9089 = DRAUGHTING_PRE_DEFINED_CURVE_FONT('continuous');
#9090 = STYLED_ITEM('color',(#9091),#1942);
#9091 = PRESENTATION_STYLE_ASSIGNMENT((#9092,#9097));
#9092 = SURFACE_STYLE_USAGE(.BOTH.,#9093);
#9093 = SURFACE_SIDE_STYLE('',(#9094));
#9094 = SURFACE_STYLE_FILL_AREA(#9095);
#9095 = FILL_AREA_STYLE('',(#9096));
#9096 = FILL_AREA_STYLE_COLOUR('',#8600);
#9097 = CURVE_STYLE('',#9098,POSITIVE_LENGTH_MEASURE(0.1),#8600);
#9098 = DRAUGHTING_PRE_DEFINED_CURVE_FONT('continuous');
#9099 = STYLED_ITEM('color',(#9100),#2034);
#9100 = PRESENTATION_STYLE_ASSIGNMENT((#9101,#9106));
#9101 = SURFACE_STYLE_USAGE(.BOTH.,#9102);
#9102 = SURFACE_SIDE_STYLE('',(#9103));
#9103 = SURFACE_STYLE_FILL_AREA(#9104);
#9104 = FILL_AREA_STYLE('',(#9105));
#9105 = FILL_AREA_STYLE_COLOUR('',#8600);
#9106 = CURVE_STYLE('',#9107,POSITIVE_LENGTH_MEASURE(0.1),#8600);
#9107 = DRAUGHTING_PRE_DEFINED_CURVE_FONT('continuous');
#9108 = STYLED_ITEM('color',(#9109),#2058);
#9109 = PRESENTATION_STYLE_ASSIGNMENT((#9110,#9115));
#9110 = SURFACE_STYLE_USAGE(.BOTH.,#9111);
#9111 = SURFACE_SIDE_STYLE('',(#9112));
#9112 = SURFACE_STYLE_FILL_AREA(#9113);
#9113 = FILL_AREA_STYLE('',(#9114));
#9114 = FILL_AREA_STYLE_COLOUR('',#8600);
#9115 = CURVE_STYLE('',#9116,POSITIVE_LENGTH_MEASURE(0.1),#8600);
#9116 = DRAUGHTING_PRE_DEFINED_CURVE_FONT('continuous');
#9117 = STYLED_ITEM('color',(#9118),#2143);
#9118 = PRESENTATION_STYLE_ASSIGNMENT((#9119,#9124));
#9119 = SURFACE_STYLE_USAGE(.BOTH.,#9120);
#9120 = SURFACE_SIDE_STYLE('',(#9121));
#9121 = SURFACE_STYLE_FILL_AREA(#9122);
#9122 = FILL_AREA_STYLE('',(#9123));
#9123 = FILL_AREA_STYLE_COLOUR('',#8799);
#9124 = CURVE_STYLE('',#9125,POSITIVE_LENGTH_MEASURE(0.1),#8799);
#9125 = DRAUGHTING_PRE_DEFINED_CURVE_FONT('continuous');
#9126 = STYLED_ITEM('color',(#9127),#2199);
#9127 = PRESENTATION_STYLE_ASSIGNMENT((#9128,#9133));
#9128 = SURFACE_STYLE_USAGE(.BOTH.,#9129);
#9129 = SURFACE_SIDE_STYLE('',(#9130));
#9130 = SURFACE_STYLE_FILL_AREA(#9131);
#9131 = FILL_AREA_STYLE('',(#9132));
#9132 = FILL_AREA_STYLE_COLOUR('',#8799);
#9133 = CURVE_STYLE('',#9134,POSITIVE_LENGTH_MEASURE(0.1),#8799);
#9134 = DRAUGHTING_PRE_DEFINED_CURVE_FONT('continuous');
#9135 = STYLED_ITEM('color',(#9136),#2248);
#9136 = PRESENTATION_STYLE_ASSIGNMENT((#9137,#9142));
#9137 = SURFACE_STYLE_USAGE(.BOTH.,#9138);
#9138 = SURFACE_SIDE_STYLE('',(#9139));
#9139 = SURFACE_STYLE_FILL_AREA(#9140);
#9140 = FILL_AREA_STYLE('',(#9141));
#9141 = FILL_AREA_STYLE_COLOUR('',#8572);
#9142 = CURVE_STYLE('',#9143,POSITIVE_LENGTH_MEASURE(0.1),#8572);
#9143 = DRAUGHTING_PRE_DEFINED_CURVE_FONT('continuous');
#9144 = STYLED_ITEM('color',(#9145),#2264);
#9145 = PRESENTATION_STYLE_ASSIGNMENT((#9146,#9151));
#9146 = SURFACE_STYLE_USAGE(.BOTH.,#9147);
#9147 = SURFACE_SIDE_STYLE('',(#9148));
#9148 = SURFACE_STYLE_FILL_AREA(#9149);
#9149 = FILL_AREA_STYLE('',(#9150));
#9150 = FILL_AREA_STYLE_COLOUR('',#8572);
#9151 = CURVE_STYLE('',#9152,POSITIVE_LENGTH_MEASURE(0.1),#8572);
#9152 = DRAUGHTING_PRE_DEFINED_CURVE_FONT('continuous');
#9153 = STYLED_ITEM('color',(#9154),#2280);
#9154 = PRESENTATION_STYLE_ASSIGNMENT((#9155,#9160));
#9155 = SURFACE_STYLE_USAGE(.BOTH.,#9156);
#9156 = SURFACE_SIDE_STYLE('',(#9157));
#9157 = SURFACE_STYLE_FILL_AREA(#9158);
#9158 = FILL_AREA_STYLE('',(#9159));
#9159 = FILL_AREA_STYLE_COLOUR('',#8799);
#9160 = CURVE_STYLE('',#9161,POSITIVE_LENGTH_MEASURE(0.1),#8799);
#9161 = DRAUGHTING_PRE_DEFINED_CURVE_FONT('continuous');
#9162 = STYLED_ITEM('color',(#9163),#2311);
#9163 = PRESENTATION_STYLE_ASSIGNMENT((#9164,#9169));
#9164 = SURFACE_STYLE_USAGE(.BOTH.,#9165);
#9165 = SURFACE_SIDE_STYLE('',(#9166));
#9166 = SURFACE_STYLE_FILL_AREA(#9167);
#9167 = FILL_AREA_STYLE('',(#9168));
#9168 = FILL_AREA_STYLE_COLOUR('',#8600);
#9169 = CURVE_STYLE('',#9170,POSITIVE_LENGTH_MEASURE(0.1),#8600);
#9170 = DRAUGHTING_PRE_DEFINED_CURVE_FONT('continuous');
#9171 = STYLED_ITEM('color',(#9172),#2342);
#9172 = PRESENTATION_STYLE_ASSIGNMENT((#9173,#9178));
#9173 = SURFACE_STYLE_USAGE(.BOTH.,#9174);
#9174 = SURFACE_SIDE_STYLE('',(#9175));
#9175 = SURFACE_STYLE_FILL_AREA(#9176);
#9176 = FILL_AREA_STYLE('',(#9177));
#9177 = FILL_AREA_STYLE_COLOUR('',#8600);
#9178 = CURVE_STYLE('',#9179,POSITIVE_LENGTH_MEASURE(0.1),#8600);
#9179 = DRAUGHTING_PRE_DEFINED_CURVE_FONT('continuous');
#9180 = STYLED_ITEM('color',(#9181),#2434);
#9181 = PRESENTATION_STYLE_ASSIGNMENT((#9182,#9187));
#9182 = SURFACE_STYLE_USAGE(.BOTH.,#9183);
#9183 = SURFACE_SIDE_STYLE('',(#9184));
#9184 = SURFACE_STYLE_FILL_AREA(#9185);
#9185 = FILL_AREA_STYLE('',(#9186));
#9186 = FILL_AREA_STYLE_COLOUR('',#8600);
#9187 = CURVE_STYLE('',#9188,POSITIVE_LENGTH_MEASURE(0.1),#8600);
#9188 = DRAUGHTING_PRE_DEFINED_CURVE_FONT('continuous');
#9189 = STYLED_ITEM('color',(#9190),#2458);
#9190 = PRESENTATION_STYLE_ASSIGNMENT((#9191,#9196));
#9191 = SURFACE_STYLE_USAGE(.BOTH.,#9192);
#9192 = SURFACE_SIDE_STYLE('',(#9193));
#9193 = SURFACE_STYLE_FILL_AREA(#9194);
#9194 = FILL_AREA_STYLE('',(#9195));
#9195 = FILL_AREA_STYLE_COLOUR('',#8600);
#9196 = CURVE_STYLE('',#9197,POSITIVE_LENGTH_MEASURE(0.1),#8600);
#9197 = DRAUGHTING_PRE_DEFINED_CURVE_FONT('continuous');
#9198 = STYLED_ITEM('color',(#9199),#2543);
#9199 = PRESENTATION_STYLE_ASSIGNMENT((#9200,#9205));
#9200 = SURFACE_STYLE_USAGE(.BOTH.,#9201);
#9201 = SURFACE_SIDE_STYLE('',(#9202));
#9202 = SURFACE_STYLE_FILL_AREA(#9203);
#9203 = FILL_AREA_STYLE('',(#9204));
#9204 = FILL_AREA_STYLE_COLOUR('',#8799);
#9205 = CURVE_STYLE('',#9206,POSITIVE_LENGTH_MEASURE(0.1),#8799);
#9206 = DRAUGHTING_PRE_DEFINED_CURVE_FONT('continuous');
#9207 = STYLED_ITEM('color',(#9208),#2568);
#9208 = PRESENTATION_STYLE_ASSIGNMENT((#9209,#9214));
#9209 = SURFACE_STYLE_USAGE(.BOTH.,#9210);
#9210 = SURFACE_SIDE_STYLE('',(#9211));
#9211 = SURFACE_STYLE_FILL_AREA(#9212);
#9212 = FILL_AREA_STYLE('',(#9213));
#9213 = FILL_AREA_STYLE_COLOUR('',#8799);
#9214 = CURVE_STYLE('',#9215,POSITIVE_LENGTH_MEASURE(0.1),#8799);
#9215 = DRAUGHTING_PRE_DEFINED_CURVE_FONT('continuous');
#9216 = STYLED_ITEM('color',(#9217),#2592);
#9217 = PRESENTATION_STYLE_ASSIGNMENT((#9218,#9223));
#9218 = SURFACE_STYLE_USAGE(.BOTH.,#9219);
#9219 = SURFACE_SIDE_STYLE('',(#9220));
#9220 = SURFACE_STYLE_FILL_AREA(#9221);
#9221 = FILL_AREA_STYLE('',(#9222));
#9222 = FILL_AREA_STYLE_COLOUR('',#8799);
#9223 = CURVE_STYLE('',#9224,POSITIVE_LENGTH_MEASURE(0.1),#8799);
#9224 = DRAUGHTING_PRE_DEFINED_CURVE_FONT('continuous');
#9225 = STYLED_ITEM('color',(#9226),#2610);
#9226 = PRESENTATION_STYLE_ASSIGNMENT((#9227,#9232));
#9227 = SURFACE_STYLE_USAGE(.BOTH.,#9228);
#9228 = SURFACE_SIDE_STYLE('',(#9229));
#9229 = SURFACE_STYLE_FILL_AREA(#9230);
#9230 = FILL_AREA_STYLE('',(#9231));
#9231 = FILL_AREA_STYLE_COLOUR('',#8799);
#9232 = CURVE_STYLE('',#9233,POSITIVE_LENGTH_MEASURE(0.1),#8799);
#9233 = DRAUGHTING_PRE_DEFINED_CURVE_FONT('continuous');
#9234 = STYLED_ITEM('color',(#9235),#2629);
#9235 = PRESENTATION_STYLE_ASSIGNMENT((#9236,#9241));
#9236 = SURFACE_STYLE_USAGE(.BOTH.,#9237);
#9237 = SURFACE_SIDE_STYLE('',(#9238));
#9238 = SURFACE_STYLE_FILL_AREA(#9239);
#9239 = FILL_AREA_STYLE('',(#9240));
#9240 = FILL_AREA_STYLE_COLOUR('',#8799);
#9241 = CURVE_STYLE('',#9242,POSITIVE_LENGTH_MEASURE(0.1),#8799);
#9242 = DRAUGHTING_PRE_DEFINED_CURVE_FONT('continuous');
#9243 = STYLED_ITEM('color',(#9244),#2646);
#9244 = PRESENTATION_STYLE_ASSIGNMENT((#9245,#9250));
#9245 = SURFACE_STYLE_USAGE(.BOTH.,#9246);
#9246 = SURFACE_SIDE_STYLE('',(#9247));
#9247 = SURFACE_STYLE_FILL_AREA(#9248);
#9248 = FILL_AREA_STYLE('',(#9249));
#9249 = FILL_AREA_STYLE_COLOUR('',#8799);
#9250 = CURVE_STYLE('',#9251,POSITIVE_LENGTH_MEASURE(0.1),#8799);
#9251 = DRAUGHTING_PRE_DEFINED_CURVE_FONT('continuous');
#9252 = STYLED_ITEM('color',(#9253),#2799);
#9253 = PRESENTATION_STYLE_ASSIGNMENT((#9254,#9259));
#9254 = SURFACE_STYLE_USAGE(.BOTH.,#9255);
#9255 = SURFACE_SIDE_STYLE('',(#9256));
#9256 = SURFACE_STYLE_FILL_AREA(#9257);
#9257 = FILL_AREA_STYLE('',(#9258));
#9258 = FILL_AREA_STYLE_COLOUR('',#8799);
#9259 = CURVE_STYLE('',#9260,POSITIVE_LENGTH_MEASURE(0.1),#8799);
#9260 = DRAUGHTING_PRE_DEFINED_CURVE_FONT('continuous');
#9261 = STYLED_ITEM('color',(#9262),#2811);
#9262 = PRESENTATION_STYLE_ASSIGNMENT((#9263,#9268));
#9263 = SURFACE_STYLE_USAGE(.BOTH.,#9264);
#9264 = SURFACE_SIDE_STYLE('',(#9265));
#9265 = SURFACE_STYLE_FILL_AREA(#9266);
#9266 = FILL_AREA_STYLE('',(#9267));
#9267 = FILL_AREA_STYLE_COLOUR('',#8799);
#9268 = CURVE_STYLE('',#9269,POSITIVE_LENGTH_MEASURE(0.1),#8799);
#9269 = DRAUGHTING_PRE_DEFINED_CURVE_FONT('continuous');
#9270 = STYLED_ITEM('color',(#9271),#2823);
#9271 = PRESENTATION_STYLE_ASSIGNMENT((#9272,#9277));
#9272 = SURFACE_STYLE_USAGE(.BOTH.,#9273);
#9273 = SURFACE_SIDE_STYLE('',(#9274));
#9274 = SURFACE_STYLE_FILL_AREA(#9275);
#9275 = FILL_AREA_STYLE('',(#9276));
#9276 = FILL_AREA_STYLE_COLOUR('',#8799);
#9277 = CURVE_STYLE('',#9278,POSITIVE_LENGTH_MEASURE(0.1),#8799);
#9278 = DRAUGHTING_PRE_DEFINED_CURVE_FONT('continuous');
#9279 = STYLED_ITEM('color',(#9280),#2840);
#9280 = PRESENTATION_STYLE_ASSIGNMENT((#9281,#9286));
#9281 = SURFACE_STYLE_USAGE(.BOTH.,#9282);
#9282 = SURFACE_SIDE_STYLE('',(#9283));
#9283 = SURFACE_STYLE_FILL_AREA(#9284);
#9284 = FILL_AREA_STYLE('',(#9285));
#9285 = FILL_AREA_STYLE_COLOUR('',#8799);
#9286 = CURVE_STYLE('',#9287,POSITIVE_LENGTH_MEASURE(0.1),#8799);
#9287 = DRAUGHTING_PRE_DEFINED_CURVE_FONT('continuous');
#9288 = STYLED_ITEM('color',(#9289),#2854);
#9289 = PRESENTATION_STYLE_ASSIGNMENT((#9290,#9295));
#9290 = SURFACE_STYLE_USAGE(.BOTH.,#9291);
#9291 = SURFACE_SIDE_STYLE('',(#9292));
#9292 = SURFACE_STYLE_FILL_AREA(#9293);
#9293 = FILL_AREA_STYLE('',(#9294));
#9294 = FILL_AREA_STYLE_COLOUR('',#8600);
#9295 = CURVE_STYLE('',#9296,POSITIVE_LENGTH_MEASURE(0.1),#8600);
#9296 = DRAUGHTING_PRE_DEFINED_CURVE_FONT('continuous');
#9297 = STYLED_ITEM('color',(#9298),#2871);
#9298 = PRESENTATION_STYLE_ASSIGNMENT((#9299,#9304));
#9299 = SURFACE_STYLE_USAGE(.BOTH.,#9300);
#9300 = SURFACE_SIDE_STYLE('',(#9301));
#9301 = SURFACE_STYLE_FILL_AREA(#9302);
#9302 = FILL_AREA_STYLE('',(#9303));
#9303 = FILL_AREA_STYLE_COLOUR('',#8600);
#9304 = CURVE_STYLE('',#9305,POSITIVE_LENGTH_MEASURE(0.1),#8600);
#9305 = DRAUGHTING_PRE_DEFINED_CURVE_FONT('continuous');
#9306 = STYLED_ITEM('color',(#9307),#2893);
#9307 = PRESENTATION_STYLE_ASSIGNMENT((#9308,#9313));
#9308 = SURFACE_STYLE_USAGE(.BOTH.,#9309);
#9309 = SURFACE_SIDE_STYLE('',(#9310));
#9310 = SURFACE_STYLE_FILL_AREA(#9311);
#9311 = FILL_AREA_STYLE('',(#9312));
#9312 = FILL_AREA_STYLE_COLOUR('',#8600);
#9313 = CURVE_STYLE('',#9314,POSITIVE_LENGTH_MEASURE(0.1),#8600);
#9314 = DRAUGHTING_PRE_DEFINED_CURVE_FONT('continuous');
#9315 = STYLED_ITEM('color',(#9316),#2910);
#9316 = PRESENTATION_STYLE_ASSIGNMENT((#9317,#9322));
#9317 = SURFACE_STYLE_USAGE(.BOTH.,#9318);
#9318 = SURFACE_SIDE_STYLE('',(#9319));
#9319 = SURFACE_STYLE_FILL_AREA(#9320);
#9320 = FILL_AREA_STYLE('',(#9321));
#9321 = FILL_AREA_STYLE_COLOUR('',#8600);
#9322 = CURVE_STYLE('',#9323,POSITIVE_LENGTH_MEASURE(0.1),#8600);
#9323 = DRAUGHTING_PRE_DEFINED_CURVE_FONT('continuous');
#9324 = STYLED_ITEM('color',(#9325),#2927);
#9325 = PRESENTATION_STYLE_ASSIGNMENT((#9326,#9331));
#9326 = SURFACE_STYLE_USAGE(.BOTH.,#9327);
#9327 = SURFACE_SIDE_STYLE('',(#9328));
#9328 = SURFACE_STYLE_FILL_AREA(#9329);
#9329 = FILL_AREA_STYLE('',(#9330));
#9330 = FILL_AREA_STYLE_COLOUR('',#8600);
#9331 = CURVE_STYLE('',#9332,POSITIVE_LENGTH_MEASURE(0.1),#8600);
#9332 = DRAUGHTING_PRE_DEFINED_CURVE_FONT('continuous');
#9333 = STYLED_ITEM('color',(#9334),#2944);
#9334 = PRESENTATION_STYLE_ASSIGNMENT((#9335,#9340));
#9335 = SURFACE_STYLE_USAGE(.BOTH.,#9336);
#9336 = SURFACE_SIDE_STYLE('',(#9337));
#9337 = SURFACE_STYLE_FILL_AREA(#9338);
#9338 = FILL_AREA_STYLE('',(#9339));
#9339 = FILL_AREA_STYLE_COLOUR('',#8600);
#9340 = CURVE_STYLE('',#9341,POSITIVE_LENGTH_MEASURE(0.1),#8600);
#9341 = DRAUGHTING_PRE_DEFINED_CURVE_FONT('continuous');
#9342 = STYLED_ITEM('color',(#9343),#2956);
#9343 = PRESENTATION_STYLE_ASSIGNMENT((#9344,#9349));
#9344 = SURFACE_STYLE_USAGE(.BOTH.,#9345);
#9345 = SURFACE_SIDE_STYLE('',(#9346));
#9346 = SURFACE_STYLE_FILL_AREA(#9347);
#9347 = FILL_AREA_STYLE('',(#9348));
#9348 = FILL_AREA_STYLE_COLOUR('',#8600);
#9349 = CURVE_STYLE('',#9350,POSITIVE_LENGTH_MEASURE(0.1),#8600);
#9350 = DRAUGHTING_PRE_DEFINED_CURVE_FONT('continuous');
#9351 = STYLED_ITEM('color',(#9352),#2973);
#9352 = PRESENTATION_STYLE_ASSIGNMENT((#9353,#9358));
#9353 = SURFACE_STYLE_USAGE(.BOTH.,#9354);
#9354 = SURFACE_SIDE_STYLE('',(#9355));
#9355 = SURFACE_STYLE_FILL_AREA(#9356);
#9356 = FILL_AREA_STYLE('',(#9357));
#9357 = FILL_AREA_STYLE_COLOUR('',#8600);
#9358 = CURVE_STYLE('',#9359,POSITIVE_LENGTH_MEASURE(0.1),#8600);
#9359 = DRAUGHTING_PRE_DEFINED_CURVE_FONT('continuous');
#9360 = STYLED_ITEM('color',(#9361),#2990);
#9361 = PRESENTATION_STYLE_ASSIGNMENT((#9362,#9367));
#9362 = SURFACE_STYLE_USAGE(.BOTH.,#9363);
#9363 = SURFACE_SIDE_STYLE('',(#9364));
#9364 = SURFACE_STYLE_FILL_AREA(#9365);
#9365 = FILL_AREA_STYLE('',(#9366));
#9366 = FILL_AREA_STYLE_COLOUR('',#8600);
#9367 = CURVE_STYLE('',#9368,POSITIVE_LENGTH_MEASURE(0.1),#8600);
#9368 = DRAUGHTING_PRE_DEFINED_CURVE_FONT('continuous');
#9369 = STYLED_ITEM('color',(#9370),#3002);
#9370 = PRESENTATION_STYLE_ASSIGNMENT((#9371,#9376));
#9371 = SURFACE_STYLE_USAGE(.BOTH.,#9372);
#9372 = SURFACE_SIDE_STYLE('',(#9373));
#9373 = SURFACE_STYLE_FILL_AREA(#9374);
#9374 = FILL_AREA_STYLE('',(#9375));
#9375 = FILL_AREA_STYLE_COLOUR('',#8799);
#9376 = CURVE_STYLE('',#9377,POSITIVE_LENGTH_MEASURE(0.1),#8799);
#9377 = DRAUGHTING_PRE_DEFINED_CURVE_FONT('continuous');
#9378 = STYLED_ITEM('color',(#9379),#3014);
#9379 = PRESENTATION_STYLE_ASSIGNMENT((#9380,#9385));
#9380 = SURFACE_STYLE_USAGE(.BOTH.,#9381);
#9381 = SURFACE_SIDE_STYLE('',(#9382));
#9382 = SURFACE_STYLE_FILL_AREA(#9383);
#9383 = FILL_AREA_STYLE('',(#9384));
#9384 = FILL_AREA_STYLE_COLOUR('',#8799);
#9385 = CURVE_STYLE('',#9386,POSITIVE_LENGTH_MEASURE(0.1),#8799);
#9386 = DRAUGHTING_PRE_DEFINED_CURVE_FONT('continuous');
#9387 = STYLED_ITEM('color',(#9388),#3031);
#9388 = PRESENTATION_STYLE_ASSIGNMENT((#9389,#9394));
#9389 = SURFACE_STYLE_USAGE(.BOTH.,#9390);
#9390 = SURFACE_SIDE_STYLE('',(#9391));
#9391 = SURFACE_STYLE_FILL_AREA(#9392);
#9392 = FILL_AREA_STYLE('',(#9393));
#9393 = FILL_AREA_STYLE_COLOUR('',#8799);
#9394 = CURVE_STYLE('',#9395,POSITIVE_LENGTH_MEASURE(0.1),#8799);
#9395 = DRAUGHTING_PRE_DEFINED_CURVE_FONT('continuous');
#9396 = STYLED_ITEM('color',(#9397),#3045);
#9397 = PRESENTATION_STYLE_ASSIGNMENT((#9398,#9403));
#9398 = SURFACE_STYLE_USAGE(.BOTH.,#9399);
#9399 = SURFACE_SIDE_STYLE('',(#9400));
#9400 = SURFACE_STYLE_FILL_AREA(#9401);
#9401 = FILL_AREA_STYLE('',(#9402));
#9402 = FILL_AREA_STYLE_COLOUR('',#8799);
#9403 = CURVE_STYLE('',#9404,POSITIVE_LENGTH_MEASURE(0.1),#8799);
#9404 = DRAUGHTING_PRE_DEFINED_CURVE_FONT('continuous');
#9405 = STYLED_ITEM('color',(#9406),#3057);
#9406 = PRESENTATION_STYLE_ASSIGNMENT((#9407,#9412));
#9407 = SURFACE_STYLE_USAGE(.BOTH.,#9408);
#9408 = SURFACE_SIDE_STYLE('',(#9409));
#9409 = SURFACE_STYLE_FILL_AREA(#9410);
#9410 = FILL_AREA_STYLE('',(#9411));
#9411 = FILL_AREA_STYLE_COLOUR('',#8600);
#9412 = CURVE_STYLE('',#9413,POSITIVE_LENGTH_MEASURE(0.1),#8600);
#9413 = DRAUGHTING_PRE_DEFINED_CURVE_FONT('continuous');
#9414 = STYLED_ITEM('color',(#9415),#3074);
#9415 = PRESENTATION_STYLE_ASSIGNMENT((#9416,#9421));
#9416 = SURFACE_STYLE_USAGE(.BOTH.,#9417);
#9417 = SURFACE_SIDE_STYLE('',(#9418));
#9418 = SURFACE_STYLE_FILL_AREA(#9419);
#9419 = FILL_AREA_STYLE('',(#9420));
#9420 = FILL_AREA_STYLE_COLOUR('',#8600);
#9421 = CURVE_STYLE('',#9422,POSITIVE_LENGTH_MEASURE(0.1),#8600);
#9422 = DRAUGHTING_PRE_DEFINED_CURVE_FONT('continuous');
#9423 = STYLED_ITEM('color',(#9424),#3096);
#9424 = PRESENTATION_STYLE_ASSIGNMENT((#9425,#9430));
#9425 = SURFACE_STYLE_USAGE(.BOTH.,#9426);
#9426 = SURFACE_SIDE_STYLE('',(#9427));
#9427 = SURFACE_STYLE_FILL_AREA(#9428);
#9428 = FILL_AREA_STYLE('',(#9429));
#9429 = FILL_AREA_STYLE_COLOUR('',#8600);
#9430 = CURVE_STYLE('',#9431,POSITIVE_LENGTH_MEASURE(0.1),#8600);
#9431 = DRAUGHTING_PRE_DEFINED_CURVE_FONT('continuous');
#9432 = STYLED_ITEM('color',(#9433),#3113);
#9433 = PRESENTATION_STYLE_ASSIGNMENT((#9434,#9439));
#9434 = SURFACE_STYLE_USAGE(.BOTH.,#9435);
#9435 = SURFACE_SIDE_STYLE('',(#9436));
#9436 = SURFACE_STYLE_FILL_AREA(#9437);
#9437 = FILL_AREA_STYLE('',(#9438));
#9438 = FILL_AREA_STYLE_COLOUR('',#8600);
#9439 = CURVE_STYLE('',#9440,POSITIVE_LENGTH_MEASURE(0.1),#8600);
#9440 = DRAUGHTING_PRE_DEFINED_CURVE_FONT('continuous');
#9441 = STYLED_ITEM('color',(#9442),#3130);
#9442 = PRESENTATION_STYLE_ASSIGNMENT((#9443,#9448));
#9443 = SURFACE_STYLE_USAGE(.BOTH.,#9444);
#9444 = SURFACE_SIDE_STYLE('',(#9445));
#9445 = SURFACE_STYLE_FILL_AREA(#9446);
#9446 = FILL_AREA_STYLE('',(#9447));
#9447 = FILL_AREA_STYLE_COLOUR('',#8600);
#9448 = CURVE_STYLE('',#9449,POSITIVE_LENGTH_MEASURE(0.1),#8600);
#9449 = DRAUGHTING_PRE_DEFINED_CURVE_FONT('continuous');
#9450 = STYLED_ITEM('color',(#9451),#3147);
#9451 = PRESENTATION_STYLE_ASSIGNMENT((#9452,#9457));
#9452 = SURFACE_STYLE_USAGE(.BOTH.,#9453);
#9453 = SURFACE_SIDE_STYLE('',(#9454));
#9454 = SURFACE_STYLE_FILL_AREA(#9455);
#9455 = FILL_AREA_STYLE('',(#9456));
#9456 = FILL_AREA_STYLE_COLOUR('',#8600);
#9457 = CURVE_STYLE('',#9458,POSITIVE_LENGTH_MEASURE(0.1),#8600);
#9458 = DRAUGHTING_PRE_DEFINED_CURVE_FONT('continuous');
#9459 = STYLED_ITEM('color',(#9460),#3159);
#9460 = PRESENTATION_STYLE_ASSIGNMENT((#9461,#9466));
#9461 = SURFACE_STYLE_USAGE(.BOTH.,#9462);
#9462 = SURFACE_SIDE_STYLE('',(#9463));
#9463 = SURFACE_STYLE_FILL_AREA(#9464);
#9464 = FILL_AREA_STYLE('',(#9465));
#9465 = FILL_AREA_STYLE_COLOUR('',#8600);
#9466 = CURVE_STYLE('',#9467,POSITIVE_LENGTH_MEASURE(0.1),#8600);
#9467 = DRAUGHTING_PRE_DEFINED_CURVE_FONT('continuous');
#9468 = STYLED_ITEM('color',(#9469),#3176);
#9469 = PRESENTATION_STYLE_ASSIGNMENT((#9470,#9475));
#9470 = SURFACE_STYLE_USAGE(.BOTH.,#9471);
#9471 = SURFACE_SIDE_STYLE('',(#9472));
#9472 = SURFACE_STYLE_FILL_AREA(#9473);
#9473 = FILL_AREA_STYLE('',(#9474));
#9474 = FILL_AREA_STYLE_COLOUR('',#8600);
#9475 = CURVE_STYLE('',#9476,POSITIVE_LENGTH_MEASURE(0.1),#8600);
#9476 = DRAUGHTING_PRE_DEFINED_CURVE_FONT('continuous');
#9477 = STYLED_ITEM('color',(#9478),#3193);
#9478 = PRESENTATION_STYLE_ASSIGNMENT((#9479,#9484));
#9479 = SURFACE_STYLE_USAGE(.BOTH.,#9480);
#9480 = SURFACE_SIDE_STYLE('',(#9481));
#9481 = SURFACE_STYLE_FILL_AREA(#9482);
#9482 = FILL_AREA_STYLE('',(#9483));
#9483 = FILL_AREA_STYLE_COLOUR('',#8600);
#9484 = CURVE_STYLE('',#9485,POSITIVE_LENGTH_MEASURE(0.1),#8600);
#9485 = DRAUGHTING_PRE_DEFINED_CURVE_FONT('continuous');
#9486 = STYLED_ITEM('color',(#9487),#3205);
#9487 = PRESENTATION_STYLE_ASSIGNMENT((#9488,#9493));
#9488 = SURFACE_STYLE_USAGE(.BOTH.,#9489);
#9489 = SURFACE_SIDE_STYLE('',(#9490));
#9490 = SURFACE_STYLE_FILL_AREA(#9491);
#9491 = FILL_AREA_STYLE('',(#9492));
#9492 = FILL_AREA_STYLE_COLOUR('',#8799);
#9493 = CURVE_STYLE('',#9494,POSITIVE_LENGTH_MEASURE(0.1),#8799);
#9494 = DRAUGHTING_PRE_DEFINED_CURVE_FONT('continuous');
#9495 = STYLED_ITEM('color',(#9496),#3217);
#9496 = PRESENTATION_STYLE_ASSIGNMENT((#9497,#9502));
#9497 = SURFACE_STYLE_USAGE(.BOTH.,#9498);
#9498 = SURFACE_SIDE_STYLE('',(#9499));
#9499 = SURFACE_STYLE_FILL_AREA(#9500);
#9500 = FILL_AREA_STYLE('',(#9501));
#9501 = FILL_AREA_STYLE_COLOUR('',#8799);
#9502 = CURVE_STYLE('',#9503,POSITIVE_LENGTH_MEASURE(0.1),#8799);
#9503 = DRAUGHTING_PRE_DEFINED_CURVE_FONT('continuous');
#9504 = STYLED_ITEM('color',(#9505),#3234);
#9505 = PRESENTATION_STYLE_ASSIGNMENT((#9506,#9511));
#9506 = SURFACE_STYLE_USAGE(.BOTH.,#9507);
#9507 = SURFACE_SIDE_STYLE('',(#9508));
#9508 = SURFACE_STYLE_FILL_AREA(#9509);
#9509 = FILL_AREA_STYLE('',(#9510));
#9510 = FILL_AREA_STYLE_COLOUR('',#8799);
#9511 = CURVE_STYLE('',#9512,POSITIVE_LENGTH_MEASURE(0.1),#8799);
#9512 = DRAUGHTING_PRE_DEFINED_CURVE_FONT('continuous');
#9513 = STYLED_ITEM('color',(#9514),#3248);
#9514 = PRESENTATION_STYLE_ASSIGNMENT((#9515,#9520));
#9515 = SURFACE_STYLE_USAGE(.BOTH.,#9516);
#9516 = SURFACE_SIDE_STYLE('',(#9517));
#9517 = SURFACE_STYLE_FILL_AREA(#9518);
#9518 = FILL_AREA_STYLE('',(#9519));
#9519 = FILL_AREA_STYLE_COLOUR('',#8799);
#9520 = CURVE_STYLE('',#9521,POSITIVE_LENGTH_MEASURE(0.1),#8799);
#9521 = DRAUGHTING_PRE_DEFINED_CURVE_FONT('continuous');
#9522 = STYLED_ITEM('color',(#9523),#3260);
#9523 = PRESENTATION_STYLE_ASSIGNMENT((#9524,#9529));
#9524 = SURFACE_STYLE_USAGE(.BOTH.,#9525);
#9525 = SURFACE_SIDE_STYLE('',(#9526));
#9526 = SURFACE_STYLE_FILL_AREA(#9527);
#9527 = FILL_AREA_STYLE('',(#9528));
#9528 = FILL_AREA_STYLE_COLOUR('',#8600);
#9529 = CURVE_STYLE('',#9530,POSITIVE_LENGTH_MEASURE(0.1),#8600);
#9530 = DRAUGHTING_PRE_DEFINED_CURVE_FONT('continuous');
#9531 = STYLED_ITEM('color',(#9532),#3277);
#9532 = PRESENTATION_STYLE_ASSIGNMENT((#9533,#9538));
#9533 = SURFACE_STYLE_USAGE(.BOTH.,#9534);
#9534 = SURFACE_SIDE_STYLE('',(#9535));
#9535 = SURFACE_STYLE_FILL_AREA(#9536);
#9536 = FILL_AREA_STYLE('',(#9537));
#9537 = FILL_AREA_STYLE_COLOUR('',#8600);
#9538 = CURVE_STYLE('',#9539,POSITIVE_LENGTH_MEASURE(0.1),#8600);
#9539 = DRAUGHTING_PRE_DEFINED_CURVE_FONT('continuous');
#9540 = STYLED_ITEM('color',(#9541),#3299);
#9541 = PRESENTATION_STYLE_ASSIGNMENT((#9542,#9547));
#9542 = SURFACE_STYLE_USAGE(.BOTH.,#9543);
#9543 = SURFACE_SIDE_STYLE('',(#9544));
#9544 = SURFACE_STYLE_FILL_AREA(#9545);
#9545 = FILL_AREA_STYLE('',(#9546));
#9546 = FILL_AREA_STYLE_COLOUR('',#8600);
#9547 = CURVE_STYLE('',#9548,POSITIVE_LENGTH_MEASURE(0.1),#8600);
#9548 = DRAUGHTING_PRE_DEFINED_CURVE_FONT('continuous');
#9549 = STYLED_ITEM('color',(#9550),#3316);
#9550 = PRESENTATION_STYLE_ASSIGNMENT((#9551,#9556));
#9551 = SURFACE_STYLE_USAGE(.BOTH.,#9552);
#9552 = SURFACE_SIDE_STYLE('',(#9553));
#9553 = SURFACE_STYLE_FILL_AREA(#9554);
#9554 = FILL_AREA_STYLE('',(#9555));
#9555 = FILL_AREA_STYLE_COLOUR('',#8600);
#9556 = CURVE_STYLE('',#9557,POSITIVE_LENGTH_MEASURE(0.1),#8600);
#9557 = DRAUGHTING_PRE_DEFINED_CURVE_FONT('continuous');
#9558 = STYLED_ITEM('color',(#9559),#3333);
#9559 = PRESENTATION_STYLE_ASSIGNMENT((#9560,#9565));
#9560 = SURFACE_STYLE_USAGE(.BOTH.,#9561);
#9561 = SURFACE_SIDE_STYLE('',(#9562));
#9562 = SURFACE_STYLE_FILL_AREA(#9563);
#9563 = FILL_AREA_STYLE('',(#9564));
#9564 = FILL_AREA_STYLE_COLOUR('',#8600);
#9565 = CURVE_STYLE('',#9566,POSITIVE_LENGTH_MEASURE(0.1),#8600);
#9566 = DRAUGHTING_PRE_DEFINED_CURVE_FONT('continuous');
#9567 = STYLED_ITEM('color',(#9568),#3345);
#9568 = PRESENTATION_STYLE_ASSIGNMENT((#9569,#9574));
#9569 = SURFACE_STYLE_USAGE(.BOTH.,#9570);
#9570 = SURFACE_SIDE_STYLE('',(#9571));
#9571 = SURFACE_STYLE_FILL_AREA(#9572);
#9572 = FILL_AREA_STYLE('',(#9573));
#9573 = FILL_AREA_STYLE_COLOUR('',#8600);
#9574 = CURVE_STYLE('',#9575,POSITIVE_LENGTH_MEASURE(0.1),#8600);
#9575 = DRAUGHTING_PRE_DEFINED_CURVE_FONT('continuous');
#9576 = STYLED_ITEM('color',(#9577),#3362);
#9577 = PRESENTATION_STYLE_ASSIGNMENT((#9578,#9583));
#9578 = SURFACE_STYLE_USAGE(.BOTH.,#9579);
#9579 = SURFACE_SIDE_STYLE('',(#9580));
#9580 = SURFACE_STYLE_FILL_AREA(#9581);
#9581 = FILL_AREA_STYLE('',(#9582));
#9582 = FILL_AREA_STYLE_COLOUR('',#8600);
#9583 = CURVE_STYLE('',#9584,POSITIVE_LENGTH_MEASURE(0.1),#8600);
#9584 = DRAUGHTING_PRE_DEFINED_CURVE_FONT('continuous');
#9585 = STYLED_ITEM('color',(#9586),#3379);
#9586 = PRESENTATION_STYLE_ASSIGNMENT((#9587,#9592));
#9587 = SURFACE_STYLE_USAGE(.BOTH.,#9588);
#9588 = SURFACE_SIDE_STYLE('',(#9589));
#9589 = SURFACE_STYLE_FILL_AREA(#9590);
#9590 = FILL_AREA_STYLE('',(#9591));
#9591 = FILL_AREA_STYLE_COLOUR('',#8600);
#9592 = CURVE_STYLE('',#9593,POSITIVE_LENGTH_MEASURE(0.1),#8600);
#9593 = DRAUGHTING_PRE_DEFINED_CURVE_FONT('continuous');
#9594 = STYLED_ITEM('color',(#9595),#3396);
#9595 = PRESENTATION_STYLE_ASSIGNMENT((#9596,#9601));
#9596 = SURFACE_STYLE_USAGE(.BOTH.,#9597);
#9597 = SURFACE_SIDE_STYLE('',(#9598));
#9598 = SURFACE_STYLE_FILL_AREA(#9599);
#9599 = FILL_AREA_STYLE('',(#9600));
#9600 = FILL_AREA_STYLE_COLOUR('',#8600);
#9601 = CURVE_STYLE('',#9602,POSITIVE_LENGTH_MEASURE(0.1),#8600);
#9602 = DRAUGHTING_PRE_DEFINED_CURVE_FONT('continuous');
#9603 = STYLED_ITEM('color',(#9604),#3408);
#9604 = PRESENTATION_STYLE_ASSIGNMENT((#9605,#9610));
#9605 = SURFACE_STYLE_USAGE(.BOTH.,#9606);
#9606 = SURFACE_SIDE_STYLE('',(#9607));
#9607 = SURFACE_STYLE_FILL_AREA(#9608);
#9608 = FILL_AREA_STYLE('',(#9609));
#9609 = FILL_AREA_STYLE_COLOUR('',#8799);
#9610 = CURVE_STYLE('',#9611,POSITIVE_LENGTH_MEASURE(0.1),#8799);
#9611 = DRAUGHTING_PRE_DEFINED_CURVE_FONT('continuous');
#9612 = STYLED_ITEM('color',(#9613),#3420);
#9613 = PRESENTATION_STYLE_ASSIGNMENT((#9614,#9619));
#9614 = SURFACE_STYLE_USAGE(.BOTH.,#9615);
#9615 = SURFACE_SIDE_STYLE('',(#9616));
#9616 = SURFACE_STYLE_FILL_AREA(#9617);
#9617 = FILL_AREA_STYLE('',(#9618));
#9618 = FILL_AREA_STYLE_COLOUR('',#8799);
#9619 = CURVE_STYLE('',#9620,POSITIVE_LENGTH_MEASURE(0.1),#8799);
#9620 = DRAUGHTING_PRE_DEFINED_CURVE_FONT('continuous');
#9621 = STYLED_ITEM('color',(#9622),#3432);
#9622 = PRESENTATION_STYLE_ASSIGNMENT((#9623,#9628));
#9623 = SURFACE_STYLE_USAGE(.BOTH.,#9624);
#9624 = SURFACE_SIDE_STYLE('',(#9625));
#9625 = SURFACE_STYLE_FILL_AREA(#9626);
#9626 = FILL_AREA_STYLE('',(#9627));
#9627 = FILL_AREA_STYLE_COLOUR('',#8600);
#9628 = CURVE_STYLE('',#9629,POSITIVE_LENGTH_MEASURE(0.1),#8600);
#9629 = DRAUGHTING_PRE_DEFINED_CURVE_FONT('continuous');
#9630 = STYLED_ITEM('color',(#9631),#3449);
#9631 = PRESENTATION_STYLE_ASSIGNMENT((#9632,#9637));
#9632 = SURFACE_STYLE_USAGE(.BOTH.,#9633);
#9633 = SURFACE_SIDE_STYLE('',(#9634));
#9634 = SURFACE_STYLE_FILL_AREA(#9635);
#9635 = FILL_AREA_STYLE('',(#9636));
#9636 = FILL_AREA_STYLE_COLOUR('',#8600);
#9637 = CURVE_STYLE('',#9638,POSITIVE_LENGTH_MEASURE(0.1),#8600);
#9638 = DRAUGHTING_PRE_DEFINED_CURVE_FONT('continuous');
#9639 = STYLED_ITEM('color',(#9640),#3471);
#9640 = PRESENTATION_STYLE_ASSIGNMENT((#9641,#9646));
#9641 = SURFACE_STYLE_USAGE(.BOTH.,#9642);
#9642 = SURFACE_SIDE_STYLE('',(#9643));
#9643 = SURFACE_STYLE_FILL_AREA(#9644);
#9644 = FILL_AREA_STYLE('',(#9645));
#9645 = FILL_AREA_STYLE_COLOUR('',#8600);
#9646 = CURVE_STYLE('',#9647,POSITIVE_LENGTH_MEASURE(0.1),#8600);
#9647 = DRAUGHTING_PRE_DEFINED_CURVE_FONT('continuous');
#9648 = STYLED_ITEM('color',(#9649),#3488);
#9649 = PRESENTATION_STYLE_ASSIGNMENT((#9650,#9655));
#9650 = SURFACE_STYLE_USAGE(.BOTH.,#9651);
#9651 = SURFACE_SIDE_STYLE('',(#9652));
#9652 = SURFACE_STYLE_FILL_AREA(#9653);
#9653 = FILL_AREA_STYLE('',(#9654));
#9654 = FILL_AREA_STYLE_COLOUR('',#8600);
#9655 = CURVE_STYLE('',#9656,POSITIVE_LENGTH_MEASURE(0.1),#8600);
#9656 = DRAUGHTING_PRE_DEFINED_CURVE_FONT('continuous');
#9657 = STYLED_ITEM('color',(#9658),#3505);
#9658 = PRESENTATION_STYLE_ASSIGNMENT((#9659,#9664));
#9659 = SURFACE_STYLE_USAGE(.BOTH.,#9660);
#9660 = SURFACE_SIDE_STYLE('',(#9661));
#9661 = SURFACE_STYLE_FILL_AREA(#9662);
#9662 = FILL_AREA_STYLE('',(#9663));
#9663 = FILL_AREA_STYLE_COLOUR('',#8600);
#9664 = CURVE_STYLE('',#9665,POSITIVE_LENGTH_MEASURE(0.1),#8600);
#9665 = DRAUGHTING_PRE_DEFINED_CURVE_FONT('continuous');
#9666 = STYLED_ITEM('color',(#9667),#3522);
#9667 = PRESENTATION_STYLE_ASSIGNMENT((#9668,#9673));
#9668 = SURFACE_STYLE_USAGE(.BOTH.,#9669);
#9669 = SURFACE_SIDE_STYLE('',(#9670));
#9670 = SURFACE_STYLE_FILL_AREA(#9671);
#9671 = FILL_AREA_STYLE('',(#9672));
#9672 = FILL_AREA_STYLE_COLOUR('',#8600);
#9673 = CURVE_STYLE('',#9674,POSITIVE_LENGTH_MEASURE(0.1),#8600);
#9674 = DRAUGHTING_PRE_DEFINED_CURVE_FONT('continuous');
#9675 = STYLED_ITEM('color',(#9676),#3534);
#9676 = PRESENTATION_STYLE_ASSIGNMENT((#9677,#9682));
#9677 = SURFACE_STYLE_USAGE(.BOTH.,#9678);
#9678 = SURFACE_SIDE_STYLE('',(#9679));
#9679 = SURFACE_STYLE_FILL_AREA(#9680);
#9680 = FILL_AREA_STYLE('',(#9681));
#9681 = FILL_AREA_STYLE_COLOUR('',#8600);
#9682 = CURVE_STYLE('',#9683,POSITIVE_LENGTH_MEASURE(0.1),#8600);
#9683 = DRAUGHTING_PRE_DEFINED_CURVE_FONT('continuous');
#9684 = STYLED_ITEM('color',(#9685),#3551);
#9685 = PRESENTATION_STYLE_ASSIGNMENT((#9686,#9691));
#9686 = SURFACE_STYLE_USAGE(.BOTH.,#9687);
#9687 = SURFACE_SIDE_STYLE('',(#9688));
#9688 = SURFACE_STYLE_FILL_AREA(#9689);
#9689 = FILL_AREA_STYLE('',(#9690));
#9690 = FILL_AREA_STYLE_COLOUR('',#8600);
#9691 = CURVE_STYLE('',#9692,POSITIVE_LENGTH_MEASURE(0.1),#8600);
#9692 = DRAUGHTING_PRE_DEFINED_CURVE_FONT('continuous');
#9693 = STYLED_ITEM('color',(#9694),#3568);
#9694 = PRESENTATION_STYLE_ASSIGNMENT((#9695,#9700));
#9695 = SURFACE_STYLE_USAGE(.BOTH.,#9696);
#9696 = SURFACE_SIDE_STYLE('',(#9697));
#9697 = SURFACE_STYLE_FILL_AREA(#9698);
#9698 = FILL_AREA_STYLE('',(#9699));
#9699 = FILL_AREA_STYLE_COLOUR('',#8600);
#9700 = CURVE_STYLE('',#9701,POSITIVE_LENGTH_MEASURE(0.1),#8600);
#9701 = DRAUGHTING_PRE_DEFINED_CURVE_FONT('continuous');
#9702 = STYLED_ITEM('color',(#9703),#3580);
#9703 = PRESENTATION_STYLE_ASSIGNMENT((#9704,#9709));
#9704 = SURFACE_STYLE_USAGE(.BOTH.,#9705);
#9705 = SURFACE_SIDE_STYLE('',(#9706));
#9706 = SURFACE_STYLE_FILL_AREA(#9707);
#9707 = FILL_AREA_STYLE('',(#9708));
#9708 = FILL_AREA_STYLE_COLOUR('',#8799);
#9709 = CURVE_STYLE('',#9710,POSITIVE_LENGTH_MEASURE(0.1),#8799);
#9710 = DRAUGHTING_PRE_DEFINED_CURVE_FONT('continuous');
#9711 = STYLED_ITEM('color',(#9712),#3629);
#9712 = PRESENTATION_STYLE_ASSIGNMENT((#9713,#9718));
#9713 = SURFACE_STYLE_USAGE(.BOTH.,#9714);
#9714 = SURFACE_SIDE_STYLE('',(#9715));
#9715 = SURFACE_STYLE_FILL_AREA(#9716);
#9716 = FILL_AREA_STYLE('',(#9717));
#9717 = FILL_AREA_STYLE_COLOUR('',#8799);
#9718 = CURVE_STYLE('',#9719,POSITIVE_LENGTH_MEASURE(0.1),#8799);
#9719 = DRAUGHTING_PRE_DEFINED_CURVE_FONT('continuous');
#9720 = STYLED_ITEM('color',(#9721),#3653);
#9721 = PRESENTATION_STYLE_ASSIGNMENT((#9722,#9727));
#9722 = SURFACE_STYLE_USAGE(.BOTH.,#9723);
#9723 = SURFACE_SIDE_STYLE('',(#9724));
#9724 = SURFACE_STYLE_FILL_AREA(#9725);
#9725 = FILL_AREA_STYLE('',(#9726));
#9726 = FILL_AREA_STYLE_COLOUR('',#8799);
#9727 = CURVE_STYLE('',#9728,POSITIVE_LENGTH_MEASURE(0.1),#8799);
#9728 = DRAUGHTING_PRE_DEFINED_CURVE_FONT('continuous');
#9729 = STYLED_ITEM('color',(#9730),#3695);
#9730 = PRESENTATION_STYLE_ASSIGNMENT((#9731,#9736));
#9731 = SURFACE_STYLE_USAGE(.BOTH.,#9732);
#9732 = SURFACE_SIDE_STYLE('',(#9733));
#9733 = SURFACE_STYLE_FILL_AREA(#9734);
#9734 = FILL_AREA_STYLE('',(#9735));
#9735 = FILL_AREA_STYLE_COLOUR('',#8799);
#9736 = CURVE_STYLE('',#9737,POSITIVE_LENGTH_MEASURE(0.1),#8799);
#9737 = DRAUGHTING_PRE_DEFINED_CURVE_FONT('continuous');
#9738 = STYLED_ITEM('color',(#9739),#3719);
#9739 = PRESENTATION_STYLE_ASSIGNMENT((#9740,#9745));
#9740 = SURFACE_STYLE_USAGE(.BOTH.,#9741);
#9741 = SURFACE_SIDE_STYLE('',(#9742));
#9742 = SURFACE_STYLE_FILL_AREA(#9743);
#9743 = FILL_AREA_STYLE('',(#9744));
#9744 = FILL_AREA_STYLE_COLOUR('',#8799);
#9745 = CURVE_STYLE('',#9746,POSITIVE_LENGTH_MEASURE(0.1),#8799);
#9746 = DRAUGHTING_PRE_DEFINED_CURVE_FONT('continuous');
#9747 = STYLED_ITEM('color',(#9748),#3761);
#9748 = PRESENTATION_STYLE_ASSIGNMENT((#9749,#9754));
#9749 = SURFACE_STYLE_USAGE(.BOTH.,#9750);
#9750 = SURFACE_SIDE_STYLE('',(#9751));
#9751 = SURFACE_STYLE_FILL_AREA(#9752);
#9752 = FILL_AREA_STYLE('',(#9753));
#9753 = FILL_AREA_STYLE_COLOUR('',#8799);
#9754 = CURVE_STYLE('',#9755,POSITIVE_LENGTH_MEASURE(0.1),#8799);
#9755 = DRAUGHTING_PRE_DEFINED_CURVE_FONT('continuous');
#9756 = STYLED_ITEM('color',(#9757),#3785);
#9757 = PRESENTATION_STYLE_ASSIGNMENT((#9758,#9763));
#9758 = SURFACE_STYLE_USAGE(.BOTH.,#9759);
#9759 = SURFACE_SIDE_STYLE('',(#9760));
#9760 = SURFACE_STYLE_FILL_AREA(#9761);
#9761 = FILL_AREA_STYLE('',(#9762));
#9762 = FILL_AREA_STYLE_COLOUR('',#8799);
#9763 = CURVE_STYLE('',#9764,POSITIVE_LENGTH_MEASURE(0.1),#8799);
#9764 = DRAUGHTING_PRE_DEFINED_CURVE_FONT('continuous');
#9765 = STYLED_ITEM('color',(#9766),#3827);
#9766 = PRESENTATION_STYLE_ASSIGNMENT((#9767,#9772));
#9767 = SURFACE_STYLE_USAGE(.BOTH.,#9768);
#9768 = SURFACE_SIDE_STYLE('',(#9769));
#9769 = SURFACE_STYLE_FILL_AREA(#9770);
#9770 = FILL_AREA_STYLE('',(#9771));
#9771 = FILL_AREA_STYLE_COLOUR('',#8799);
#9772 = CURVE_STYLE('',#9773,POSITIVE_LENGTH_MEASURE(0.1),#8799);
#9773 = DRAUGHTING_PRE_DEFINED_CURVE_FONT('continuous');
#9774 = STYLED_ITEM('color',(#9775),#3844);
#9775 = PRESENTATION_STYLE_ASSIGNMENT((#9776,#9781));
#9776 = SURFACE_STYLE_USAGE(.BOTH.,#9777);
#9777 = SURFACE_SIDE_STYLE('',(#9778));
#9778 = SURFACE_STYLE_FILL_AREA(#9779);
#9779 = FILL_AREA_STYLE('',(#9780));
#9780 = FILL_AREA_STYLE_COLOUR('',#8799);
#9781 = CURVE_STYLE('',#9782,POSITIVE_LENGTH_MEASURE(0.1),#8799);
#9782 = DRAUGHTING_PRE_DEFINED_CURVE_FONT('continuous');
#9783 = STYLED_ITEM('color',(#9784),#3879);
#9784 = PRESENTATION_STYLE_ASSIGNMENT((#9785,#9790));
#9785 = SURFACE_STYLE_USAGE(.BOTH.,#9786);
#9786 = SURFACE_SIDE_STYLE('',(#9787));
#9787 = SURFACE_STYLE_FILL_AREA(#9788);
#9788 = FILL_AREA_STYLE('',(#9789));
#9789 = FILL_AREA_STYLE_COLOUR('',#8799);
#9790 = CURVE_STYLE('',#9791,POSITIVE_LENGTH_MEASURE(0.1),#8799);
#9791 = DRAUGHTING_PRE_DEFINED_CURVE_FONT('continuous');
#9792 = STYLED_ITEM('color',(#9793),#3904);
#9793 = PRESENTATION_STYLE_ASSIGNMENT((#9794,#9799));
#9794 = SURFACE_STYLE_USAGE(.BOTH.,#9795);
#9795 = SURFACE_SIDE_STYLE('',(#9796));
#9796 = SURFACE_STYLE_FILL_AREA(#9797);
#9797 = FILL_AREA_STYLE('',(#9798));
#9798 = FILL_AREA_STYLE_COLOUR('',#8799);
#9799 = CURVE_STYLE('',#9800,POSITIVE_LENGTH_MEASURE(0.1),#8799);
#9800 = DRAUGHTING_PRE_DEFINED_CURVE_FONT('continuous');
#9801 = STYLED_ITEM('color',(#9802),#3931);
#9802 = PRESENTATION_STYLE_ASSIGNMENT((#9803,#9808));
#9803 = SURFACE_STYLE_USAGE(.BOTH.,#9804);
#9804 = SURFACE_SIDE_STYLE('',(#9805));
#9805 = SURFACE_STYLE_FILL_AREA(#9806);
#9806 = FILL_AREA_STYLE('',(#9807));
#9807 = FILL_AREA_STYLE_COLOUR('',#8799);
#9808 = CURVE_STYLE('',#9809,POSITIVE_LENGTH_MEASURE(0.1),#8799);
#9809 = DRAUGHTING_PRE_DEFINED_CURVE_FONT('continuous');
#9810 = STYLED_ITEM('color',(#9811),#3956);
#9811 = PRESENTATION_STYLE_ASSIGNMENT((#9812,#9817));
#9812 = SURFACE_STYLE_USAGE(.BOTH.,#9813);
#9813 = SURFACE_SIDE_STYLE('',(#9814));
#9814 = SURFACE_STYLE_FILL_AREA(#9815);
#9815 = FILL_AREA_STYLE('',(#9816));
#9816 = FILL_AREA_STYLE_COLOUR('',#8799);
#9817 = CURVE_STYLE('',#9818,POSITIVE_LENGTH_MEASURE(0.1),#8799);
#9818 = DRAUGHTING_PRE_DEFINED_CURVE_FONT('continuous');
#9819 = STYLED_ITEM('color',(#9820),#3983);
#9820 = PRESENTATION_STYLE_ASSIGNMENT((#9821,#9826));
#9821 = SURFACE_STYLE_USAGE(.BOTH.,#9822);
#9822 = SURFACE_SIDE_STYLE('',(#9823));
#9823 = SURFACE_STYLE_FILL_AREA(#9824);
#9824 = FILL_AREA_STYLE('',(#9825));
#9825 = FILL_AREA_STYLE_COLOUR('',#8799);
#9826 = CURVE_STYLE('',#9827,POSITIVE_LENGTH_MEASURE(0.1),#8799);
#9827 = DRAUGHTING_PRE_DEFINED_CURVE_FONT('continuous');
#9828 = STYLED_ITEM('color',(#9829),#4018);
#9829 = PRESENTATION_STYLE_ASSIGNMENT((#9830,#9835));
#9830 = SURFACE_STYLE_USAGE(.BOTH.,#9831);
#9831 = SURFACE_SIDE_STYLE('',(#9832));
#9832 = SURFACE_STYLE_FILL_AREA(#9833);
#9833 = FILL_AREA_STYLE('',(#9834));
#9834 = FILL_AREA_STYLE_COLOUR('',#8799);
#9835 = CURVE_STYLE('',#9836,POSITIVE_LENGTH_MEASURE(0.1),#8799);
#9836 = DRAUGHTING_PRE_DEFINED_CURVE_FONT('continuous');
#9837 = STYLED_ITEM('color',(#9838),#4035);
#9838 = PRESENTATION_STYLE_ASSIGNMENT((#9839,#9844));
#9839 = SURFACE_STYLE_USAGE(.BOTH.,#9840);
#9840 = SURFACE_SIDE_STYLE('',(#9841));
#9841 = SURFACE_STYLE_FILL_AREA(#9842);
#9842 = FILL_AREA_STYLE('',(#9843));
#9843 = FILL_AREA_STYLE_COLOUR('',#8799);
#9844 = CURVE_STYLE('',#9845,POSITIVE_LENGTH_MEASURE(0.1),#8799);
#9845 = DRAUGHTING_PRE_DEFINED_CURVE_FONT('continuous');
#9846 = STYLED_ITEM('color',(#9847),#4052);
#9847 = PRESENTATION_STYLE_ASSIGNMENT((#9848,#9853));
#9848 = SURFACE_STYLE_USAGE(.BOTH.,#9849);
#9849 = SURFACE_SIDE_STYLE('',(#9850));
#9850 = SURFACE_STYLE_FILL_AREA(#9851);
#9851 = FILL_AREA_STYLE('',(#9852));
#9852 = FILL_AREA_STYLE_COLOUR('',#8799);
#9853 = CURVE_STYLE('',#9854,POSITIVE_LENGTH_MEASURE(0.1),#8799);
#9854 = DRAUGHTING_PRE_DEFINED_CURVE_FONT('continuous');
#9855 = STYLED_ITEM('color',(#9856),#4079);
#9856 = PRESENTATION_STYLE_ASSIGNMENT((#9857,#9862));
#9857 = SURFACE_STYLE_USAGE(.BOTH.,#9858);
#9858 = SURFACE_SIDE_STYLE('',(#9859));
#9859 = SURFACE_STYLE_FILL_AREA(#9860);
#9860 = FILL_AREA_STYLE('',(#9861));
#9861 = FILL_AREA_STYLE_COLOUR('',#8799);
#9862 = CURVE_STYLE('',#9863,POSITIVE_LENGTH_MEASURE(0.1),#8799);
#9863 = DRAUGHTING_PRE_DEFINED_CURVE_FONT('continuous');
#9864 = STYLED_ITEM('color',(#9865),#4104);
#9865 = PRESENTATION_STYLE_ASSIGNMENT((#9866,#9871));
#9866 = SURFACE_STYLE_USAGE(.BOTH.,#9867);
#9867 = SURFACE_SIDE_STYLE('',(#9868));
#9868 = SURFACE_STYLE_FILL_AREA(#9869);
#9869 = FILL_AREA_STYLE('',(#9870));
#9870 = FILL_AREA_STYLE_COLOUR('',#8572);
#9871 = CURVE_STYLE('',#9872,POSITIVE_LENGTH_MEASURE(0.1),#8572);
#9872 = DRAUGHTING_PRE_DEFINED_CURVE_FONT('continuous');
#9873 = STYLED_ITEM('color',(#9874),#4124);
#9874 = PRESENTATION_STYLE_ASSIGNMENT((#9875,#9880));
#9875 = SURFACE_STYLE_USAGE(.BOTH.,#9876);
#9876 = SURFACE_SIDE_STYLE('',(#9877));
#9877 = SURFACE_STYLE_FILL_AREA(#9878);
#9878 = FILL_AREA_STYLE('',(#9879));
#9879 = FILL_AREA_STYLE_COLOUR('',#8799);
#9880 = CURVE_STYLE('',#9881,POSITIVE_LENGTH_MEASURE(0.1),#8799);
#9881 = DRAUGHTING_PRE_DEFINED_CURVE_FONT('continuous');
#9882 = STYLED_ITEM('color',(#9883),#4149);
#9883 = PRESENTATION_STYLE_ASSIGNMENT((#9884,#9889));
#9884 = SURFACE_STYLE_USAGE(.BOTH.,#9885);
#9885 = SURFACE_SIDE_STYLE('',(#9886));
#9886 = SURFACE_STYLE_FILL_AREA(#9887);
#9887 = FILL_AREA_STYLE('',(#9888));
#9888 = FILL_AREA_STYLE_COLOUR('',#8799);
#9889 = CURVE_STYLE('',#9890,POSITIVE_LENGTH_MEASURE(0.1),#8799);
#9890 = DRAUGHTING_PRE_DEFINED_CURVE_FONT('continuous');
#9891 = STYLED_ITEM('color',(#9892),#4175);
#9892 = PRESENTATION_STYLE_ASSIGNMENT((#9893,#9898));
#9893 = SURFACE_STYLE_USAGE(.BOTH.,#9894);
#9894 = SURFACE_SIDE_STYLE('',(#9895));
#9895 = SURFACE_STYLE_FILL_AREA(#9896);
#9896 = FILL_AREA_STYLE('',(#9897));
#9897 = FILL_AREA_STYLE_COLOUR('',#8799);
#9898 = CURVE_STYLE('',#9899,POSITIVE_LENGTH_MEASURE(0.1),#8799);
#9899 = DRAUGHTING_PRE_DEFINED_CURVE_FONT('continuous');
#9900 = MECHANICAL_DESIGN_GEOMETRIC_PRESENTATION_REPRESENTATION('',(
    #9901),#8553);
#9901 = STYLED_ITEM('color',(#9902),#4971);
#9902 = PRESENTATION_STYLE_ASSIGNMENT((#9903));
#9903 = SURFACE_STYLE_USAGE(.BOTH.,#9904);
#9904 = SURFACE_SIDE_STYLE('',(#9905));
#9905 = SURFACE_STYLE_FILL_AREA(#9906);
#9906 = FILL_AREA_STYLE('',(#9907));
#9907 = FILL_AREA_STYLE_COLOUR('',#9908);
#9908 = COLOUR_RGB('',0.204454873135,0.204454873135,0.204454873135);
ENDSEC;
END-ISO-10303-21;
